2026-08-22T00:35:48+0530 INFO container_scanner Starting discovery on C:\Users\Acer\AppData\Local\Temp\pytest-of-Acer\pytest-3\test_discovery_manager_generat0\rootfs
2026-08-22T00:35:48+0530 INFO container_scanner Discovery complete; found 1 packages
2026-08-22T00:36:06+0530 INFO container_scanner Starting discovery on C:\Users\Acer\AppData\Local\Temp\pytest-of-Acer\pytest-4\test_discovery_manager_generat0\rootfs
2026-08-22T00:36:06+0530 INFO container_scanner Discovery complete; found 1 packages
2026-08-22T00:36:19+0530 WARNING container_scanner Skipping corrupted npm lockfile C:\Users\Acer\AppData\Local\Temp\pytest-of-Acer\pytest-5\test_parse_corrupted_npm_lockf0\package-lock.json: Expecting property name enclosed in double quotes: line 1 column 2 (char 1)
2026-08-22T00:36:19+0530 INFO container_scanner Starting discovery on C:\Users\Acer\AppData\Local\Temp\pytest-of-Acer\pytest-5\test_discovery_manager_generat0\rootfs
2026-08-22T00:36:19+0530 INFO container_scanner Discovery complete; found 1 packages
2026-08-22T00:36:47+0530 INFO container_scanner Starting registry ingestion for nginx:latest
2026-08-22T00:36:48+0530 ERROR container_scanner Registry token request failed for library/nginx: 404 Client Error: Not Found for url: https://registry-1.docker.io/v2/token?service=registry.docker.io&scope=repository%3Alibrary%2Fnginx%3Apull
Traceback (most recent call last):
  File "C:\BHAVYA\Acer I5\IT PERSONAL\NFSU (CSE)\Projects\container-vulnerability-scanner\src\ingestion\registry_client.py", line 77, in _get_auth_token
    response.raise_for_status()
  File "C:\BHAVYA\Acer I5\IT PERSONAL\NFSU (CSE)\Projects\container-vulnerability-scanner\venv\Lib\site-packages\requests\models.py", line 1167, in raise_for_status
    raise HTTPError(http_error_msg, response=self)
requests.exceptions.HTTPError: 404 Client Error: Not Found for url: https://registry-1.docker.io/v2/token?service=registry.docker.io&scope=repository%3Alibrary%2Fnginx%3Apull
2026-08-22T00:36:48+0530 ERROR container_scanner Scan failed: Registry token request failed
2026-08-22T00:36:48+0530 DEBUG container_scanner Removed temporary scanner directory C:\Users\Acer\AppData\Local\Temp\scanner_fs_goyggltt
2026-08-22T00:42:51+0530 INFO container_scanner Starting registry ingestion for nginx:latest
2026-08-22T00:42:53+0530 INFO container_scanner Parsed manifest for library/nginx:latest; found 7 layers
2026-08-22T00:42:53+0530 INFO container_scanner Downloading layer sha256:26c307b5...
2026-08-22T00:42:54+0530 INFO container_scanner Extracting 26c307b5e35a59ce911f5fde5b9458120ec8734e831ea2da5649a9ad14abfd3d.tar.gz
2026-08-22T00:42:55+0530 ERROR container_scanner Layer extraction failed for C:\Users\Acer\AppData\Local\Temp\scanner_fs_zny3_vwj\downloads\26c307b5e35a59ce911f5fde5b9458120ec8734e831ea2da5649a9ad14abfd3d.tar.gz: 'etc/alternatives/awk' is a link to an absolute path
Traceback (most recent call last):
  File "C:\BHAVYA\Acer I5\IT PERSONAL\NFSU (CSE)\Projects\container-vulnerability-scanner\src\ingestion\extractor.py", line 32, in extract_layer
    tar.extract(member, path=self.target_dir, filter="data")
  File "C:\Users\Acer\AppData\Local\Programs\Python\Python312\Lib\tarfile.py", line 2333, in extract
    tarinfo = self._get_extract_tarinfo(member, filter_function, path)
              ^^^^^^^^^^^^^^^^^^^^^^^^^^^^^^^^^^^^^^^^^^^^^^^^^^^^^^^^
  File "C:\Users\Acer\AppData\Local\Programs\Python\Python312\Lib\tarfile.py", line 2348, in _get_extract_tarinfo
    self._handle_fatal_error(e)
  File "C:\Users\Acer\AppData\Local\Programs\Python\Python312\Lib\tarfile.py", line 2346, in _get_extract_tarinfo
    tarinfo = filter_function(tarinfo, path)
              ^^^^^^^^^^^^^^^^^^^^^^^^^^^^^^
  File "C:\Users\Acer\AppData\Local\Programs\Python\Python312\Lib\tarfile.py", line 828, in data_filter
    new_attrs = _get_filtered_attrs(member, dest_path, True)
                ^^^^^^^^^^^^^^^^^^^^^^^^^^^^^^^^^^^^^^^^^^^^
  File "C:\Users\Acer\AppData\Local\Programs\Python\Python312\Lib\tarfile.py", line 805, in _get_filtered_attrs
    raise AbsoluteLinkError(member)
tarfile.AbsoluteLinkError: 'etc/alternatives/awk' is a link to an absolute path
2026-08-22T00:42:55+0530 ERROR container_scanner Scan failed: Unable to extract layer: C:\Users\Acer\AppData\Local\Temp\scanner_fs_zny3_vwj\downloads\26c307b5e35a59ce911f5fde5b9458120ec8734e831ea2da5649a9ad14abfd3d.tar.gz
2026-08-22T00:42:55+0530 DEBUG container_scanner Removed temporary scanner directory C:\Users\Acer\AppData\Local\Temp\scanner_fs_zny3_vwj
2026-08-23T18:21:29+0530 INFO container_scanner Extracting layer.tar.gz
2026-08-23T18:21:29+0530 WARNING container_scanner Skipping symlink etc/alternatives/awk -> /usr/bin/mawk: [WinError 1314] A required privilege is not held by the client: '../../usr/bin/mawk' -> 'C:\\Users\\Acer\\AppData\\Local\\Temp\\pytest-of-Acer\\pytest-6\\test_extractor_handles_absolut0\\rootfs\\etc\\alternatives\\awk'
2026-08-23T18:21:41+0530 WARNING container_scanner Skipping corrupted npm lockfile C:\Users\Acer\AppData\Local\Temp\pytest-of-Acer\pytest-7\test_parse_corrupted_npm_lockf0\package-lock.json: Expecting property name enclosed in double quotes: line 1 column 2 (char 1)
2026-08-23T18:21:41+0530 INFO container_scanner Starting discovery on C:\Users\Acer\AppData\Local\Temp\pytest-of-Acer\pytest-7\test_discovery_manager_generat0\rootfs
2026-08-23T18:21:41+0530 INFO container_scanner Discovery complete; found 1 packages
2026-08-23T18:21:41+0530 INFO container_scanner Extracting layer.tar.gz
2026-08-23T18:21:41+0530 WARNING container_scanner Skipping symlink etc/alternatives/awk -> /usr/bin/mawk: [WinError 1314] A required privilege is not held by the client: '../../usr/bin/mawk' -> 'C:\\Users\\Acer\\AppData\\Local\\Temp\\pytest-of-Acer\\pytest-7\\test_extractor_handles_absolut0\\rootfs\\etc\\alternatives\\awk'
2026-08-23T18:22:07+0530 INFO container_scanner Starting registry ingestion for nginx:latest
2026-08-23T18:22:09+0530 INFO container_scanner Parsed manifest for library/nginx:latest; found 7 layers
2026-08-23T18:22:09+0530 INFO container_scanner Downloading layer sha256:26c307b5...
2026-08-23T18:22:22+0530 INFO container_scanner Extracting 26c307b5e35a59ce911f5fde5b9458120ec8734e831ea2da5649a9ad14abfd3d.tar.gz
2026-08-23T18:22:22+0530 WARNING container_scanner Skipping symlink bin -> usr/bin: [WinError 1314] A required privilege is not held by the client: 'usr/bin' -> 'C:\\Users\\Acer\\AppData\\Local\\Temp\\scanner_fs_temx7975\\rootfs\\bin'
2026-08-23T18:22:22+0530 WARNING container_scanner Skipping symlink etc/alternatives/awk -> /usr/bin/mawk: [WinError 1314] A required privilege is not held by the client: '../../usr/bin/mawk' -> 'C:\\Users\\Acer\\AppData\\Local\\Temp\\scanner_fs_temx7975\\rootfs\\etc\\alternatives\\awk'
2026-08-23T18:22:22+0530 WARNING container_scanner Skipping symlink etc/alternatives/awk.1.gz -> /usr/share/man/man1/mawk.1.gz: [WinError 1314] A required privilege is not held by the client: '../../usr/share/man/man1/mawk.1.gz' -> 'C:\\Users\\Acer\\AppData\\Local\\Temp\\scanner_fs_temx7975\\rootfs\\etc\\alternatives\\awk.1.gz'
2026-08-23T18:22:22+0530 WARNING container_scanner Skipping symlink etc/alternatives/builtins.7.gz -> /usr/share/man/man7/bash-builtins.7.gz: [WinError 1314] A required privilege is not held by the client: '../../usr/share/man/man7/bash-builtins.7.gz' -> 'C:\\Users\\Acer\\AppData\\Local\\Temp\\scanner_fs_temx7975\\rootfs\\etc\\alternatives\\builtins.7.gz'
2026-08-23T18:22:22+0530 WARNING container_scanner Skipping symlink etc/alternatives/nawk -> /usr/bin/mawk: [WinError 1314] A required privilege is not held by the client: '../../usr/bin/mawk' -> 'C:\\Users\\Acer\\AppData\\Local\\Temp\\scanner_fs_temx7975\\rootfs\\etc\\alternatives\\nawk'
2026-08-23T18:22:22+0530 WARNING container_scanner Skipping symlink etc/alternatives/nawk.1.gz -> /usr/share/man/man1/mawk.1.gz: [WinError 1314] A required privilege is not held by the client: '../../usr/share/man/man1/mawk.1.gz' -> 'C:\\Users\\Acer\\AppData\\Local\\Temp\\scanner_fs_temx7975\\rootfs\\etc\\alternatives\\nawk.1.gz'
2026-08-23T18:22:22+0530 WARNING container_scanner Skipping symlink etc/alternatives/pager -> /bin/more: [WinError 1314] A required privilege is not held by the client: '../../bin/more' -> 'C:\\Users\\Acer\\AppData\\Local\\Temp\\scanner_fs_temx7975\\rootfs\\etc\\alternatives\\pager'
2026-08-23T18:22:22+0530 WARNING container_scanner Skipping symlink etc/alternatives/pager.1.gz -> /usr/share/man/man1/more.1.gz: [WinError 1314] A required privilege is not held by the client: '../../usr/share/man/man1/more.1.gz' -> 'C:\\Users\\Acer\\AppData\\Local\\Temp\\scanner_fs_temx7975\\rootfs\\etc\\alternatives\\pager.1.gz'
2026-08-23T18:22:22+0530 WARNING container_scanner Skipping symlink etc/alternatives/rmt -> /usr/sbin/rmt-tar: [WinError 1314] A required privilege is not held by the client: '../../usr/sbin/rmt-tar' -> 'C:\\Users\\Acer\\AppData\\Local\\Temp\\scanner_fs_temx7975\\rootfs\\etc\\alternatives\\rmt'
2026-08-23T18:22:22+0530 WARNING container_scanner Skipping symlink etc/alternatives/rmt.8.gz -> /usr/share/man/man8/rmt-tar.8.gz: [WinError 1314] A required privilege is not held by the client: '../../usr/share/man/man8/rmt-tar.8.gz' -> 'C:\\Users\\Acer\\AppData\\Local\\Temp\\scanner_fs_temx7975\\rootfs\\etc\\alternatives\\rmt.8.gz'
2026-08-23T18:22:22+0530 WARNING container_scanner Skipping symlink etc/alternatives/which -> /usr/bin/which.debianutils: [WinError 1314] A required privilege is not held by the client: '../../usr/bin/which.debianutils' -> 'C:\\Users\\Acer\\AppData\\Local\\Temp\\scanner_fs_temx7975\\rootfs\\etc\\alternatives\\which'
2026-08-23T18:22:22+0530 WARNING container_scanner Skipping symlink etc/alternatives/which.1.gz -> /usr/share/man/man1/which.debianutils.1.gz: [WinError 1314] A required privilege is not held by the client: '../../usr/share/man/man1/which.debianutils.1.gz' -> 'C:\\Users\\Acer\\AppData\\Local\\Temp\\scanner_fs_temx7975\\rootfs\\etc\\alternatives\\which.1.gz'
2026-08-23T18:22:22+0530 WARNING container_scanner Skipping symlink etc/alternatives/which.de1.gz -> /usr/share/man/de/man1/which.debianutils.1.gz: [WinError 1314] A required privilege is not held by the client: '../../usr/share/man/de/man1/which.debianutils.1.gz' -> 'C:\\Users\\Acer\\AppData\\Local\\Temp\\scanner_fs_temx7975\\rootfs\\etc\\alternatives\\which.de1.gz'
2026-08-23T18:22:22+0530 WARNING container_scanner Skipping symlink etc/alternatives/which.es1.gz -> /usr/share/man/es/man1/which.debianutils.1.gz: [WinError 1314] A required privilege is not held by the client: '../../usr/share/man/es/man1/which.debianutils.1.gz' -> 'C:\\Users\\Acer\\AppData\\Local\\Temp\\scanner_fs_temx7975\\rootfs\\etc\\alternatives\\which.es1.gz'
2026-08-23T18:22:22+0530 WARNING container_scanner Skipping symlink etc/alternatives/which.fr1.gz -> /usr/share/man/fr/man1/which.debianutils.1.gz: [WinError 1314] A required privilege is not held by the client: '../../usr/share/man/fr/man1/which.debianutils.1.gz' -> 'C:\\Users\\Acer\\AppData\\Local\\Temp\\scanner_fs_temx7975\\rootfs\\etc\\alternatives\\which.fr1.gz'
2026-08-23T18:22:22+0530 WARNING container_scanner Skipping symlink etc/alternatives/which.it1.gz -> /usr/share/man/it/man1/which.debianutils.1.gz: [WinError 1314] A required privilege is not held by the client: '../../usr/share/man/it/man1/which.debianutils.1.gz' -> 'C:\\Users\\Acer\\AppData\\Local\\Temp\\scanner_fs_temx7975\\rootfs\\etc\\alternatives\\which.it1.gz'
2026-08-23T18:22:22+0530 WARNING container_scanner Skipping symlink etc/alternatives/which.ja1.gz -> /usr/share/man/ja/man1/which.debianutils.1.gz: [WinError 1314] A required privilege is not held by the client: '../../usr/share/man/ja/man1/which.debianutils.1.gz' -> 'C:\\Users\\Acer\\AppData\\Local\\Temp\\scanner_fs_temx7975\\rootfs\\etc\\alternatives\\which.ja1.gz'
2026-08-23T18:22:22+0530 WARNING container_scanner Skipping symlink etc/alternatives/which.pl1.gz -> /usr/share/man/pl/man1/which.debianutils.1.gz: [WinError 1314] A required privilege is not held by the client: '../../usr/share/man/pl/man1/which.debianutils.1.gz' -> 'C:\\Users\\Acer\\AppData\\Local\\Temp\\scanner_fs_temx7975\\rootfs\\etc\\alternatives\\which.pl1.gz'
2026-08-23T18:22:22+0530 WARNING container_scanner Skipping symlink etc/alternatives/which.sl1.gz -> /usr/share/man/sl/man1/which.debianutils.1.gz: [WinError 1314] A required privilege is not held by the client: '../../usr/share/man/sl/man1/which.debianutils.1.gz' -> 'C:\\Users\\Acer\\AppData\\Local\\Temp\\scanner_fs_temx7975\\rootfs\\etc\\alternatives\\which.sl1.gz'
2026-08-23T18:22:22+0530 WARNING container_scanner Skipping symlink etc/dpkg/origins/default -> debian: [WinError 1314] A required privilege is not held by the client: 'debian' -> 'C:\\Users\\Acer\\AppData\\Local\\Temp\\scanner_fs_temx7975\\rootfs\\etc\\dpkg\\origins\\default'
2026-08-23T18:22:23+0530 WARNING container_scanner Skipping symlink etc/localtime -> /usr/share/zoneinfo/Etc/UTC: [WinError 1314] A required privilege is not held by the client: '../usr/share/zoneinfo/Etc/UTC' -> 'C:\\Users\\Acer\\AppData\\Local\\Temp\\scanner_fs_temx7975\\rootfs\\etc\\localtime'
2026-08-23T18:22:23+0530 WARNING container_scanner Skipping unsafe symlink etc/os-release -> ../usr/lib/os-release
2026-08-23T18:22:23+0530 WARNING container_scanner Skipping symlink etc/rmt -> /usr/sbin/rmt: [WinError 1314] A required privilege is not held by the client: '../usr/sbin/rmt' -> 'C:\\Users\\Acer\\AppData\\Local\\Temp\\scanner_fs_temx7975\\rootfs\\etc\\rmt'
2026-08-23T18:22:23+0530 WARNING container_scanner Skipping symlink etc/systemd/system/timers.target.wants/apt-daily-upgrade.timer -> /lib/systemd/system/apt-daily-upgrade.timer: [WinError 1314] A required privilege is not held by the client: '../../../../lib/systemd/system/apt-daily-upgrade.timer' -> 'C:\\Users\\Acer\\AppData\\Local\\Temp\\scanner_fs_temx7975\\rootfs\\etc\\systemd\\system\\timers.target.wants\\apt-daily-upgrade.timer'
2026-08-23T18:22:23+0530 WARNING container_scanner Skipping symlink etc/systemd/system/timers.target.wants/apt-daily.timer -> /lib/systemd/system/apt-daily.timer: [WinError 1314] A required privilege is not held by the client: '../../../../lib/systemd/system/apt-daily.timer' -> 'C:\\Users\\Acer\\AppData\\Local\\Temp\\scanner_fs_temx7975\\rootfs\\etc\\systemd\\system\\timers.target.wants\\apt-daily.timer'
2026-08-23T18:22:23+0530 WARNING container_scanner Skipping symlink etc/systemd/system/timers.target.wants/dpkg-db-backup.timer -> /lib/systemd/system/dpkg-db-backup.timer: [WinError 1314] A required privilege is not held by the client: '../../../../lib/systemd/system/dpkg-db-backup.timer' -> 'C:\\Users\\Acer\\AppData\\Local\\Temp\\scanner_fs_temx7975\\rootfs\\etc\\systemd\\system\\timers.target.wants\\dpkg-db-backup.timer'
2026-08-23T18:22:23+0530 WARNING container_scanner Skipping symlink etc/systemd/system/timers.target.wants/fstrim.timer -> /lib/systemd/system/fstrim.timer: [WinError 1314] A required privilege is not held by the client: '../../../../lib/systemd/system/fstrim.timer' -> 'C:\\Users\\Acer\\AppData\\Local\\Temp\\scanner_fs_temx7975\\rootfs\\etc\\systemd\\system\\timers.target.wants\\fstrim.timer'
2026-08-23T18:22:23+0530 WARNING container_scanner Skipping symlink lib -> usr/lib: [WinError 1314] A required privilege is not held by the client: 'usr/lib' -> 'C:\\Users\\Acer\\AppData\\Local\\Temp\\scanner_fs_temx7975\\rootfs\\lib'
2026-08-23T18:22:23+0530 WARNING container_scanner Skipping symlink lib64 -> usr/lib64: [WinError 1314] A required privilege is not held by the client: 'usr/lib64' -> 'C:\\Users\\Acer\\AppData\\Local\\Temp\\scanner_fs_temx7975\\rootfs\\lib64'
2026-08-23T18:22:23+0530 WARNING container_scanner Skipping symlink sbin -> usr/sbin: [WinError 1314] A required privilege is not held by the client: 'usr/sbin' -> 'C:\\Users\\Acer\\AppData\\Local\\Temp\\scanner_fs_temx7975\\rootfs\\sbin'
2026-08-23T18:22:23+0530 WARNING container_scanner Skipping symlink usr/bin/awk -> /etc/alternatives/awk: [WinError 1314] A required privilege is not held by the client: '../../etc/alternatives/awk' -> 'C:\\Users\\Acer\\AppData\\Local\\Temp\\scanner_fs_temx7975\\rootfs\\usr\\bin\\awk'
2026-08-23T18:22:23+0530 WARNING container_scanner Skipping symlink usr/bin/captoinfo -> tic: [WinError 1314] A required privilege is not held by the client: 'tic' -> 'C:\\Users\\Acer\\AppData\\Local\\Temp\\scanner_fs_temx7975\\rootfs\\usr\\bin\\captoinfo'
2026-08-23T18:22:23+0530 WARNING container_scanner Skipping symlink usr/bin/dnsdomainname -> hostname: [WinError 1314] A required privilege is not held by the client: 'hostname' -> 'C:\\Users\\Acer\\AppData\\Local\\Temp\\scanner_fs_temx7975\\rootfs\\usr\\bin\\dnsdomainname'
2026-08-23T18:22:23+0530 WARNING container_scanner Skipping symlink usr/bin/domainname -> hostname: [WinError 1314] A required privilege is not held by the client: 'hostname' -> 'C:\\Users\\Acer\\AppData\\Local\\Temp\\scanner_fs_temx7975\\rootfs\\usr\\bin\\domainname'
2026-08-23T18:22:23+0530 WARNING container_scanner Skipping symlink usr/bin/i386 -> setarch: [WinError 1314] A required privilege is not held by the client: 'setarch' -> 'C:\\Users\\Acer\\AppData\\Local\\Temp\\scanner_fs_temx7975\\rootfs\\usr\\bin\\i386'
2026-08-23T18:22:23+0530 WARNING container_scanner Skipping symlink usr/bin/infotocap -> tic: [WinError 1314] A required privilege is not held by the client: 'tic' -> 'C:\\Users\\Acer\\AppData\\Local\\Temp\\scanner_fs_temx7975\\rootfs\\usr\\bin\\infotocap'
2026-08-23T18:22:23+0530 WARNING container_scanner Skipping unsafe symlink usr/bin/ld.so -> ../lib64/ld-linux-x86-64.so.2
2026-08-23T18:22:23+0530 WARNING container_scanner Skipping symlink usr/bin/linux32 -> setarch: [WinError 1314] A required privilege is not held by the client: 'setarch' -> 'C:\\Users\\Acer\\AppData\\Local\\Temp\\scanner_fs_temx7975\\rootfs\\usr\\bin\\linux32'
2026-08-23T18:22:23+0530 WARNING container_scanner Skipping symlink usr/bin/linux64 -> setarch: [WinError 1314] A required privilege is not held by the client: 'setarch' -> 'C:\\Users\\Acer\\AppData\\Local\\Temp\\scanner_fs_temx7975\\rootfs\\usr\\bin\\linux64'
2026-08-23T18:22:23+0530 WARNING container_scanner Skipping symlink usr/bin/nawk -> /etc/alternatives/nawk: [WinError 1314] A required privilege is not held by the client: '../../etc/alternatives/nawk' -> 'C:\\Users\\Acer\\AppData\\Local\\Temp\\scanner_fs_temx7975\\rootfs\\usr\\bin\\nawk'
2026-08-23T18:22:23+0530 WARNING container_scanner Skipping symlink usr/bin/nisdomainname -> hostname: [WinError 1314] A required privilege is not held by the client: 'hostname' -> 'C:\\Users\\Acer\\AppData\\Local\\Temp\\scanner_fs_temx7975\\rootfs\\usr\\bin\\nisdomainname'
2026-08-23T18:22:23+0530 WARNING container_scanner Skipping symlink usr/bin/pager -> /etc/alternatives/pager: [WinError 1314] A required privilege is not held by the client: '../../etc/alternatives/pager' -> 'C:\\Users\\Acer\\AppData\\Local\\Temp\\scanner_fs_temx7975\\rootfs\\usr\\bin\\pager'
2026-08-23T18:22:23+0530 WARNING container_scanner Skipping unsafe symlink usr/bin/pidof -> ../sbin/killall5
2026-08-23T18:22:23+0530 WARNING container_scanner Skipping symlink usr/bin/rbash -> bash: [WinError 1314] A required privilege is not held by the client: 'bash' -> 'C:\\Users\\Acer\\AppData\\Local\\Temp\\scanner_fs_temx7975\\rootfs\\usr\\bin\\rbash'
2026-08-23T18:22:23+0530 WARNING container_scanner Skipping symlink usr/bin/reset -> tset: [WinError 1314] A required privilege is not held by the client: 'tset' -> 'C:\\Users\\Acer\\AppData\\Local\\Temp\\scanner_fs_temx7975\\rootfs\\usr\\bin\\reset'
2026-08-23T18:22:23+0530 WARNING container_scanner Skipping symlink usr/bin/sg -> newgrp: [WinError 1314] A required privilege is not held by the client: 'newgrp' -> 'C:\\Users\\Acer\\AppData\\Local\\Temp\\scanner_fs_temx7975\\rootfs\\usr\\bin\\sg'
2026-08-23T18:22:23+0530 WARNING container_scanner Skipping symlink usr/bin/sh -> dash: [WinError 1314] A required privilege is not held by the client: 'dash' -> 'C:\\Users\\Acer\\AppData\\Local\\Temp\\scanner_fs_temx7975\\rootfs\\usr\\bin\\sh'
2026-08-23T18:22:24+0530 WARNING container_scanner Skipping symlink usr/bin/uncompress -> gunzip: [WinError 1314] A required privilege is not held by the client: 'gunzip' -> 'C:\\Users\\Acer\\AppData\\Local\\Temp\\scanner_fs_temx7975\\rootfs\\usr\\bin\\uncompress'
2026-08-23T18:22:24+0530 WARNING container_scanner Skipping symlink usr/bin/which -> /etc/alternatives/which: [WinError 1314] A required privilege is not held by the client: '../../etc/alternatives/which' -> 'C:\\Users\\Acer\\AppData\\Local\\Temp\\scanner_fs_temx7975\\rootfs\\usr\\bin\\which'
2026-08-23T18:22:24+0530 WARNING container_scanner Skipping symlink usr/bin/x86_64 -> setarch: [WinError 1314] A required privilege is not held by the client: 'setarch' -> 'C:\\Users\\Acer\\AppData\\Local\\Temp\\scanner_fs_temx7975\\rootfs\\usr\\bin\\x86_64'
2026-08-23T18:22:24+0530 WARNING container_scanner Skipping symlink usr/bin/ypdomainname -> hostname: [WinError 1314] A required privilege is not held by the client: 'hostname' -> 'C:\\Users\\Acer\\AppData\\Local\\Temp\\scanner_fs_temx7975\\rootfs\\usr\\bin\\ypdomainname'
2026-08-23T18:22:24+0530 WARNING container_scanner Skipping symlink usr/lib/apt/methods/https -> http: [WinError 1314] A required privilege is not held by the client: 'http' -> 'C:\\Users\\Acer\\AppData\\Local\\Temp\\scanner_fs_temx7975\\rootfs\\usr\\lib\\apt\\methods\\https'
2026-08-23T18:22:24+0530 WARNING container_scanner Skipping symlink usr/lib/apt/methods/mirror+copy -> mirror: [WinError 1314] A required privilege is not held by the client: 'mirror' -> 'C:\\Users\\Acer\\AppData\\Local\\Temp\\scanner_fs_temx7975\\rootfs\\usr\\lib\\apt\\methods\\mirror+copy'
2026-08-23T18:22:24+0530 WARNING container_scanner Skipping symlink usr/lib/apt/methods/mirror+file -> mirror: [WinError 1314] A required privilege is not held by the client: 'mirror' -> 'C:\\Users\\Acer\\AppData\\Local\\Temp\\scanner_fs_temx7975\\rootfs\\usr\\lib\\apt\\methods\\mirror+file'
2026-08-23T18:22:24+0530 WARNING container_scanner Skipping symlink usr/lib/apt/methods/mirror+http -> mirror: [WinError 1314] A required privilege is not held by the client: 'mirror' -> 'C:\\Users\\Acer\\AppData\\Local\\Temp\\scanner_fs_temx7975\\rootfs\\usr\\lib\\apt\\methods\\mirror+http'
2026-08-23T18:22:24+0530 WARNING container_scanner Skipping symlink usr/lib/apt/methods/mirror+https -> mirror: [WinError 1314] A required privilege is not held by the client: 'mirror' -> 'C:\\Users\\Acer\\AppData\\Local\\Temp\\scanner_fs_temx7975\\rootfs\\usr\\lib\\apt\\methods\\mirror+https'
2026-08-23T18:22:24+0530 WARNING container_scanner Skipping unsafe symlink usr/lib/apt/planners/dump -> ../solvers/dump
2026-08-23T18:22:25+0530 WARNING container_scanner Skipping symlink usr/lib/x86_64-linux-gnu/libacl.so.1 -> libacl.so.1.1.2302: [WinError 1314] A required privilege is not held by the client: 'libacl.so.1.1.2302' -> 'C:\\Users\\Acer\\AppData\\Local\\Temp\\scanner_fs_temx7975\\rootfs\\usr\\lib\\x86_64-linux-gnu\\libacl.so.1'
2026-08-23T18:22:25+0530 WARNING container_scanner Skipping symlink usr/lib/x86_64-linux-gnu/libapt-pkg.so.7.0 -> libapt-pkg.so.7.0.0: [WinError 1314] A required privilege is not held by the client: 'libapt-pkg.so.7.0.0' -> 'C:\\Users\\Acer\\AppData\\Local\\Temp\\scanner_fs_temx7975\\rootfs\\usr\\lib\\x86_64-linux-gnu\\libapt-pkg.so.7.0'
2026-08-23T18:22:25+0530 WARNING container_scanner Skipping symlink usr/lib/x86_64-linux-gnu/libapt-private.so.0.0 -> libapt-private.so.0.0.0: [WinError 1314] A required privilege is not held by the client: 'libapt-private.so.0.0.0' -> 'C:\\Users\\Acer\\AppData\\Local\\Temp\\scanner_fs_temx7975\\rootfs\\usr\\lib\\x86_64-linux-gnu\\libapt-private.so.0.0'
2026-08-23T18:22:25+0530 WARNING container_scanner Skipping symlink usr/lib/x86_64-linux-gnu/libattr.so.1 -> libattr.so.1.1.2502: [WinError 1314] A required privilege is not held by the client: 'libattr.so.1.1.2502' -> 'C:\\Users\\Acer\\AppData\\Local\\Temp\\scanner_fs_temx7975\\rootfs\\usr\\lib\\x86_64-linux-gnu\\libattr.so.1'
2026-08-23T18:22:25+0530 WARNING container_scanner Skipping symlink usr/lib/x86_64-linux-gnu/libaudit.so.1 -> libaudit.so.1.0.0: [WinError 1314] A required privilege is not held by the client: 'libaudit.so.1.0.0' -> 'C:\\Users\\Acer\\AppData\\Local\\Temp\\scanner_fs_temx7975\\rootfs\\usr\\lib\\x86_64-linux-gnu\\libaudit.so.1'
2026-08-23T18:22:25+0530 WARNING container_scanner Skipping symlink usr/lib/x86_64-linux-gnu/libblkid.so.1 -> libblkid.so.1.1.0: [WinError 1314] A required privilege is not held by the client: 'libblkid.so.1.1.0' -> 'C:\\Users\\Acer\\AppData\\Local\\Temp\\scanner_fs_temx7975\\rootfs\\usr\\lib\\x86_64-linux-gnu\\libblkid.so.1'
2026-08-23T18:22:25+0530 WARNING container_scanner Skipping symlink usr/lib/x86_64-linux-gnu/libbsd.so.0 -> libbsd.so.0.12.2: [WinError 1314] A required privilege is not held by the client: 'libbsd.so.0.12.2' -> 'C:\\Users\\Acer\\AppData\\Local\\Temp\\scanner_fs_temx7975\\rootfs\\usr\\lib\\x86_64-linux-gnu\\libbsd.so.0'
2026-08-23T18:22:25+0530 WARNING container_scanner Skipping symlink usr/lib/x86_64-linux-gnu/libbz2.so.1 -> libbz2.so.1.0.4: [WinError 1314] A required privilege is not held by the client: 'libbz2.so.1.0.4' -> 'C:\\Users\\Acer\\AppData\\Local\\Temp\\scanner_fs_temx7975\\rootfs\\usr\\lib\\x86_64-linux-gnu\\libbz2.so.1'
2026-08-23T18:22:25+0530 WARNING container_scanner Skipping symlink usr/lib/x86_64-linux-gnu/libbz2.so.1.0 -> libbz2.so.1.0.4: [WinError 1314] A required privilege is not held by the client: 'libbz2.so.1.0.4' -> 'C:\\Users\\Acer\\AppData\\Local\\Temp\\scanner_fs_temx7975\\rootfs\\usr\\lib\\x86_64-linux-gnu\\libbz2.so.1.0'
2026-08-23T18:22:25+0530 WARNING container_scanner Skipping symlink usr/lib/x86_64-linux-gnu/libcap-ng.so.0 -> libcap-ng.so.0.0.0: [WinError 1314] A required privilege is not held by the client: 'libcap-ng.so.0.0.0' -> 'C:\\Users\\Acer\\AppData\\Local\\Temp\\scanner_fs_temx7975\\rootfs\\usr\\lib\\x86_64-linux-gnu\\libcap-ng.so.0'
2026-08-23T18:22:25+0530 WARNING container_scanner Skipping symlink usr/lib/x86_64-linux-gnu/libcap.so.2 -> libcap.so.2.75: [WinError 1314] A required privilege is not held by the client: 'libcap.so.2.75' -> 'C:\\Users\\Acer\\AppData\\Local\\Temp\\scanner_fs_temx7975\\rootfs\\usr\\lib\\x86_64-linux-gnu\\libcap.so.2'
2026-08-23T18:22:25+0530 WARNING container_scanner Skipping symlink usr/lib/x86_64-linux-gnu/libcrypt.so.1 -> libcrypt.so.1.1.0: [WinError 1314] A required privilege is not held by the client: 'libcrypt.so.1.1.0' -> 'C:\\Users\\Acer\\AppData\\Local\\Temp\\scanner_fs_temx7975\\rootfs\\usr\\lib\\x86_64-linux-gnu\\libcrypt.so.1'
2026-08-23T18:22:25+0530 WARNING container_scanner Skipping symlink usr/lib/x86_64-linux-gnu/libdebconfclient.so.0 -> libdebconfclient.so.0.0.0: [WinError 1314] A required privilege is not held by the client: 'libdebconfclient.so.0.0.0' -> 'C:\\Users\\Acer\\AppData\\Local\\Temp\\scanner_fs_temx7975\\rootfs\\usr\\lib\\x86_64-linux-gnu\\libdebconfclient.so.0'
2026-08-23T18:22:25+0530 WARNING container_scanner Skipping symlink usr/lib/x86_64-linux-gnu/libdrop_ambient.so.0 -> libdrop_ambient.so.0.0.0: [WinError 1314] A required privilege is not held by the client: 'libdrop_ambient.so.0.0.0' -> 'C:\\Users\\Acer\\AppData\\Local\\Temp\\scanner_fs_temx7975\\rootfs\\usr\\lib\\x86_64-linux-gnu\\libdrop_ambient.so.0'
2026-08-23T18:22:25+0530 WARNING container_scanner Skipping symlink usr/lib/x86_64-linux-gnu/libgmp.so.10 -> libgmp.so.10.5.0: [WinError 1314] A required privilege is not held by the client: 'libgmp.so.10.5.0' -> 'C:\\Users\\Acer\\AppData\\Local\\Temp\\scanner_fs_temx7975\\rootfs\\usr\\lib\\x86_64-linux-gnu\\libgmp.so.10'
2026-08-23T18:22:25+0530 WARNING container_scanner Skipping symlink usr/lib/x86_64-linux-gnu/libhogweed.so.6 -> libhogweed.so.6.10: [WinError 1314] A required privilege is not held by the client: 'libhogweed.so.6.10' -> 'C:\\Users\\Acer\\AppData\\Local\\Temp\\scanner_fs_temx7975\\rootfs\\usr\\lib\\x86_64-linux-gnu\\libhogweed.so.6'
2026-08-23T18:22:25+0530 WARNING container_scanner Skipping symlink usr/lib/x86_64-linux-gnu/liblastlog2.so.2 -> liblastlog2.so.2.0.0: [WinError 1314] A required privilege is not held by the client: 'liblastlog2.so.2.0.0' -> 'C:\\Users\\Acer\\AppData\\Local\\Temp\\scanner_fs_temx7975\\rootfs\\usr\\lib\\x86_64-linux-gnu\\liblastlog2.so.2'
2026-08-23T18:22:25+0530 WARNING container_scanner Skipping symlink usr/lib/x86_64-linux-gnu/liblz4.so.1 -> liblz4.so.1.10.0: [WinError 1314] A required privilege is not held by the client: 'liblz4.so.1.10.0' -> 'C:\\Users\\Acer\\AppData\\Local\\Temp\\scanner_fs_temx7975\\rootfs\\usr\\lib\\x86_64-linux-gnu\\liblz4.so.1'
2026-08-23T18:22:25+0530 WARNING container_scanner Skipping symlink usr/lib/x86_64-linux-gnu/liblzma.so.5 -> liblzma.so.5.8.1: [WinError 1314] A required privilege is not held by the client: 'liblzma.so.5.8.1' -> 'C:\\Users\\Acer\\AppData\\Local\\Temp\\scanner_fs_temx7975\\rootfs\\usr\\lib\\x86_64-linux-gnu\\liblzma.so.5'
2026-08-23T18:22:25+0530 WARNING container_scanner Skipping symlink usr/lib/x86_64-linux-gnu/libmd.so.0 -> libmd.so.0.1.0: [WinError 1314] A required privilege is not held by the client: 'libmd.so.0.1.0' -> 'C:\\Users\\Acer\\AppData\\Local\\Temp\\scanner_fs_temx7975\\rootfs\\usr\\lib\\x86_64-linux-gnu\\libmd.so.0'
2026-08-23T18:22:25+0530 WARNING container_scanner Skipping symlink usr/lib/x86_64-linux-gnu/libmount.so.1 -> libmount.so.1.1.0: [WinError 1314] A required privilege is not held by the client: 'libmount.so.1.1.0' -> 'C:\\Users\\Acer\\AppData\\Local\\Temp\\scanner_fs_temx7975\\rootfs\\usr\\lib\\x86_64-linux-gnu\\libmount.so.1'
2026-08-23T18:22:25+0530 WARNING container_scanner Skipping symlink usr/lib/x86_64-linux-gnu/libnettle.so.8 -> libnettle.so.8.10: [WinError 1314] A required privilege is not held by the client: 'libnettle.so.8.10' -> 'C:\\Users\\Acer\\AppData\\Local\\Temp\\scanner_fs_temx7975\\rootfs\\usr\\lib\\x86_64-linux-gnu\\libnettle.so.8'
2026-08-23T18:22:25+0530 WARNING container_scanner Skipping symlink usr/lib/x86_64-linux-gnu/libpam.so.0 -> libpam.so.0.85.1: [WinError 1314] A required privilege is not held by the client: 'libpam.so.0.85.1' -> 'C:\\Users\\Acer\\AppData\\Local\\Temp\\scanner_fs_temx7975\\rootfs\\usr\\lib\\x86_64-linux-gnu\\libpam.so.0'
2026-08-23T18:22:25+0530 WARNING container_scanner Skipping symlink usr/lib/x86_64-linux-gnu/libpam_misc.so.0 -> libpam_misc.so.0.82.1: [WinError 1314] A required privilege is not held by the client: 'libpam_misc.so.0.82.1' -> 'C:\\Users\\Acer\\AppData\\Local\\Temp\\scanner_fs_temx7975\\rootfs\\usr\\lib\\x86_64-linux-gnu\\libpam_misc.so.0'
2026-08-23T18:22:25+0530 WARNING container_scanner Skipping symlink usr/lib/x86_64-linux-gnu/libpamc.so.0 -> libpamc.so.0.82.1: [WinError 1314] A required privilege is not held by the client: 'libpamc.so.0.82.1' -> 'C:\\Users\\Acer\\AppData\\Local\\Temp\\scanner_fs_temx7975\\rootfs\\usr\\lib\\x86_64-linux-gnu\\libpamc.so.0'
2026-08-23T18:22:25+0530 WARNING container_scanner Skipping symlink usr/lib/x86_64-linux-gnu/libpcre2-8.so.0 -> libpcre2-8.so.0.14.0: [WinError 1314] A required privilege is not held by the client: 'libpcre2-8.so.0.14.0' -> 'C:\\Users\\Acer\\AppData\\Local\\Temp\\scanner_fs_temx7975\\rootfs\\usr\\lib\\x86_64-linux-gnu\\libpcre2-8.so.0'
2026-08-23T18:22:25+0530 WARNING container_scanner Skipping symlink usr/lib/x86_64-linux-gnu/libpsx.so.2 -> libpsx.so.2.75: [WinError 1314] A required privilege is not held by the client: 'libpsx.so.2.75' -> 'C:\\Users\\Acer\\AppData\\Local\\Temp\\scanner_fs_temx7975\\rootfs\\usr\\lib\\x86_64-linux-gnu\\libpsx.so.2'
2026-08-23T18:22:25+0530 WARNING container_scanner Skipping symlink usr/lib/x86_64-linux-gnu/libseccomp.so.2 -> libseccomp.so.2.6.0: [WinError 1314] A required privilege is not held by the client: 'libseccomp.so.2.6.0' -> 'C:\\Users\\Acer\\AppData\\Local\\Temp\\scanner_fs_temx7975\\rootfs\\usr\\lib\\x86_64-linux-gnu\\libseccomp.so.2'
2026-08-23T18:22:25+0530 WARNING container_scanner Skipping symlink usr/lib/x86_64-linux-gnu/libsmartcols.so.1 -> libsmartcols.so.1.1.0: [WinError 1314] A required privilege is not held by the client: 'libsmartcols.so.1.1.0' -> 'C:\\Users\\Acer\\AppData\\Local\\Temp\\scanner_fs_temx7975\\rootfs\\usr\\lib\\x86_64-linux-gnu\\libsmartcols.so.1'
2026-08-23T18:22:25+0530 WARNING container_scanner Skipping symlink usr/lib/x86_64-linux-gnu/libsqlite3.so.0 -> libsqlite3.so.0.8.6: [WinError 1314] A required privilege is not held by the client: 'libsqlite3.so.0.8.6' -> 'C:\\Users\\Acer\\AppData\\Local\\Temp\\scanner_fs_temx7975\\rootfs\\usr\\lib\\x86_64-linux-gnu\\libsqlite3.so.0'
2026-08-23T18:22:25+0530 WARNING container_scanner Skipping symlink usr/lib/x86_64-linux-gnu/libstdc++.so.6 -> libstdc++.so.6.0.33: [WinError 1314] A required privilege is not held by the client: 'libstdc++.so.6.0.33' -> 'C:\\Users\\Acer\\AppData\\Local\\Temp\\scanner_fs_temx7975\\rootfs\\usr\\lib\\x86_64-linux-gnu\\libstdc++.so.6'
2026-08-23T18:22:25+0530 WARNING container_scanner Skipping symlink usr/lib/x86_64-linux-gnu/libsystemd.so.0 -> libsystemd.so.0.40.0: [WinError 1314] A required privilege is not held by the client: 'libsystemd.so.0.40.0' -> 'C:\\Users\\Acer\\AppData\\Local\\Temp\\scanner_fs_temx7975\\rootfs\\usr\\lib\\x86_64-linux-gnu\\libsystemd.so.0'
2026-08-23T18:22:25+0530 WARNING container_scanner Skipping symlink usr/lib/x86_64-linux-gnu/libtic.so.6 -> libtic.so.6.5: [WinError 1314] A required privilege is not held by the client: 'libtic.so.6.5' -> 'C:\\Users\\Acer\\AppData\\Local\\Temp\\scanner_fs_temx7975\\rootfs\\usr\\lib\\x86_64-linux-gnu\\libtic.so.6'
2026-08-23T18:22:25+0530 WARNING container_scanner Skipping symlink usr/lib/x86_64-linux-gnu/libtinfo.so.6 -> libtinfo.so.6.5: [WinError 1314] A required privilege is not held by the client: 'libtinfo.so.6.5' -> 'C:\\Users\\Acer\\AppData\\Local\\Temp\\scanner_fs_temx7975\\rootfs\\usr\\lib\\x86_64-linux-gnu\\libtinfo.so.6'
2026-08-23T18:22:25+0530 WARNING container_scanner Skipping symlink usr/lib/x86_64-linux-gnu/libudev.so.1 -> libudev.so.1.7.10: [WinError 1314] A required privilege is not held by the client: 'libudev.so.1.7.10' -> 'C:\\Users\\Acer\\AppData\\Local\\Temp\\scanner_fs_temx7975\\rootfs\\usr\\lib\\x86_64-linux-gnu\\libudev.so.1'
2026-08-23T18:22:25+0530 WARNING container_scanner Skipping symlink usr/lib/x86_64-linux-gnu/libuuid.so.1 -> libuuid.so.1.3.0: [WinError 1314] A required privilege is not held by the client: 'libuuid.so.1.3.0' -> 'C:\\Users\\Acer\\AppData\\Local\\Temp\\scanner_fs_temx7975\\rootfs\\usr\\lib\\x86_64-linux-gnu\\libuuid.so.1'
2026-08-23T18:22:25+0530 WARNING container_scanner Skipping symlink usr/lib/x86_64-linux-gnu/libxxhash.so.0 -> libxxhash.so.0.8.3: [WinError 1314] A required privilege is not held by the client: 'libxxhash.so.0.8.3' -> 'C:\\Users\\Acer\\AppData\\Local\\Temp\\scanner_fs_temx7975\\rootfs\\usr\\lib\\x86_64-linux-gnu\\libxxhash.so.0'
2026-08-23T18:22:25+0530 WARNING container_scanner Skipping symlink usr/lib/x86_64-linux-gnu/libz.so.1 -> libz.so.1.3.1: [WinError 1314] A required privilege is not held by the client: 'libz.so.1.3.1' -> 'C:\\Users\\Acer\\AppData\\Local\\Temp\\scanner_fs_temx7975\\rootfs\\usr\\lib\\x86_64-linux-gnu\\libz.so.1'
2026-08-23T18:22:25+0530 WARNING container_scanner Skipping symlink usr/lib/x86_64-linux-gnu/libzstd.so.1 -> libzstd.so.1.5.7: [WinError 1314] A required privilege is not held by the client: 'libzstd.so.1.5.7' -> 'C:\\Users\\Acer\\AppData\\Local\\Temp\\scanner_fs_temx7975\\rootfs\\usr\\lib\\x86_64-linux-gnu\\libzstd.so.1'
2026-08-23T18:22:27+0530 WARNING container_scanner Skipping unsafe symlink usr/lib64/ld-linux-x86-64.so.2 -> ../lib/x86_64-linux-gnu/ld-linux-x86-64.so.2
2026-08-23T18:22:27+0530 WARNING container_scanner Skipping symlink usr/local/man -> share/man: [WinError 1314] A required privilege is not held by the client: 'share/man' -> 'C:\\Users\\Acer\\AppData\\Local\\Temp\\scanner_fs_temx7975\\rootfs\\usr\\local\\man'
2026-08-23T18:22:27+0530 WARNING container_scanner Skipping symlink usr/sbin/getty -> agetty: [WinError 1314] A required privilege is not held by the client: 'agetty' -> 'C:\\Users\\Acer\\AppData\\Local\\Temp\\scanner_fs_temx7975\\rootfs\\usr\\sbin\\getty'
2026-08-23T18:22:28+0530 WARNING container_scanner Skipping symlink usr/sbin/rmt -> /etc/alternatives/rmt: [WinError 1314] A required privilege is not held by the client: '../../etc/alternatives/rmt' -> 'C:\\Users\\Acer\\AppData\\Local\\Temp\\scanner_fs_temx7975\\rootfs\\usr\\sbin\\rmt'
2026-08-23T18:22:28+0530 WARNING container_scanner Skipping symlink usr/sbin/vigr -> vipw: [WinError 1314] A required privilege is not held by the client: 'vipw' -> 'C:\\Users\\Acer\\AppData\\Local\\Temp\\scanner_fs_temx7975\\rootfs\\usr\\sbin\\vigr'
2026-08-23T18:22:28+0530 WARNING container_scanner Skipping symlink usr/share/bash-completion/completions/debconf-show -> debconf: [WinError 1314] A required privilege is not held by the client: 'debconf' -> 'C:\\Users\\Acer\\AppData\\Local\\Temp\\scanner_fs_temx7975\\rootfs\\usr\\share\\bash-completion\\completions\\debconf-show'
2026-08-23T18:22:28+0530 WARNING container_scanner Skipping symlink usr/share/bash-completion/completions/runuser -> su: [WinError 1314] A required privilege is not held by the client: 'su' -> 'C:\\Users\\Acer\\AppData\\Local\\Temp\\scanner_fs_temx7975\\rootfs\\usr\\share\\bash-completion\\completions\\runuser'
2026-08-23T18:22:28+0530 WARNING container_scanner Skipping symlink usr/share/common-licenses/GFDL -> GFDL-1.3: [WinError 1314] A required privilege is not held by the client: 'GFDL-1.3' -> 'C:\\Users\\Acer\\AppData\\Local\\Temp\\scanner_fs_temx7975\\rootfs\\usr\\share\\common-licenses\\GFDL'
2026-08-23T18:22:28+0530 WARNING container_scanner Skipping symlink usr/share/common-licenses/GPL -> GPL-3: [WinError 1314] A required privilege is not held by the client: 'GPL-3' -> 'C:\\Users\\Acer\\AppData\\Local\\Temp\\scanner_fs_temx7975\\rootfs\\usr\\share\\common-licenses\\GPL'
2026-08-23T18:22:28+0530 WARNING container_scanner Skipping symlink usr/share/common-licenses/LGPL -> LGPL-3: [WinError 1314] A required privilege is not held by the client: 'LGPL-3' -> 'C:\\Users\\Acer\\AppData\\Local\\Temp\\scanner_fs_temx7975\\rootfs\\usr\\share\\common-licenses\\LGPL'
2026-08-23T18:22:28+0530 WARNING container_scanner Skipping symlink usr/share/doc/libgcc-s1 -> gcc-14-base: [WinError 1314] A required privilege is not held by the client: 'gcc-14-base' -> 'C:\\Users\\Acer\\AppData\\Local\\Temp\\scanner_fs_temx7975\\rootfs\\usr\\share\\doc\\libgcc-s1'
2026-08-23T18:22:28+0530 WARNING container_scanner Skipping symlink usr/share/doc/libstdc++6 -> gcc-14-base: [WinError 1314] A required privilege is not held by the client: 'gcc-14-base' -> 'C:\\Users\\Acer\\AppData\\Local\\Temp\\scanner_fs_temx7975\\rootfs\\usr\\share\\doc\\libstdc++6'
2026-08-23T18:22:28+0530 WARNING container_scanner Skipping symlink usr/share/keyrings/debian-archive-bookworm-automatic.gpg -> debian-archive-bookworm-automatic.pgp: [WinError 1314] A required privilege is not held by the client: 'debian-archive-bookworm-automatic.pgp' -> 'C:\\Users\\Acer\\AppData\\Local\\Temp\\scanner_fs_temx7975\\rootfs\\usr\\share\\keyrings\\debian-archive-bookworm-automatic.gpg'
2026-08-23T18:22:28+0530 WARNING container_scanner Skipping symlink usr/share/keyrings/debian-archive-bookworm-security-automatic.gpg -> debian-archive-bookworm-security-automatic.pgp: [WinError 1314] A required privilege is not held by the client: 'debian-archive-bookworm-security-automatic.pgp' -> 'C:\\Users\\Acer\\AppData\\Local\\Temp\\scanner_fs_temx7975\\rootfs\\usr\\share\\keyrings\\debian-archive-bookworm-security-automatic.gpg'
2026-08-23T18:22:28+0530 WARNING container_scanner Skipping symlink usr/share/keyrings/debian-archive-bookworm-stable.gpg -> debian-archive-bookworm-stable.pgp: [WinError 1314] A required privilege is not held by the client: 'debian-archive-bookworm-stable.pgp' -> 'C:\\Users\\Acer\\AppData\\Local\\Temp\\scanner_fs_temx7975\\rootfs\\usr\\share\\keyrings\\debian-archive-bookworm-stable.gpg'
2026-08-23T18:22:28+0530 WARNING container_scanner Skipping symlink usr/share/keyrings/debian-archive-bullseye-automatic.gpg -> debian-archive-bullseye-automatic.pgp: [WinError 1314] A required privilege is not held by the client: 'debian-archive-bullseye-automatic.pgp' -> 'C:\\Users\\Acer\\AppData\\Local\\Temp\\scanner_fs_temx7975\\rootfs\\usr\\share\\keyrings\\debian-archive-bullseye-automatic.gpg'
2026-08-23T18:22:28+0530 WARNING container_scanner Skipping symlink usr/share/keyrings/debian-archive-bullseye-security-automatic.gpg -> debian-archive-bullseye-security-automatic.pgp: [WinError 1314] A required privilege is not held by the client: 'debian-archive-bullseye-security-automatic.pgp' -> 'C:\\Users\\Acer\\AppData\\Local\\Temp\\scanner_fs_temx7975\\rootfs\\usr\\share\\keyrings\\debian-archive-bullseye-security-automatic.gpg'
2026-08-23T18:22:28+0530 WARNING container_scanner Skipping symlink usr/share/keyrings/debian-archive-bullseye-stable.gpg -> debian-archive-bullseye-stable.pgp: [WinError 1314] A required privilege is not held by the client: 'debian-archive-bullseye-stable.pgp' -> 'C:\\Users\\Acer\\AppData\\Local\\Temp\\scanner_fs_temx7975\\rootfs\\usr\\share\\keyrings\\debian-archive-bullseye-stable.gpg'
2026-08-23T18:22:28+0530 WARNING container_scanner Skipping symlink usr/share/keyrings/debian-archive-keyring.gpg -> debian-archive-keyring.pgp: [WinError 1314] A required privilege is not held by the client: 'debian-archive-keyring.pgp' -> 'C:\\Users\\Acer\\AppData\\Local\\Temp\\scanner_fs_temx7975\\rootfs\\usr\\share\\keyrings\\debian-archive-keyring.gpg'
2026-08-23T18:22:28+0530 WARNING container_scanner Skipping symlink usr/share/keyrings/debian-archive-removed-keys.gpg -> debian-archive-removed-keys.pgp: [WinError 1314] A required privilege is not held by the client: 'debian-archive-removed-keys.pgp' -> 'C:\\Users\\Acer\\AppData\\Local\\Temp\\scanner_fs_temx7975\\rootfs\\usr\\share\\keyrings\\debian-archive-removed-keys.gpg'
2026-08-23T18:22:28+0530 WARNING container_scanner Skipping symlink usr/share/keyrings/debian-archive-trixie-automatic.gpg -> debian-archive-trixie-automatic.pgp: [WinError 1314] A required privilege is not held by the client: 'debian-archive-trixie-automatic.pgp' -> 'C:\\Users\\Acer\\AppData\\Local\\Temp\\scanner_fs_temx7975\\rootfs\\usr\\share\\keyrings\\debian-archive-trixie-automatic.gpg'
2026-08-23T18:22:28+0530 WARNING container_scanner Skipping symlink usr/share/keyrings/debian-archive-trixie-security-automatic.gpg -> debian-archive-trixie-security-automatic.pgp: [WinError 1314] A required privilege is not held by the client: 'debian-archive-trixie-security-automatic.pgp' -> 'C:\\Users\\Acer\\AppData\\Local\\Temp\\scanner_fs_temx7975\\rootfs\\usr\\share\\keyrings\\debian-archive-trixie-security-automatic.gpg'
2026-08-23T18:22:28+0530 WARNING container_scanner Skipping symlink usr/share/keyrings/debian-archive-trixie-stable.gpg -> debian-archive-trixie-stable.pgp: [WinError 1314] A required privilege is not held by the client: 'debian-archive-trixie-stable.pgp' -> 'C:\\Users\\Acer\\AppData\\Local\\Temp\\scanner_fs_temx7975\\rootfs\\usr\\share\\keyrings\\debian-archive-trixie-stable.gpg'
2026-08-23T18:22:29+0530 WARNING container_scanner Skipping symlink usr/share/terminfo/E/Eterm-color -> Eterm: [WinError 1314] A required privilege is not held by the client: 'Eterm' -> 'C:\\Users\\Acer\\AppData\\Local\\Temp\\scanner_fs_temx7975\\rootfs\\usr\\share\\terminfo\\E\\Eterm-color'
2026-08-23T18:22:29+0530 WARNING container_scanner Skipping symlink usr/share/terminfo/r/rxvt-m -> rxvt-basic: [WinError 1314] A required privilege is not held by the client: 'rxvt-basic' -> 'C:\\Users\\Acer\\AppData\\Local\\Temp\\scanner_fs_temx7975\\rootfs\\usr\\share\\terminfo\\r\\rxvt-m'
2026-08-23T18:22:29+0530 WARNING container_scanner Skipping symlink usr/share/terminfo/x/xterm-debian -> xterm: [WinError 1314] A required privilege is not held by the client: 'xterm' -> 'C:\\Users\\Acer\\AppData\\Local\\Temp\\scanner_fs_temx7975\\rootfs\\usr\\share\\terminfo\\x\\xterm-debian'
2026-08-23T18:22:29+0530 WARNING container_scanner Skipping symlink usr/share/zoneinfo/Africa/Timbuktu -> Bamako: [WinError 1314] A required privilege is not held by the client: 'Bamako' -> 'C:\\Users\\Acer\\AppData\\Local\\Temp\\scanner_fs_temx7975\\rootfs\\usr\\share\\zoneinfo\\Africa\\Timbuktu'
2026-08-23T18:22:29+0530 WARNING container_scanner Skipping symlink usr/share/zoneinfo/America/Atka -> Adak: [WinError 1314] A required privilege is not held by the client: 'Adak' -> 'C:\\Users\\Acer\\AppData\\Local\\Temp\\scanner_fs_temx7975\\rootfs\\usr\\share\\zoneinfo\\America\\Atka'
2026-08-23T18:22:29+0530 WARNING container_scanner Skipping symlink usr/share/zoneinfo/America/Coral_Harbour -> Atikokan: [WinError 1314] A required privilege is not held by the client: 'Atikokan' -> 'C:\\Users\\Acer\\AppData\\Local\\Temp\\scanner_fs_temx7975\\rootfs\\usr\\share\\zoneinfo\\America\\Coral_Harbour'
2026-08-23T18:22:29+0530 WARNING container_scanner Skipping symlink usr/share/zoneinfo/America/Ensenada -> Tijuana: [WinError 1314] A required privilege is not held by the client: 'Tijuana' -> 'C:\\Users\\Acer\\AppData\\Local\\Temp\\scanner_fs_temx7975\\rootfs\\usr\\share\\zoneinfo\\America\\Ensenada'
2026-08-23T18:22:29+0530 WARNING container_scanner Skipping symlink usr/share/zoneinfo/America/Kralendijk -> Curacao: [WinError 1314] A required privilege is not held by the client: 'Curacao' -> 'C:\\Users\\Acer\\AppData\\Local\\Temp\\scanner_fs_temx7975\\rootfs\\usr\\share\\zoneinfo\\America\\Kralendijk'
2026-08-23T18:22:29+0530 WARNING container_scanner Skipping symlink usr/share/zoneinfo/America/Lower_Princes -> Curacao: [WinError 1314] A required privilege is not held by the client: 'Curacao' -> 'C:\\Users\\Acer\\AppData\\Local\\Temp\\scanner_fs_temx7975\\rootfs\\usr\\share\\zoneinfo\\America\\Lower_Princes'
2026-08-23T18:22:29+0530 WARNING container_scanner Skipping symlink usr/share/zoneinfo/America/Marigot -> Port_of_Spain: [WinError 1314] A required privilege is not held by the client: 'Port_of_Spain' -> 'C:\\Users\\Acer\\AppData\\Local\\Temp\\scanner_fs_temx7975\\rootfs\\usr\\share\\zoneinfo\\America\\Marigot'
2026-08-23T18:22:29+0530 WARNING container_scanner Skipping symlink usr/share/zoneinfo/America/Montreal -> Toronto: [WinError 1314] A required privilege is not held by the client: 'Toronto' -> 'C:\\Users\\Acer\\AppData\\Local\\Temp\\scanner_fs_temx7975\\rootfs\\usr\\share\\zoneinfo\\America\\Montreal'
2026-08-23T18:22:29+0530 WARNING container_scanner Skipping symlink usr/share/zoneinfo/America/Nipigon -> Toronto: [WinError 1314] A required privilege is not held by the client: 'Toronto' -> 'C:\\Users\\Acer\\AppData\\Local\\Temp\\scanner_fs_temx7975\\rootfs\\usr\\share\\zoneinfo\\America\\Nipigon'
2026-08-23T18:22:29+0530 WARNING container_scanner Skipping symlink usr/share/zoneinfo/America/Pangnirtung -> Iqaluit: [WinError 1314] A required privilege is not held by the client: 'Iqaluit' -> 'C:\\Users\\Acer\\AppData\\Local\\Temp\\scanner_fs_temx7975\\rootfs\\usr\\share\\zoneinfo\\America\\Pangnirtung'
2026-08-23T18:22:29+0530 WARNING container_scanner Skipping symlink usr/share/zoneinfo/America/Porto_Acre -> Rio_Branco: [WinError 1314] A required privilege is not held by the client: 'Rio_Branco' -> 'C:\\Users\\Acer\\AppData\\Local\\Temp\\scanner_fs_temx7975\\rootfs\\usr\\share\\zoneinfo\\America\\Porto_Acre'
2026-08-23T18:22:29+0530 WARNING container_scanner Skipping symlink usr/share/zoneinfo/America/Rainy_River -> Winnipeg: [WinError 1314] A required privilege is not held by the client: 'Winnipeg' -> 'C:\\Users\\Acer\\AppData\\Local\\Temp\\scanner_fs_temx7975\\rootfs\\usr\\share\\zoneinfo\\America\\Rainy_River'
2026-08-23T18:22:29+0530 WARNING container_scanner Skipping symlink usr/share/zoneinfo/America/Santa_Isabel -> Tijuana: [WinError 1314] A required privilege is not held by the client: 'Tijuana' -> 'C:\\Users\\Acer\\AppData\\Local\\Temp\\scanner_fs_temx7975\\rootfs\\usr\\share\\zoneinfo\\America\\Santa_Isabel'
2026-08-23T18:22:29+0530 WARNING container_scanner Skipping symlink usr/share/zoneinfo/America/Shiprock -> Denver: [WinError 1314] A required privilege is not held by the client: 'Denver' -> 'C:\\Users\\Acer\\AppData\\Local\\Temp\\scanner_fs_temx7975\\rootfs\\usr\\share\\zoneinfo\\America\\Shiprock'
2026-08-23T18:22:29+0530 WARNING container_scanner Skipping symlink usr/share/zoneinfo/America/St_Barthelemy -> Port_of_Spain: [WinError 1314] A required privilege is not held by the client: 'Port_of_Spain' -> 'C:\\Users\\Acer\\AppData\\Local\\Temp\\scanner_fs_temx7975\\rootfs\\usr\\share\\zoneinfo\\America\\St_Barthelemy'
2026-08-23T18:22:29+0530 WARNING container_scanner Skipping symlink usr/share/zoneinfo/America/Thunder_Bay -> Toronto: [WinError 1314] A required privilege is not held by the client: 'Toronto' -> 'C:\\Users\\Acer\\AppData\\Local\\Temp\\scanner_fs_temx7975\\rootfs\\usr\\share\\zoneinfo\\America\\Thunder_Bay'
2026-08-23T18:22:29+0530 WARNING container_scanner Skipping symlink usr/share/zoneinfo/America/Virgin -> St_Thomas: [WinError 1314] A required privilege is not held by the client: 'St_Thomas' -> 'C:\\Users\\Acer\\AppData\\Local\\Temp\\scanner_fs_temx7975\\rootfs\\usr\\share\\zoneinfo\\America\\Virgin'
2026-08-23T18:22:29+0530 WARNING container_scanner Skipping symlink usr/share/zoneinfo/America/Yellowknife -> Edmonton: [WinError 1314] A required privilege is not held by the client: 'Edmonton' -> 'C:\\Users\\Acer\\AppData\\Local\\Temp\\scanner_fs_temx7975\\rootfs\\usr\\share\\zoneinfo\\America\\Yellowknife'
2026-08-23T18:22:29+0530 WARNING container_scanner Skipping unsafe symlink usr/share/zoneinfo/Arctic/Longyearbyen -> ../Europe/Oslo
2026-08-23T18:22:29+0530 WARNING container_scanner Skipping symlink usr/share/zoneinfo/Asia/Chongqing -> Shanghai: [WinError 1314] A required privilege is not held by the client: 'Shanghai' -> 'C:\\Users\\Acer\\AppData\\Local\\Temp\\scanner_fs_temx7975\\rootfs\\usr\\share\\zoneinfo\\Asia\\Chongqing'
2026-08-23T18:22:30+0530 WARNING container_scanner Skipping symlink usr/share/zoneinfo/Asia/Harbin -> Shanghai: [WinError 1314] A required privilege is not held by the client: 'Shanghai' -> 'C:\\Users\\Acer\\AppData\\Local\\Temp\\scanner_fs_temx7975\\rootfs\\usr\\share\\zoneinfo\\Asia\\Harbin'
2026-08-23T18:22:30+0530 WARNING container_scanner Skipping unsafe symlink usr/share/zoneinfo/Asia/Istanbul -> ../Europe/Istanbul
2026-08-23T18:22:30+0530 WARNING container_scanner Skipping symlink usr/share/zoneinfo/Asia/Kashgar -> Urumqi: [WinError 1314] A required privilege is not held by the client: 'Urumqi' -> 'C:\\Users\\Acer\\AppData\\Local\\Temp\\scanner_fs_temx7975\\rootfs\\usr\\share\\zoneinfo\\Asia\\Kashgar'
2026-08-23T18:22:30+0530 WARNING container_scanner Skipping symlink usr/share/zoneinfo/Asia/Tel_Aviv -> Jerusalem: [WinError 1314] A required privilege is not held by the client: 'Jerusalem' -> 'C:\\Users\\Acer\\AppData\\Local\\Temp\\scanner_fs_temx7975\\rootfs\\usr\\share\\zoneinfo\\Asia\\Tel_Aviv'
2026-08-23T18:22:30+0530 WARNING container_scanner Skipping unsafe symlink usr/share/zoneinfo/Atlantic/Jan_Mayen -> ../Europe/Oslo
2026-08-23T18:22:30+0530 WARNING container_scanner Skipping symlink usr/share/zoneinfo/Australia/Canberra -> Sydney: [WinError 1314] A required privilege is not held by the client: 'Sydney' -> 'C:\\Users\\Acer\\AppData\\Local\\Temp\\scanner_fs_temx7975\\rootfs\\usr\\share\\zoneinfo\\Australia\\Canberra'
2026-08-23T18:22:30+0530 WARNING container_scanner Skipping symlink usr/share/zoneinfo/Australia/Currie -> Hobart: [WinError 1314] A required privilege is not held by the client: 'Hobart' -> 'C:\\Users\\Acer\\AppData\\Local\\Temp\\scanner_fs_temx7975\\rootfs\\usr\\share\\zoneinfo\\Australia\\Currie'
2026-08-23T18:22:30+0530 WARNING container_scanner Skipping symlink usr/share/zoneinfo/Australia/Yancowinna -> Broken_Hill: [WinError 1314] A required privilege is not held by the client: 'Broken_Hill' -> 'C:\\Users\\Acer\\AppData\\Local\\Temp\\scanner_fs_temx7975\\rootfs\\usr\\share\\zoneinfo\\Australia\\Yancowinna'
2026-08-23T18:22:30+0530 WARNING container_scanner Skipping symlink usr/share/zoneinfo/Etc/GMT+0 -> GMT: [WinError 1314] A required privilege is not held by the client: 'GMT' -> 'C:\\Users\\Acer\\AppData\\Local\\Temp\\scanner_fs_temx7975\\rootfs\\usr\\share\\zoneinfo\\Etc\\GMT+0'
2026-08-23T18:22:30+0530 WARNING container_scanner Skipping symlink usr/share/zoneinfo/Etc/GMT-0 -> GMT: [WinError 1314] A required privilege is not held by the client: 'GMT' -> 'C:\\Users\\Acer\\AppData\\Local\\Temp\\scanner_fs_temx7975\\rootfs\\usr\\share\\zoneinfo\\Etc\\GMT-0'
2026-08-23T18:22:30+0530 WARNING container_scanner Skipping symlink usr/share/zoneinfo/Etc/GMT0 -> GMT: [WinError 1314] A required privilege is not held by the client: 'GMT' -> 'C:\\Users\\Acer\\AppData\\Local\\Temp\\scanner_fs_temx7975\\rootfs\\usr\\share\\zoneinfo\\Etc\\GMT0'
2026-08-23T18:22:30+0530 WARNING container_scanner Skipping symlink usr/share/zoneinfo/Etc/Greenwich -> GMT: [WinError 1314] A required privilege is not held by the client: 'GMT' -> 'C:\\Users\\Acer\\AppData\\Local\\Temp\\scanner_fs_temx7975\\rootfs\\usr\\share\\zoneinfo\\Etc\\Greenwich'
2026-08-23T18:22:30+0530 WARNING container_scanner Skipping symlink usr/share/zoneinfo/Etc/UCT -> UTC: [WinError 1314] A required privilege is not held by the client: 'UTC' -> 'C:\\Users\\Acer\\AppData\\Local\\Temp\\scanner_fs_temx7975\\rootfs\\usr\\share\\zoneinfo\\Etc\\UCT'
2026-08-23T18:22:30+0530 WARNING container_scanner Skipping symlink usr/share/zoneinfo/Etc/Universal -> UTC: [WinError 1314] A required privilege is not held by the client: 'UTC' -> 'C:\\Users\\Acer\\AppData\\Local\\Temp\\scanner_fs_temx7975\\rootfs\\usr\\share\\zoneinfo\\Etc\\Universal'
2026-08-23T18:22:30+0530 WARNING container_scanner Skipping symlink usr/share/zoneinfo/Etc/Zulu -> UTC: [WinError 1314] A required privilege is not held by the client: 'UTC' -> 'C:\\Users\\Acer\\AppData\\Local\\Temp\\scanner_fs_temx7975\\rootfs\\usr\\share\\zoneinfo\\Etc\\Zulu'
2026-08-23T18:22:30+0530 WARNING container_scanner Skipping symlink usr/share/zoneinfo/Europe/Belfast -> London: [WinError 1314] A required privilege is not held by the client: 'London' -> 'C:\\Users\\Acer\\AppData\\Local\\Temp\\scanner_fs_temx7975\\rootfs\\usr\\share\\zoneinfo\\Europe\\Belfast'
2026-08-23T18:22:30+0530 WARNING container_scanner Skipping symlink usr/share/zoneinfo/Europe/Bratislava -> Prague: [WinError 1314] A required privilege is not held by the client: 'Prague' -> 'C:\\Users\\Acer\\AppData\\Local\\Temp\\scanner_fs_temx7975\\rootfs\\usr\\share\\zoneinfo\\Europe\\Bratislava'
2026-08-23T18:22:30+0530 WARNING container_scanner Skipping symlink usr/share/zoneinfo/Europe/Busingen -> Zurich: [WinError 1314] A required privilege is not held by the client: 'Zurich' -> 'C:\\Users\\Acer\\AppData\\Local\\Temp\\scanner_fs_temx7975\\rootfs\\usr\\share\\zoneinfo\\Europe\\Busingen'
2026-08-23T18:22:30+0530 WARNING container_scanner Skipping symlink usr/share/zoneinfo/Europe/Mariehamn -> Helsinki: [WinError 1314] A required privilege is not held by the client: 'Helsinki' -> 'C:\\Users\\Acer\\AppData\\Local\\Temp\\scanner_fs_temx7975\\rootfs\\usr\\share\\zoneinfo\\Europe\\Mariehamn'
2026-08-23T18:22:30+0530 WARNING container_scanner Skipping unsafe symlink usr/share/zoneinfo/Europe/Nicosia -> ../Asia/Nicosia
2026-08-23T18:22:30+0530 WARNING container_scanner Skipping symlink usr/share/zoneinfo/Europe/Podgorica -> Belgrade: [WinError 1314] A required privilege is not held by the client: 'Belgrade' -> 'C:\\Users\\Acer\\AppData\\Local\\Temp\\scanner_fs_temx7975\\rootfs\\usr\\share\\zoneinfo\\Europe\\Podgorica'
2026-08-23T18:22:30+0530 WARNING container_scanner Skipping symlink usr/share/zoneinfo/Europe/San_Marino -> Rome: [WinError 1314] A required privilege is not held by the client: 'Rome' -> 'C:\\Users\\Acer\\AppData\\Local\\Temp\\scanner_fs_temx7975\\rootfs\\usr\\share\\zoneinfo\\Europe\\San_Marino'
2026-08-23T18:22:30+0530 WARNING container_scanner Skipping symlink usr/share/zoneinfo/Europe/Tiraspol -> Chisinau: [WinError 1314] A required privilege is not held by the client: 'Chisinau' -> 'C:\\Users\\Acer\\AppData\\Local\\Temp\\scanner_fs_temx7975\\rootfs\\usr\\share\\zoneinfo\\Europe\\Tiraspol'
2026-08-23T18:22:30+0530 WARNING container_scanner Skipping symlink usr/share/zoneinfo/Europe/Vatican -> Rome: [WinError 1314] A required privilege is not held by the client: 'Rome' -> 'C:\\Users\\Acer\\AppData\\Local\\Temp\\scanner_fs_temx7975\\rootfs\\usr\\share\\zoneinfo\\Europe\\Vatican'
2026-08-23T18:22:30+0530 WARNING container_scanner Skipping symlink usr/share/zoneinfo/GMT -> Etc/GMT: [WinError 1314] A required privilege is not held by the client: 'Etc/GMT' -> 'C:\\Users\\Acer\\AppData\\Local\\Temp\\scanner_fs_temx7975\\rootfs\\usr\\share\\zoneinfo\\GMT'
2026-08-23T18:22:30+0530 WARNING container_scanner Skipping symlink usr/share/zoneinfo/Pacific/Johnston -> Honolulu: [WinError 1314] A required privilege is not held by the client: 'Honolulu' -> 'C:\\Users\\Acer\\AppData\\Local\\Temp\\scanner_fs_temx7975\\rootfs\\usr\\share\\zoneinfo\\Pacific\\Johnston'
2026-08-23T18:22:30+0530 WARNING container_scanner Skipping symlink usr/share/zoneinfo/Pacific/Samoa -> Pago_Pago: [WinError 1314] A required privilege is not held by the client: 'Pago_Pago' -> 'C:\\Users\\Acer\\AppData\\Local\\Temp\\scanner_fs_temx7975\\rootfs\\usr\\share\\zoneinfo\\Pacific\\Samoa'
2026-08-23T18:22:30+0530 WARNING container_scanner Skipping symlink usr/share/zoneinfo/Pacific/Yap -> Chuuk: [WinError 1314] A required privilege is not held by the client: 'Chuuk' -> 'C:\\Users\\Acer\\AppData\\Local\\Temp\\scanner_fs_temx7975\\rootfs\\usr\\share\\zoneinfo\\Pacific\\Yap'
2026-08-23T18:22:30+0530 WARNING container_scanner Skipping symlink usr/share/zoneinfo/UTC -> Etc/UTC: [WinError 1314] A required privilege is not held by the client: 'Etc/UTC' -> 'C:\\Users\\Acer\\AppData\\Local\\Temp\\scanner_fs_temx7975\\rootfs\\usr\\share\\zoneinfo\\UTC'
2026-08-23T18:22:30+0530 WARNING container_scanner Skipping symlink usr/share/zoneinfo/localtime -> /etc/localtime: [WinError 1314] A required privilege is not held by the client: '../../../etc/localtime' -> 'C:\\Users\\Acer\\AppData\\Local\\Temp\\scanner_fs_temx7975\\rootfs\\usr\\share\\zoneinfo\\localtime'
2026-08-23T18:22:30+0530 WARNING container_scanner Skipping symlink usr/share/zoneinfo/posixrules -> America/New_York: [WinError 1314] A required privilege is not held by the client: 'America/New_York' -> 'C:\\Users\\Acer\\AppData\\Local\\Temp\\scanner_fs_temx7975\\rootfs\\usr\\share\\zoneinfo\\posixrules'
2026-08-23T18:22:31+0530 WARNING container_scanner Skipping symlink var/lock -> /run/lock: [WinError 1314] A required privilege is not held by the client: '../run/lock' -> 'C:\\Users\\Acer\\AppData\\Local\\Temp\\scanner_fs_temx7975\\rootfs\\var\\lock'
2026-08-23T18:22:31+0530 WARNING container_scanner Skipping symlink var/run -> /run: [WinError 1314] A required privilege is not held by the client: '../run' -> 'C:\\Users\\Acer\\AppData\\Local\\Temp\\scanner_fs_temx7975\\rootfs\\var\\run'
2026-08-23T18:22:31+0530 WARNING container_scanner Skipping unsafe symlink var/spool/mail -> ../mail
2026-08-23T18:22:31+0530 INFO container_scanner Downloading layer sha256:746b934a...
2026-08-23T18:22:33+0530 INFO container_scanner Extracting 746b934a89606425f83753d36c89bf2ed6f83fb4fc03ee69cf30e96873e86397.tar.gz
2026-08-23T18:22:33+0530 WARNING container_scanner Skipping symlink etc/fonts/conf.d/10-hinting-slight.conf -> /usr/share/fontconfig/conf.avail/10-hinting-slight.conf: [WinError 1314] A required privilege is not held by the client: '../../../usr/share/fontconfig/conf.avail/10-hinting-slight.conf' -> 'C:\\Users\\Acer\\AppData\\Local\\Temp\\scanner_fs_temx7975\\rootfs\\etc\\fonts\\conf.d\\10-hinting-slight.conf'
2026-08-23T18:22:33+0530 WARNING container_scanner Skipping symlink etc/fonts/conf.d/10-scale-bitmap-fonts.conf -> /usr/share/fontconfig/conf.avail/10-scale-bitmap-fonts.conf: [WinError 1314] A required privilege is not held by the client: '../../../usr/share/fontconfig/conf.avail/10-scale-bitmap-fonts.conf' -> 'C:\\Users\\Acer\\AppData\\Local\\Temp\\scanner_fs_temx7975\\rootfs\\etc\\fonts\\conf.d\\10-scale-bitmap-fonts.conf'
2026-08-23T18:22:33+0530 WARNING container_scanner Skipping symlink etc/fonts/conf.d/10-sub-pixel-none.conf -> /usr/share/fontconfig/conf.avail/10-sub-pixel-none.conf: [WinError 1314] A required privilege is not held by the client: '../../../usr/share/fontconfig/conf.avail/10-sub-pixel-none.conf' -> 'C:\\Users\\Acer\\AppData\\Local\\Temp\\scanner_fs_temx7975\\rootfs\\etc\\fonts\\conf.d\\10-sub-pixel-none.conf'
2026-08-23T18:22:33+0530 WARNING container_scanner Skipping symlink etc/fonts/conf.d/10-yes-antialias.conf -> /usr/share/fontconfig/conf.avail/10-yes-antialias.conf: [WinError 1314] A required privilege is not held by the client: '../../../usr/share/fontconfig/conf.avail/10-yes-antialias.conf' -> 'C:\\Users\\Acer\\AppData\\Local\\Temp\\scanner_fs_temx7975\\rootfs\\etc\\fonts\\conf.d\\10-yes-antialias.conf'
2026-08-23T18:22:33+0530 WARNING container_scanner Skipping symlink etc/fonts/conf.d/11-lcdfilter-default.conf -> /usr/share/fontconfig/conf.avail/11-lcdfilter-default.conf: [WinError 1314] A required privilege is not held by the client: '../../../usr/share/fontconfig/conf.avail/11-lcdfilter-default.conf' -> 'C:\\Users\\Acer\\AppData\\Local\\Temp\\scanner_fs_temx7975\\rootfs\\etc\\fonts\\conf.d\\11-lcdfilter-default.conf'
2026-08-23T18:22:33+0530 WARNING container_scanner Skipping unsafe symlink etc/fonts/conf.d/20-unhint-small-dejavu-lgc-sans-mono.conf -> ../conf.avail/20-unhint-small-dejavu-lgc-sans-mono.conf
2026-08-23T18:22:33+0530 WARNING container_scanner Skipping unsafe symlink etc/fonts/conf.d/20-unhint-small-dejavu-lgc-sans.conf -> ../conf.avail/20-unhint-small-dejavu-lgc-sans.conf
2026-08-23T18:22:33+0530 WARNING container_scanner Skipping unsafe symlink etc/fonts/conf.d/20-unhint-small-dejavu-lgc-serif.conf -> ../conf.avail/20-unhint-small-dejavu-lgc-serif.conf
2026-08-23T18:22:33+0530 WARNING container_scanner Skipping unsafe symlink etc/fonts/conf.d/20-unhint-small-dejavu-sans-mono.conf -> ../conf.avail/20-unhint-small-dejavu-sans-mono.conf
2026-08-23T18:22:33+0530 WARNING container_scanner Skipping unsafe symlink etc/fonts/conf.d/20-unhint-small-dejavu-sans.conf -> ../conf.avail/20-unhint-small-dejavu-sans.conf
2026-08-23T18:22:33+0530 WARNING container_scanner Skipping unsafe symlink etc/fonts/conf.d/20-unhint-small-dejavu-serif.conf -> ../conf.avail/20-unhint-small-dejavu-serif.conf
2026-08-23T18:22:33+0530 WARNING container_scanner Skipping symlink etc/fonts/conf.d/20-unhint-small-vera.conf -> /usr/share/fontconfig/conf.avail/20-unhint-small-vera.conf: [WinError 1314] A required privilege is not held by the client: '../../../usr/share/fontconfig/conf.avail/20-unhint-small-vera.conf' -> 'C:\\Users\\Acer\\AppData\\Local\\Temp\\scanner_fs_temx7975\\rootfs\\etc\\fonts\\conf.d\\20-unhint-small-vera.conf'
2026-08-23T18:22:33+0530 WARNING container_scanner Skipping symlink etc/fonts/conf.d/30-metric-aliases.conf -> /usr/share/fontconfig/conf.avail/30-metric-aliases.conf: [WinError 1314] A required privilege is not held by the client: '../../../usr/share/fontconfig/conf.avail/30-metric-aliases.conf' -> 'C:\\Users\\Acer\\AppData\\Local\\Temp\\scanner_fs_temx7975\\rootfs\\etc\\fonts\\conf.d\\30-metric-aliases.conf'
2026-08-23T18:22:33+0530 WARNING container_scanner Skipping symlink etc/fonts/conf.d/40-nonlatin.conf -> /usr/share/fontconfig/conf.avail/40-nonlatin.conf: [WinError 1314] A required privilege is not held by the client: '../../../usr/share/fontconfig/conf.avail/40-nonlatin.conf' -> 'C:\\Users\\Acer\\AppData\\Local\\Temp\\scanner_fs_temx7975\\rootfs\\etc\\fonts\\conf.d\\40-nonlatin.conf'
2026-08-23T18:22:33+0530 WARNING container_scanner Skipping symlink etc/fonts/conf.d/45-generic.conf -> /usr/share/fontconfig/conf.avail/45-generic.conf: [WinError 1314] A required privilege is not held by the client: '../../../usr/share/fontconfig/conf.avail/45-generic.conf' -> 'C:\\Users\\Acer\\AppData\\Local\\Temp\\scanner_fs_temx7975\\rootfs\\etc\\fonts\\conf.d\\45-generic.conf'
2026-08-23T18:22:33+0530 WARNING container_scanner Skipping symlink etc/fonts/conf.d/45-latin.conf -> /usr/share/fontconfig/conf.avail/45-latin.conf: [WinError 1314] A required privilege is not held by the client: '../../../usr/share/fontconfig/conf.avail/45-latin.conf' -> 'C:\\Users\\Acer\\AppData\\Local\\Temp\\scanner_fs_temx7975\\rootfs\\etc\\fonts\\conf.d\\45-latin.conf'
2026-08-23T18:22:33+0530 WARNING container_scanner Skipping symlink etc/fonts/conf.d/48-spacing.conf -> /usr/share/fontconfig/conf.avail/48-spacing.conf: [WinError 1314] A required privilege is not held by the client: '../../../usr/share/fontconfig/conf.avail/48-spacing.conf' -> 'C:\\Users\\Acer\\AppData\\Local\\Temp\\scanner_fs_temx7975\\rootfs\\etc\\fonts\\conf.d\\48-spacing.conf'
2026-08-23T18:22:33+0530 WARNING container_scanner Skipping symlink etc/fonts/conf.d/49-sansserif.conf -> /usr/share/fontconfig/conf.avail/49-sansserif.conf: [WinError 1314] A required privilege is not held by the client: '../../../usr/share/fontconfig/conf.avail/49-sansserif.conf' -> 'C:\\Users\\Acer\\AppData\\Local\\Temp\\scanner_fs_temx7975\\rootfs\\etc\\fonts\\conf.d\\49-sansserif.conf'
2026-08-23T18:22:33+0530 WARNING container_scanner Skipping symlink etc/fonts/conf.d/50-user.conf -> /usr/share/fontconfig/conf.avail/50-user.conf: [WinError 1314] A required privilege is not held by the client: '../../../usr/share/fontconfig/conf.avail/50-user.conf' -> 'C:\\Users\\Acer\\AppData\\Local\\Temp\\scanner_fs_temx7975\\rootfs\\etc\\fonts\\conf.d\\50-user.conf'
2026-08-23T18:22:33+0530 WARNING container_scanner Skipping symlink etc/fonts/conf.d/51-local.conf -> /usr/share/fontconfig/conf.avail/51-local.conf: [WinError 1314] A required privilege is not held by the client: '../../../usr/share/fontconfig/conf.avail/51-local.conf' -> 'C:\\Users\\Acer\\AppData\\Local\\Temp\\scanner_fs_temx7975\\rootfs\\etc\\fonts\\conf.d\\51-local.conf'
2026-08-23T18:22:33+0530 WARNING container_scanner Skipping unsafe symlink etc/fonts/conf.d/57-dejavu-sans-mono.conf -> ../conf.avail/57-dejavu-sans-mono.conf
2026-08-23T18:22:33+0530 WARNING container_scanner Skipping unsafe symlink etc/fonts/conf.d/57-dejavu-sans.conf -> ../conf.avail/57-dejavu-sans.conf
2026-08-23T18:22:33+0530 WARNING container_scanner Skipping unsafe symlink etc/fonts/conf.d/57-dejavu-serif.conf -> ../conf.avail/57-dejavu-serif.conf
2026-08-23T18:22:33+0530 WARNING container_scanner Skipping unsafe symlink etc/fonts/conf.d/58-dejavu-lgc-sans-mono.conf -> ../conf.avail/58-dejavu-lgc-sans-mono.conf
2026-08-23T18:22:33+0530 WARNING container_scanner Skipping unsafe symlink etc/fonts/conf.d/58-dejavu-lgc-sans.conf -> ../conf.avail/58-dejavu-lgc-sans.conf
2026-08-23T18:22:33+0530 WARNING container_scanner Skipping unsafe symlink etc/fonts/conf.d/58-dejavu-lgc-serif.conf -> ../conf.avail/58-dejavu-lgc-serif.conf
2026-08-23T18:22:33+0530 WARNING container_scanner Skipping symlink etc/fonts/conf.d/60-generic.conf -> /usr/share/fontconfig/conf.avail/60-generic.conf: [WinError 1314] A required privilege is not held by the client: '../../../usr/share/fontconfig/conf.avail/60-generic.conf' -> 'C:\\Users\\Acer\\AppData\\Local\\Temp\\scanner_fs_temx7975\\rootfs\\etc\\fonts\\conf.d\\60-generic.conf'
2026-08-23T18:22:33+0530 WARNING container_scanner Skipping symlink etc/fonts/conf.d/60-latin.conf -> /usr/share/fontconfig/conf.avail/60-latin.conf: [WinError 1314] A required privilege is not held by the client: '../../../usr/share/fontconfig/conf.avail/60-latin.conf' -> 'C:\\Users\\Acer\\AppData\\Local\\Temp\\scanner_fs_temx7975\\rootfs\\etc\\fonts\\conf.d\\60-latin.conf'
2026-08-23T18:22:33+0530 WARNING container_scanner Skipping symlink etc/fonts/conf.d/65-fonts-persian.conf -> /usr/share/fontconfig/conf.avail/65-fonts-persian.conf: [WinError 1314] A required privilege is not held by the client: '../../../usr/share/fontconfig/conf.avail/65-fonts-persian.conf' -> 'C:\\Users\\Acer\\AppData\\Local\\Temp\\scanner_fs_temx7975\\rootfs\\etc\\fonts\\conf.d\\65-fonts-persian.conf'
2026-08-23T18:22:33+0530 WARNING container_scanner Skipping symlink etc/fonts/conf.d/65-nonlatin.conf -> /usr/share/fontconfig/conf.avail/65-nonlatin.conf: [WinError 1314] A required privilege is not held by the client: '../../../usr/share/fontconfig/conf.avail/65-nonlatin.conf' -> 'C:\\Users\\Acer\\AppData\\Local\\Temp\\scanner_fs_temx7975\\rootfs\\etc\\fonts\\conf.d\\65-nonlatin.conf'
2026-08-23T18:22:33+0530 WARNING container_scanner Skipping symlink etc/fonts/conf.d/69-unifont.conf -> /usr/share/fontconfig/conf.avail/69-unifont.conf: [WinError 1314] A required privilege is not held by the client: '../../../usr/share/fontconfig/conf.avail/69-unifont.conf' -> 'C:\\Users\\Acer\\AppData\\Local\\Temp\\scanner_fs_temx7975\\rootfs\\etc\\fonts\\conf.d\\69-unifont.conf'
2026-08-23T18:22:33+0530 WARNING container_scanner Skipping symlink etc/fonts/conf.d/70-no-bitmaps-except-emoji.conf -> /usr/share/fontconfig/conf.avail/70-no-bitmaps-except-emoji.conf: [WinError 1314] A required privilege is not held by the client: '../../../usr/share/fontconfig/conf.avail/70-no-bitmaps-except-emoji.conf' -> 'C:\\Users\\Acer\\AppData\\Local\\Temp\\scanner_fs_temx7975\\rootfs\\etc\\fonts\\conf.d\\70-no-bitmaps-except-emoji.conf'
2026-08-23T18:22:33+0530 WARNING container_scanner Skipping symlink etc/fonts/conf.d/80-delicious.conf -> /usr/share/fontconfig/conf.avail/80-delicious.conf: [WinError 1314] A required privilege is not held by the client: '../../../usr/share/fontconfig/conf.avail/80-delicious.conf' -> 'C:\\Users\\Acer\\AppData\\Local\\Temp\\scanner_fs_temx7975\\rootfs\\etc\\fonts\\conf.d\\80-delicious.conf'
2026-08-23T18:22:33+0530 WARNING container_scanner Skipping symlink etc/fonts/conf.d/90-synthetic.conf -> /usr/share/fontconfig/conf.avail/90-synthetic.conf: [WinError 1314] A required privilege is not held by the client: '../../../usr/share/fontconfig/conf.avail/90-synthetic.conf' -> 'C:\\Users\\Acer\\AppData\\Local\\Temp\\scanner_fs_temx7975\\rootfs\\etc\\fonts\\conf.d\\90-synthetic.conf'
2026-08-23T18:22:33+0530 WARNING container_scanner Skipping symlink etc/nginx/modules -> /usr/lib/nginx/modules: [WinError 1314] A required privilege is not held by the client: '../../usr/lib/nginx/modules' -> 'C:\\Users\\Acer\\AppData\\Local\\Temp\\scanner_fs_temx7975\\rootfs\\etc\\nginx\\modules'
2026-08-23T18:22:33+0530 WARNING container_scanner Skipping unsafe symlink etc/rc0.d/K01nginx -> ../init.d/nginx
2026-08-23T18:22:33+0530 WARNING container_scanner Skipping unsafe symlink etc/rc1.d/K01nginx -> ../init.d/nginx
2026-08-23T18:22:33+0530 WARNING container_scanner Skipping unsafe symlink etc/rc2.d/S01nginx -> ../init.d/nginx
2026-08-23T18:22:33+0530 WARNING container_scanner Skipping unsafe symlink etc/rc3.d/S01nginx -> ../init.d/nginx
2026-08-23T18:22:33+0530 WARNING container_scanner Skipping unsafe symlink etc/rc4.d/S01nginx -> ../init.d/nginx
2026-08-23T18:22:33+0530 WARNING container_scanner Skipping unsafe symlink etc/rc5.d/S01nginx -> ../init.d/nginx
2026-08-23T18:22:33+0530 WARNING container_scanner Skipping unsafe symlink etc/rc6.d/K01nginx -> ../init.d/nginx
2026-08-23T18:22:33+0530 WARNING container_scanner Skipping symlink etc/ssl/certs/002c0b4f.0 -> GlobalSign_Root_R46.pem: [WinError 1314] A required privilege is not held by the client: 'GlobalSign_Root_R46.pem' -> 'C:\\Users\\Acer\\AppData\\Local\\Temp\\scanner_fs_temx7975\\rootfs\\etc\\ssl\\certs\\002c0b4f.0'
2026-08-23T18:22:33+0530 WARNING container_scanner Skipping symlink etc/ssl/certs/0179095f.0 -> BJCA_Global_Root_CA1.pem: [WinError 1314] A required privilege is not held by the client: 'BJCA_Global_Root_CA1.pem' -> 'C:\\Users\\Acer\\AppData\\Local\\Temp\\scanner_fs_temx7975\\rootfs\\etc\\ssl\\certs\\0179095f.0'
2026-08-23T18:22:33+0530 WARNING container_scanner Skipping symlink etc/ssl/certs/02265526.0 -> Entrust_Root_Certification_Authority_-_G2.pem: [WinError 1314] A required privilege is not held by the client: 'Entrust_Root_Certification_Authority_-_G2.pem' -> 'C:\\Users\\Acer\\AppData\\Local\\Temp\\scanner_fs_temx7975\\rootfs\\etc\\ssl\\certs\\02265526.0'
2026-08-23T18:22:33+0530 WARNING container_scanner Skipping symlink etc/ssl/certs/062cdee6.0 -> GlobalSign_Root_CA_-_R3.pem: [WinError 1314] A required privilege is not held by the client: 'GlobalSign_Root_CA_-_R3.pem' -> 'C:\\Users\\Acer\\AppData\\Local\\Temp\\scanner_fs_temx7975\\rootfs\\etc\\ssl\\certs\\062cdee6.0'
2026-08-23T18:22:34+0530 WARNING container_scanner Skipping symlink etc/ssl/certs/064e0aa9.0 -> QuoVadis_Root_CA_2_G3.pem: [WinError 1314] A required privilege is not held by the client: 'QuoVadis_Root_CA_2_G3.pem' -> 'C:\\Users\\Acer\\AppData\\Local\\Temp\\scanner_fs_temx7975\\rootfs\\etc\\ssl\\certs\\064e0aa9.0'
2026-08-23T18:22:34+0530 WARNING container_scanner Skipping symlink etc/ssl/certs/06dc52d5.0 -> SSL.com_EV_Root_Certification_Authority_RSA_R2.pem: [WinError 1314] A required privilege is not held by the client: 'SSL.com_EV_Root_Certification_Authority_RSA_R2.pem' -> 'C:\\Users\\Acer\\AppData\\Local\\Temp\\scanner_fs_temx7975\\rootfs\\etc\\ssl\\certs\\06dc52d5.0'
2026-08-23T18:22:34+0530 WARNING container_scanner Skipping symlink etc/ssl/certs/09789157.0 -> Starfield_Services_Root_Certificate_Authority_-_G2.pem: [WinError 1314] A required privilege is not held by the client: 'Starfield_Services_Root_Certificate_Authority_-_G2.pem' -> 'C:\\Users\\Acer\\AppData\\Local\\Temp\\scanner_fs_temx7975\\rootfs\\etc\\ssl\\certs\\09789157.0'
2026-08-23T18:22:34+0530 WARNING container_scanner Skipping symlink etc/ssl/certs/0a775a30.0 -> GTS_Root_R3.pem: [WinError 1314] A required privilege is not held by the client: 'GTS_Root_R3.pem' -> 'C:\\Users\\Acer\\AppData\\Local\\Temp\\scanner_fs_temx7975\\rootfs\\etc\\ssl\\certs\\0a775a30.0'
2026-08-23T18:22:34+0530 WARNING container_scanner Skipping symlink etc/ssl/certs/0b1b94ef.0 -> CFCA_EV_ROOT.pem: [WinError 1314] A required privilege is not held by the client: 'CFCA_EV_ROOT.pem' -> 'C:\\Users\\Acer\\AppData\\Local\\Temp\\scanner_fs_temx7975\\rootfs\\etc\\ssl\\certs\\0b1b94ef.0'
2026-08-23T18:22:34+0530 WARNING container_scanner Skipping symlink etc/ssl/certs/0b9bc432.0 -> ISRG_Root_X2.pem: [WinError 1314] A required privilege is not held by the client: 'ISRG_Root_X2.pem' -> 'C:\\Users\\Acer\\AppData\\Local\\Temp\\scanner_fs_temx7975\\rootfs\\etc\\ssl\\certs\\0b9bc432.0'
2026-08-23T18:22:34+0530 WARNING container_scanner Skipping symlink etc/ssl/certs/0bf05006.0 -> SSL.com_Root_Certification_Authority_ECC.pem: [WinError 1314] A required privilege is not held by the client: 'SSL.com_Root_Certification_Authority_ECC.pem' -> 'C:\\Users\\Acer\\AppData\\Local\\Temp\\scanner_fs_temx7975\\rootfs\\etc\\ssl\\certs\\0bf05006.0'
2026-08-23T18:22:34+0530 WARNING container_scanner Skipping symlink etc/ssl/certs/0f5dc4f3.0 -> UCA_Extended_Validation_Root.pem: [WinError 1314] A required privilege is not held by the client: 'UCA_Extended_Validation_Root.pem' -> 'C:\\Users\\Acer\\AppData\\Local\\Temp\\scanner_fs_temx7975\\rootfs\\etc\\ssl\\certs\\0f5dc4f3.0'
2026-08-23T18:22:34+0530 WARNING container_scanner Skipping symlink etc/ssl/certs/0f6fa695.0 -> GDCA_TrustAUTH_R5_ROOT.pem: [WinError 1314] A required privilege is not held by the client: 'GDCA_TrustAUTH_R5_ROOT.pem' -> 'C:\\Users\\Acer\\AppData\\Local\\Temp\\scanner_fs_temx7975\\rootfs\\etc\\ssl\\certs\\0f6fa695.0'
2026-08-23T18:22:34+0530 WARNING container_scanner Skipping symlink etc/ssl/certs/1001acf7.0 -> GTS_Root_R1.pem: [WinError 1314] A required privilege is not held by the client: 'GTS_Root_R1.pem' -> 'C:\\Users\\Acer\\AppData\\Local\\Temp\\scanner_fs_temx7975\\rootfs\\etc\\ssl\\certs\\1001acf7.0'
2026-08-23T18:22:34+0530 WARNING container_scanner Skipping symlink etc/ssl/certs/106f3e4d.0 -> Entrust_Root_Certification_Authority_-_EC1.pem: [WinError 1314] A required privilege is not held by the client: 'Entrust_Root_Certification_Authority_-_EC1.pem' -> 'C:\\Users\\Acer\\AppData\\Local\\Temp\\scanner_fs_temx7975\\rootfs\\etc\\ssl\\certs\\106f3e4d.0'
2026-08-23T18:22:34+0530 WARNING container_scanner Skipping symlink etc/ssl/certs/14bc7599.0 -> emSign_ECC_Root_CA_-_G3.pem: [WinError 1314] A required privilege is not held by the client: 'emSign_ECC_Root_CA_-_G3.pem' -> 'C:\\Users\\Acer\\AppData\\Local\\Temp\\scanner_fs_temx7975\\rootfs\\etc\\ssl\\certs\\14bc7599.0'
2026-08-23T18:22:34+0530 WARNING container_scanner Skipping symlink etc/ssl/certs/1cef98f5.0 -> TrustAsia_Global_Root_CA_G4.pem: [WinError 1314] A required privilege is not held by the client: 'TrustAsia_Global_Root_CA_G4.pem' -> 'C:\\Users\\Acer\\AppData\\Local\\Temp\\scanner_fs_temx7975\\rootfs\\etc\\ssl\\certs\\1cef98f5.0'
2026-08-23T18:22:34+0530 WARNING container_scanner Skipping symlink etc/ssl/certs/1d3472b9.0 -> GlobalSign_ECC_Root_CA_-_R5.pem: [WinError 1314] A required privilege is not held by the client: 'GlobalSign_ECC_Root_CA_-_R5.pem' -> 'C:\\Users\\Acer\\AppData\\Local\\Temp\\scanner_fs_temx7975\\rootfs\\etc\\ssl\\certs\\1d3472b9.0'
2026-08-23T18:22:34+0530 WARNING container_scanner Skipping symlink etc/ssl/certs/1e08bfd1.0 -> IdenTrust_Public_Sector_Root_CA_1.pem: [WinError 1314] A required privilege is not held by the client: 'IdenTrust_Public_Sector_Root_CA_1.pem' -> 'C:\\Users\\Acer\\AppData\\Local\\Temp\\scanner_fs_temx7975\\rootfs\\etc\\ssl\\certs\\1e08bfd1.0'
2026-08-23T18:22:34+0530 WARNING container_scanner Skipping symlink etc/ssl/certs/1e09d511.0 -> T-TeleSec_GlobalRoot_Class_2.pem: [WinError 1314] A required privilege is not held by the client: 'T-TeleSec_GlobalRoot_Class_2.pem' -> 'C:\\Users\\Acer\\AppData\\Local\\Temp\\scanner_fs_temx7975\\rootfs\\etc\\ssl\\certs\\1e09d511.0'
2026-08-23T18:22:34+0530 WARNING container_scanner Skipping symlink etc/ssl/certs/228f89db.0 -> CommScope_Public_Trust_ECC_Root-01.pem: [WinError 1314] A required privilege is not held by the client: 'CommScope_Public_Trust_ECC_Root-01.pem' -> 'C:\\Users\\Acer\\AppData\\Local\\Temp\\scanner_fs_temx7975\\rootfs\\etc\\ssl\\certs\\228f89db.0'
2026-08-23T18:22:34+0530 WARNING container_scanner Skipping symlink etc/ssl/certs/244b5494.0 -> DigiCert_High_Assurance_EV_Root_CA.pem: [WinError 1314] A required privilege is not held by the client: 'DigiCert_High_Assurance_EV_Root_CA.pem' -> 'C:\\Users\\Acer\\AppData\\Local\\Temp\\scanner_fs_temx7975\\rootfs\\etc\\ssl\\certs\\244b5494.0'
2026-08-23T18:22:34+0530 WARNING container_scanner Skipping symlink etc/ssl/certs/2923b3f9.0 -> emSign_Root_CA_-_G1.pem: [WinError 1314] A required privilege is not held by the client: 'emSign_Root_CA_-_G1.pem' -> 'C:\\Users\\Acer\\AppData\\Local\\Temp\\scanner_fs_temx7975\\rootfs\\etc\\ssl\\certs\\2923b3f9.0'
2026-08-23T18:22:34+0530 WARNING container_scanner Skipping symlink etc/ssl/certs/2ae6433e.0 -> CA_Disig_Root_R2.pem: [WinError 1314] A required privilege is not held by the client: 'CA_Disig_Root_R2.pem' -> 'C:\\Users\\Acer\\AppData\\Local\\Temp\\scanner_fs_temx7975\\rootfs\\etc\\ssl\\certs\\2ae6433e.0'
2026-08-23T18:22:34+0530 WARNING container_scanner Skipping symlink etc/ssl/certs/2b349938.0 -> AffirmTrust_Commercial.pem: [WinError 1314] A required privilege is not held by the client: 'AffirmTrust_Commercial.pem' -> 'C:\\Users\\Acer\\AppData\\Local\\Temp\\scanner_fs_temx7975\\rootfs\\etc\\ssl\\certs\\2b349938.0'
2026-08-23T18:22:34+0530 WARNING container_scanner Skipping symlink etc/ssl/certs/32888f65.0 -> Hellenic_Academic_and_Research_Institutions_RootCA_2015.pem: [WinError 1314] A required privilege is not held by the client: 'Hellenic_Academic_and_Research_Institutions_RootCA_2015.pem' -> 'C:\\Users\\Acer\\AppData\\Local\\Temp\\scanner_fs_temx7975\\rootfs\\etc\\ssl\\certs\\32888f65.0'
2026-08-23T18:22:34+0530 WARNING container_scanner Skipping symlink etc/ssl/certs/3513523f.0 -> DigiCert_Global_Root_CA.pem: [WinError 1314] A required privilege is not held by the client: 'DigiCert_Global_Root_CA.pem' -> 'C:\\Users\\Acer\\AppData\\Local\\Temp\\scanner_fs_temx7975\\rootfs\\etc\\ssl\\certs\\3513523f.0'
2026-08-23T18:22:34+0530 WARNING container_scanner Skipping symlink etc/ssl/certs/3bde41ac.0 -> Autoridad_de_Certificacion_Firmaprofesional_CIF_A62634068.pem: [WinError 1314] A required privilege is not held by the client: 'Autoridad_de_Certificacion_Firmaprofesional_CIF_A62634068.pem' -> 'C:\\Users\\Acer\\AppData\\Local\\Temp\\scanner_fs_temx7975\\rootfs\\etc\\ssl\\certs\\3bde41ac.0'
2026-08-23T18:22:34+0530 WARNING container_scanner Skipping symlink etc/ssl/certs/3e359ba6.0 -> BJCA_Global_Root_CA2.pem: [WinError 1314] A required privilege is not held by the client: 'BJCA_Global_Root_CA2.pem' -> 'C:\\Users\\Acer\\AppData\\Local\\Temp\\scanner_fs_temx7975\\rootfs\\etc\\ssl\\certs\\3e359ba6.0'
2026-08-23T18:22:34+0530 WARNING container_scanner Skipping symlink etc/ssl/certs/3fb36b73.0 -> NAVER_Global_Root_Certification_Authority.pem: [WinError 1314] A required privilege is not held by the client: 'NAVER_Global_Root_Certification_Authority.pem' -> 'C:\\Users\\Acer\\AppData\\Local\\Temp\\scanner_fs_temx7975\\rootfs\\etc\\ssl\\certs\\3fb36b73.0'
2026-08-23T18:22:34+0530 WARNING container_scanner Skipping symlink etc/ssl/certs/40193066.0 -> Certum_Trusted_Network_CA_2.pem: [WinError 1314] A required privilege is not held by the client: 'Certum_Trusted_Network_CA_2.pem' -> 'C:\\Users\\Acer\\AppData\\Local\\Temp\\scanner_fs_temx7975\\rootfs\\etc\\ssl\\certs\\40193066.0'
2026-08-23T18:22:34+0530 WARNING container_scanner Skipping symlink etc/ssl/certs/4042bcee.0 -> ISRG_Root_X1.pem: [WinError 1314] A required privilege is not held by the client: 'ISRG_Root_X1.pem' -> 'C:\\Users\\Acer\\AppData\\Local\\Temp\\scanner_fs_temx7975\\rootfs\\etc\\ssl\\certs\\4042bcee.0'
2026-08-23T18:22:34+0530 WARNING container_scanner Skipping symlink etc/ssl/certs/40547a79.0 -> COMODO_Certification_Authority.pem: [WinError 1314] A required privilege is not held by the client: 'COMODO_Certification_Authority.pem' -> 'C:\\Users\\Acer\\AppData\\Local\\Temp\\scanner_fs_temx7975\\rootfs\\etc\\ssl\\certs\\40547a79.0'
2026-08-23T18:22:34+0530 WARNING container_scanner Skipping symlink etc/ssl/certs/406c9bb1.0 -> emSign_Root_CA_-_C1.pem: [WinError 1314] A required privilege is not held by the client: 'emSign_Root_CA_-_C1.pem' -> 'C:\\Users\\Acer\\AppData\\Local\\Temp\\scanner_fs_temx7975\\rootfs\\etc\\ssl\\certs\\406c9bb1.0'
2026-08-23T18:22:34+0530 WARNING container_scanner Skipping symlink etc/ssl/certs/48bec511.0 -> Certum_Trusted_Network_CA.pem: [WinError 1314] A required privilege is not held by the client: 'Certum_Trusted_Network_CA.pem' -> 'C:\\Users\\Acer\\AppData\\Local\\Temp\\scanner_fs_temx7975\\rootfs\\etc\\ssl\\certs\\48bec511.0'
2026-08-23T18:22:34+0530 WARNING container_scanner Skipping symlink etc/ssl/certs/4b718d9b.0 -> emSign_ECC_Root_CA_-_C3.pem: [WinError 1314] A required privilege is not held by the client: 'emSign_ECC_Root_CA_-_C3.pem' -> 'C:\\Users\\Acer\\AppData\\Local\\Temp\\scanner_fs_temx7975\\rootfs\\etc\\ssl\\certs\\4b718d9b.0'
2026-08-23T18:22:34+0530 WARNING container_scanner Skipping symlink etc/ssl/certs/4bfab552.0 -> Starfield_Root_Certificate_Authority_-_G2.pem: [WinError 1314] A required privilege is not held by the client: 'Starfield_Root_Certificate_Authority_-_G2.pem' -> 'C:\\Users\\Acer\\AppData\\Local\\Temp\\scanner_fs_temx7975\\rootfs\\etc\\ssl\\certs\\4bfab552.0'
2026-08-23T18:22:34+0530 WARNING container_scanner Skipping symlink etc/ssl/certs/4f316efb.0 -> SwissSign_Gold_CA_-_G2.pem: [WinError 1314] A required privilege is not held by the client: 'SwissSign_Gold_CA_-_G2.pem' -> 'C:\\Users\\Acer\\AppData\\Local\\Temp\\scanner_fs_temx7975\\rootfs\\etc\\ssl\\certs\\4f316efb.0'
2026-08-23T18:22:34+0530 WARNING container_scanner Skipping symlink etc/ssl/certs/4fd49c6c.0 -> CommScope_Public_Trust_RSA_Root-02.pem: [WinError 1314] A required privilege is not held by the client: 'CommScope_Public_Trust_RSA_Root-02.pem' -> 'C:\\Users\\Acer\\AppData\\Local\\Temp\\scanner_fs_temx7975\\rootfs\\etc\\ssl\\certs\\4fd49c6c.0'
2026-08-23T18:22:34+0530 WARNING container_scanner Skipping symlink etc/ssl/certs/5443e9e3.0 -> T-TeleSec_GlobalRoot_Class_3.pem: [WinError 1314] A required privilege is not held by the client: 'T-TeleSec_GlobalRoot_Class_3.pem' -> 'C:\\Users\\Acer\\AppData\\Local\\Temp\\scanner_fs_temx7975\\rootfs\\etc\\ssl\\certs\\5443e9e3.0'
2026-08-23T18:22:34+0530 WARNING container_scanner Skipping symlink etc/ssl/certs/54657681.0 -> Buypass_Class_2_Root_CA.pem: [WinError 1314] A required privilege is not held by the client: 'Buypass_Class_2_Root_CA.pem' -> 'C:\\Users\\Acer\\AppData\\Local\\Temp\\scanner_fs_temx7975\\rootfs\\etc\\ssl\\certs\\54657681.0'
2026-08-23T18:22:34+0530 WARNING container_scanner Skipping symlink etc/ssl/certs/5860aaa6.0 -> Security_Communication_ECC_RootCA1.pem: [WinError 1314] A required privilege is not held by the client: 'Security_Communication_ECC_RootCA1.pem' -> 'C:\\Users\\Acer\\AppData\\Local\\Temp\\scanner_fs_temx7975\\rootfs\\etc\\ssl\\certs\\5860aaa6.0'
2026-08-23T18:22:34+0530 WARNING container_scanner Skipping symlink etc/ssl/certs/5931b5bc.0 -> D-TRUST_EV_Root_CA_1_2020.pem: [WinError 1314] A required privilege is not held by the client: 'D-TRUST_EV_Root_CA_1_2020.pem' -> 'C:\\Users\\Acer\\AppData\\Local\\Temp\\scanner_fs_temx7975\\rootfs\\etc\\ssl\\certs\\5931b5bc.0'
2026-08-23T18:22:34+0530 WARNING container_scanner Skipping symlink etc/ssl/certs/5ad8a5d6.0 -> GlobalSign_Root_CA.pem: [WinError 1314] A required privilege is not held by the client: 'GlobalSign_Root_CA.pem' -> 'C:\\Users\\Acer\\AppData\\Local\\Temp\\scanner_fs_temx7975\\rootfs\\etc\\ssl\\certs\\5ad8a5d6.0'
2026-08-23T18:22:34+0530 WARNING container_scanner Skipping symlink etc/ssl/certs/5cd81ad7.0 -> TeliaSonera_Root_CA_v1.pem: [WinError 1314] A required privilege is not held by the client: 'TeliaSonera_Root_CA_v1.pem' -> 'C:\\Users\\Acer\\AppData\\Local\\Temp\\scanner_fs_temx7975\\rootfs\\etc\\ssl\\certs\\5cd81ad7.0'
2026-08-23T18:22:34+0530 WARNING container_scanner Skipping symlink etc/ssl/certs/5f15c80c.0 -> TWCA_Global_Root_CA.pem: [WinError 1314] A required privilege is not held by the client: 'TWCA_Global_Root_CA.pem' -> 'C:\\Users\\Acer\\AppData\\Local\\Temp\\scanner_fs_temx7975\\rootfs\\etc\\ssl\\certs\\5f15c80c.0'
2026-08-23T18:22:34+0530 WARNING container_scanner Skipping symlink etc/ssl/certs/5f618aec.0 -> certSIGN_Root_CA_G2.pem: [WinError 1314] A required privilege is not held by the client: 'certSIGN_Root_CA_G2.pem' -> 'C:\\Users\\Acer\\AppData\\Local\\Temp\\scanner_fs_temx7975\\rootfs\\etc\\ssl\\certs\\5f618aec.0'
2026-08-23T18:22:34+0530 WARNING container_scanner Skipping symlink etc/ssl/certs/607986c7.0 -> DigiCert_Global_Root_G2.pem: [WinError 1314] A required privilege is not held by the client: 'DigiCert_Global_Root_G2.pem' -> 'C:\\Users\\Acer\\AppData\\Local\\Temp\\scanner_fs_temx7975\\rootfs\\etc\\ssl\\certs\\607986c7.0'
2026-08-23T18:22:34+0530 WARNING container_scanner Skipping symlink etc/ssl/certs/616816f6.0 -> SecureSign_Root_CA12.pem: [WinError 1314] A required privilege is not held by the client: 'SecureSign_Root_CA12.pem' -> 'C:\\Users\\Acer\\AppData\\Local\\Temp\\scanner_fs_temx7975\\rootfs\\etc\\ssl\\certs\\616816f6.0'
2026-08-23T18:22:34+0530 WARNING container_scanner Skipping symlink etc/ssl/certs/626dceaf.0 -> GTS_Root_R2.pem: [WinError 1314] A required privilege is not held by the client: 'GTS_Root_R2.pem' -> 'C:\\Users\\Acer\\AppData\\Local\\Temp\\scanner_fs_temx7975\\rootfs\\etc\\ssl\\certs\\626dceaf.0'
2026-08-23T18:22:34+0530 WARNING container_scanner Skipping symlink etc/ssl/certs/653b494a.0 -> Baltimore_CyberTrust_Root.pem: [WinError 1314] A required privilege is not held by the client: 'Baltimore_CyberTrust_Root.pem' -> 'C:\\Users\\Acer\\AppData\\Local\\Temp\\scanner_fs_temx7975\\rootfs\\etc\\ssl\\certs\\653b494a.0'
2026-08-23T18:22:34+0530 WARNING container_scanner Skipping symlink etc/ssl/certs/68dd7389.0 -> Hongkong_Post_Root_CA_3.pem: [WinError 1314] A required privilege is not held by the client: 'Hongkong_Post_Root_CA_3.pem' -> 'C:\\Users\\Acer\\AppData\\Local\\Temp\\scanner_fs_temx7975\\rootfs\\etc\\ssl\\certs\\68dd7389.0'
2026-08-23T18:22:34+0530 WARNING container_scanner Skipping symlink etc/ssl/certs/6a9bdba3.0 -> SecureSign_Root_CA15.pem: [WinError 1314] A required privilege is not held by the client: 'SecureSign_Root_CA15.pem' -> 'C:\\Users\\Acer\\AppData\\Local\\Temp\\scanner_fs_temx7975\\rootfs\\etc\\ssl\\certs\\6a9bdba3.0'
2026-08-23T18:22:34+0530 WARNING container_scanner Skipping symlink etc/ssl/certs/6b99d060.0 -> Entrust_Root_Certification_Authority.pem: [WinError 1314] A required privilege is not held by the client: 'Entrust_Root_Certification_Authority.pem' -> 'C:\\Users\\Acer\\AppData\\Local\\Temp\\scanner_fs_temx7975\\rootfs\\etc\\ssl\\certs\\6b99d060.0'
2026-08-23T18:22:34+0530 WARNING container_scanner Skipping symlink etc/ssl/certs/6d41d539.0 -> Amazon_Root_CA_2.pem: [WinError 1314] A required privilege is not held by the client: 'Amazon_Root_CA_2.pem' -> 'C:\\Users\\Acer\\AppData\\Local\\Temp\\scanner_fs_temx7975\\rootfs\\etc\\ssl\\certs\\6d41d539.0'
2026-08-23T18:22:34+0530 WARNING container_scanner Skipping symlink etc/ssl/certs/6fa5da56.0 -> SSL.com_Root_Certification_Authority_RSA.pem: [WinError 1314] A required privilege is not held by the client: 'SSL.com_Root_Certification_Authority_RSA.pem' -> 'C:\\Users\\Acer\\AppData\\Local\\Temp\\scanner_fs_temx7975\\rootfs\\etc\\ssl\\certs\\6fa5da56.0'
2026-08-23T18:22:34+0530 WARNING container_scanner Skipping symlink etc/ssl/certs/706f604c.0 -> XRamp_Global_CA_Root.pem: [WinError 1314] A required privilege is not held by the client: 'XRamp_Global_CA_Root.pem' -> 'C:\\Users\\Acer\\AppData\\Local\\Temp\\scanner_fs_temx7975\\rootfs\\etc\\ssl\\certs\\706f604c.0'
2026-08-23T18:22:34+0530 WARNING container_scanner Skipping symlink etc/ssl/certs/749e9e03.0 -> QuoVadis_Root_CA_1_G3.pem: [WinError 1314] A required privilege is not held by the client: 'QuoVadis_Root_CA_1_G3.pem' -> 'C:\\Users\\Acer\\AppData\\Local\\Temp\\scanner_fs_temx7975\\rootfs\\etc\\ssl\\certs\\749e9e03.0'
2026-08-23T18:22:34+0530 WARNING container_scanner Skipping symlink etc/ssl/certs/75d1b2ed.0 -> DigiCert_Trusted_Root_G4.pem: [WinError 1314] A required privilege is not held by the client: 'DigiCert_Trusted_Root_G4.pem' -> 'C:\\Users\\Acer\\AppData\\Local\\Temp\\scanner_fs_temx7975\\rootfs\\etc\\ssl\\certs\\75d1b2ed.0'
2026-08-23T18:22:34+0530 WARNING container_scanner Skipping symlink etc/ssl/certs/76faf6c0.0 -> QuoVadis_Root_CA_3.pem: [WinError 1314] A required privilege is not held by the client: 'QuoVadis_Root_CA_3.pem' -> 'C:\\Users\\Acer\\AppData\\Local\\Temp\\scanner_fs_temx7975\\rootfs\\etc\\ssl\\certs\\76faf6c0.0'
2026-08-23T18:22:34+0530 WARNING container_scanner Skipping symlink etc/ssl/certs/7719f463.0 -> Hellenic_Academic_and_Research_Institutions_ECC_RootCA_2015.pem: [WinError 1314] A required privilege is not held by the client: 'Hellenic_Academic_and_Research_Institutions_ECC_RootCA_2015.pem' -> 'C:\\Users\\Acer\\AppData\\Local\\Temp\\scanner_fs_temx7975\\rootfs\\etc\\ssl\\certs\\7719f463.0'
2026-08-23T18:22:34+0530 WARNING container_scanner Skipping symlink etc/ssl/certs/773e07ad.0 -> OISTE_WISeKey_Global_Root_GC_CA.pem: [WinError 1314] A required privilege is not held by the client: 'OISTE_WISeKey_Global_Root_GC_CA.pem' -> 'C:\\Users\\Acer\\AppData\\Local\\Temp\\scanner_fs_temx7975\\rootfs\\etc\\ssl\\certs\\773e07ad.0'
2026-08-23T18:22:34+0530 WARNING container_scanner Skipping symlink etc/ssl/certs/7a3adc42.0 -> vTrus_Root_CA.pem: [WinError 1314] A required privilege is not held by the client: 'vTrus_Root_CA.pem' -> 'C:\\Users\\Acer\\AppData\\Local\\Temp\\scanner_fs_temx7975\\rootfs\\etc\\ssl\\certs\\7a3adc42.0'
2026-08-23T18:22:34+0530 WARNING container_scanner Skipping symlink etc/ssl/certs/7a780d93.0 -> Certainly_Root_R1.pem: [WinError 1314] A required privilege is not held by the client: 'Certainly_Root_R1.pem' -> 'C:\\Users\\Acer\\AppData\\Local\\Temp\\scanner_fs_temx7975\\rootfs\\etc\\ssl\\certs\\7a780d93.0'
2026-08-23T18:22:34+0530 WARNING container_scanner Skipping symlink etc/ssl/certs/7f3d5d1d.0 -> DigiCert_Assured_ID_Root_G3.pem: [WinError 1314] A required privilege is not held by the client: 'DigiCert_Assured_ID_Root_G3.pem' -> 'C:\\Users\\Acer\\AppData\\Local\\Temp\\scanner_fs_temx7975\\rootfs\\etc\\ssl\\certs\\7f3d5d1d.0'
2026-08-23T18:22:34+0530 WARNING container_scanner Skipping symlink etc/ssl/certs/7fa05551.0 -> Telekom_Security_TLS_RSA_Root_2023.pem: [WinError 1314] A required privilege is not held by the client: 'Telekom_Security_TLS_RSA_Root_2023.pem' -> 'C:\\Users\\Acer\\AppData\\Local\\Temp\\scanner_fs_temx7975\\rootfs\\etc\\ssl\\certs\\7fa05551.0'
2026-08-23T18:22:34+0530 WARNING container_scanner Skipping symlink etc/ssl/certs/8160b96c.0 -> Microsec_e-Szigno_Root_CA_2009.pem: [WinError 1314] A required privilege is not held by the client: 'Microsec_e-Szigno_Root_CA_2009.pem' -> 'C:\\Users\\Acer\\AppData\\Local\\Temp\\scanner_fs_temx7975\\rootfs\\etc\\ssl\\certs\\8160b96c.0'
2026-08-23T18:22:34+0530 WARNING container_scanner Skipping symlink etc/ssl/certs/81f2d2b1.0 -> CommScope_Public_Trust_ECC_Root-02.pem: [WinError 1314] A required privilege is not held by the client: 'CommScope_Public_Trust_ECC_Root-02.pem' -> 'C:\\Users\\Acer\\AppData\\Local\\Temp\\scanner_fs_temx7975\\rootfs\\etc\\ssl\\certs\\81f2d2b1.0'
2026-08-23T18:22:34+0530 WARNING container_scanner Skipping symlink etc/ssl/certs/8312c4c1.0 -> CommScope_Public_Trust_RSA_Root-01.pem: [WinError 1314] A required privilege is not held by the client: 'CommScope_Public_Trust_RSA_Root-01.pem' -> 'C:\\Users\\Acer\\AppData\\Local\\Temp\\scanner_fs_temx7975\\rootfs\\etc\\ssl\\certs\\8312c4c1.0'
2026-08-23T18:22:34+0530 WARNING container_scanner Skipping symlink etc/ssl/certs/8508e720.0 -> Certainly_Root_E1.pem: [WinError 1314] A required privilege is not held by the client: 'Certainly_Root_E1.pem' -> 'C:\\Users\\Acer\\AppData\\Local\\Temp\\scanner_fs_temx7975\\rootfs\\etc\\ssl\\certs\\8508e720.0'
2026-08-23T18:22:34+0530 WARNING container_scanner Skipping symlink etc/ssl/certs/865fbdf9.0 -> SSL.com_TLS_ECC_Root_CA_2022.pem: [WinError 1314] A required privilege is not held by the client: 'SSL.com_TLS_ECC_Root_CA_2022.pem' -> 'C:\\Users\\Acer\\AppData\\Local\\Temp\\scanner_fs_temx7975\\rootfs\\etc\\ssl\\certs\\865fbdf9.0'
2026-08-23T18:22:34+0530 WARNING container_scanner Skipping symlink etc/ssl/certs/878d9bca.0 -> SecureSign_Root_CA14.pem: [WinError 1314] A required privilege is not held by the client: 'SecureSign_Root_CA14.pem' -> 'C:\\Users\\Acer\\AppData\\Local\\Temp\\scanner_fs_temx7975\\rootfs\\etc\\ssl\\certs\\878d9bca.0'
2026-08-23T18:22:34+0530 WARNING container_scanner Skipping symlink etc/ssl/certs/8cb5ee0f.0 -> Amazon_Root_CA_3.pem: [WinError 1314] A required privilege is not held by the client: 'Amazon_Root_CA_3.pem' -> 'C:\\Users\\Acer\\AppData\\Local\\Temp\\scanner_fs_temx7975\\rootfs\\etc\\ssl\\certs\\8cb5ee0f.0'
2026-08-23T18:22:34+0530 WARNING container_scanner Skipping symlink etc/ssl/certs/8d86cdd1.0 -> certSIGN_ROOT_CA.pem: [WinError 1314] A required privilege is not held by the client: 'certSIGN_ROOT_CA.pem' -> 'C:\\Users\\Acer\\AppData\\Local\\Temp\\scanner_fs_temx7975\\rootfs\\etc\\ssl\\certs\\8d86cdd1.0'
2026-08-23T18:22:34+0530 WARNING container_scanner Skipping symlink etc/ssl/certs/8d89cda1.0 -> Microsoft_ECC_Root_Certificate_Authority_2017.pem: [WinError 1314] A required privilege is not held by the client: 'Microsoft_ECC_Root_Certificate_Authority_2017.pem' -> 'C:\\Users\\Acer\\AppData\\Local\\Temp\\scanner_fs_temx7975\\rootfs\\etc\\ssl\\certs\\8d89cda1.0'
2026-08-23T18:22:34+0530 WARNING container_scanner Skipping symlink etc/ssl/certs/8f103249.0 -> Telia_Root_CA_v2.pem: [WinError 1314] A required privilege is not held by the client: 'Telia_Root_CA_v2.pem' -> 'C:\\Users\\Acer\\AppData\\Local\\Temp\\scanner_fs_temx7975\\rootfs\\etc\\ssl\\certs\\8f103249.0'
2026-08-23T18:22:34+0530 WARNING container_scanner Skipping symlink etc/ssl/certs/9046744a.0 -> Sectigo_Public_Server_Authentication_Root_R46.pem: [WinError 1314] A required privilege is not held by the client: 'Sectigo_Public_Server_Authentication_Root_R46.pem' -> 'C:\\Users\\Acer\\AppData\\Local\\Temp\\scanner_fs_temx7975\\rootfs\\etc\\ssl\\certs\\9046744a.0'
2026-08-23T18:22:34+0530 WARNING container_scanner Skipping symlink etc/ssl/certs/90c5a3c8.0 -> HiPKI_Root_CA_-_G1.pem: [WinError 1314] A required privilege is not held by the client: 'HiPKI_Root_CA_-_G1.pem' -> 'C:\\Users\\Acer\\AppData\\Local\\Temp\\scanner_fs_temx7975\\rootfs\\etc\\ssl\\certs\\90c5a3c8.0'
2026-08-23T18:22:34+0530 WARNING container_scanner Skipping symlink etc/ssl/certs/930ac5d2.0 -> Actalis_Authentication_Root_CA.pem: [WinError 1314] A required privilege is not held by the client: 'Actalis_Authentication_Root_CA.pem' -> 'C:\\Users\\Acer\\AppData\\Local\\Temp\\scanner_fs_temx7975\\rootfs\\etc\\ssl\\certs\\930ac5d2.0'
2026-08-23T18:22:34+0530 WARNING container_scanner Skipping symlink etc/ssl/certs/93bc0acc.0 -> AffirmTrust_Networking.pem: [WinError 1314] A required privilege is not held by the client: 'AffirmTrust_Networking.pem' -> 'C:\\Users\\Acer\\AppData\\Local\\Temp\\scanner_fs_temx7975\\rootfs\\etc\\ssl\\certs\\93bc0acc.0'
2026-08-23T18:22:34+0530 WARNING container_scanner Skipping symlink etc/ssl/certs/9482e63a.0 -> Certum_EC-384_CA.pem: [WinError 1314] A required privilege is not held by the client: 'Certum_EC-384_CA.pem' -> 'C:\\Users\\Acer\\AppData\\Local\\Temp\\scanner_fs_temx7975\\rootfs\\etc\\ssl\\certs\\9482e63a.0'
2026-08-23T18:22:34+0530 WARNING container_scanner Skipping symlink etc/ssl/certs/9846683b.0 -> DigiCert_TLS_ECC_P384_Root_G5.pem: [WinError 1314] A required privilege is not held by the client: 'DigiCert_TLS_ECC_P384_Root_G5.pem' -> 'C:\\Users\\Acer\\AppData\\Local\\Temp\\scanner_fs_temx7975\\rootfs\\etc\\ssl\\certs\\9846683b.0'
2026-08-23T18:22:34+0530 WARNING container_scanner Skipping symlink etc/ssl/certs/988a38cb.0 -> NetLock_Arany_=Class_Gold=_Főtanúsítvány.pem: [WinError 1314] A required privilege is not held by the client: 'NetLock_Arany_=Class_Gold=_Főtanúsítvány.pem' -> 'C:\\Users\\Acer\\AppData\\Local\\Temp\\scanner_fs_temx7975\\rootfs\\etc\\ssl\\certs\\988a38cb.0'
2026-08-23T18:22:34+0530 WARNING container_scanner Skipping symlink etc/ssl/certs/9b46e03d.0 -> Atos_TrustedRoot_Root_CA_RSA_TLS_2021.pem: [WinError 1314] A required privilege is not held by the client: 'Atos_TrustedRoot_Root_CA_RSA_TLS_2021.pem' -> 'C:\\Users\\Acer\\AppData\\Local\\Temp\\scanner_fs_temx7975\\rootfs\\etc\\ssl\\certs\\9b46e03d.0'
2026-08-23T18:22:34+0530 WARNING container_scanner Skipping symlink etc/ssl/certs/9b5697b0.0 -> Trustwave_Global_ECC_P256_Certification_Authority.pem: [WinError 1314] A required privilege is not held by the client: 'Trustwave_Global_ECC_P256_Certification_Authority.pem' -> 'C:\\Users\\Acer\\AppData\\Local\\Temp\\scanner_fs_temx7975\\rootfs\\etc\\ssl\\certs\\9b5697b0.0'
2026-08-23T18:22:34+0530 WARNING container_scanner Skipping symlink etc/ssl/certs/9bf03295.0 -> TrustAsia_Global_Root_CA_G3.pem: [WinError 1314] A required privilege is not held by the client: 'TrustAsia_Global_Root_CA_G3.pem' -> 'C:\\Users\\Acer\\AppData\\Local\\Temp\\scanner_fs_temx7975\\rootfs\\etc\\ssl\\certs\\9bf03295.0'
2026-08-23T18:22:34+0530 WARNING container_scanner Skipping symlink etc/ssl/certs/9c8dfbd4.0 -> AffirmTrust_Premium_ECC.pem: [WinError 1314] A required privilege is not held by the client: 'AffirmTrust_Premium_ECC.pem' -> 'C:\\Users\\Acer\\AppData\\Local\\Temp\\scanner_fs_temx7975\\rootfs\\etc\\ssl\\certs\\9c8dfbd4.0'
2026-08-23T18:22:34+0530 WARNING container_scanner Skipping symlink etc/ssl/certs/9d04f354.0 -> DigiCert_Assured_ID_Root_G2.pem: [WinError 1314] A required privilege is not held by the client: 'DigiCert_Assured_ID_Root_G2.pem' -> 'C:\\Users\\Acer\\AppData\\Local\\Temp\\scanner_fs_temx7975\\rootfs\\etc\\ssl\\certs\\9d04f354.0'
2026-08-23T18:22:34+0530 WARNING container_scanner Skipping symlink etc/ssl/certs/9ef4a08a.0 -> D-TRUST_BR_Root_CA_1_2020.pem: [WinError 1314] A required privilege is not held by the client: 'D-TRUST_BR_Root_CA_1_2020.pem' -> 'C:\\Users\\Acer\\AppData\\Local\\Temp\\scanner_fs_temx7975\\rootfs\\etc\\ssl\\certs\\9ef4a08a.0'
2026-08-23T18:22:34+0530 WARNING container_scanner Skipping symlink etc/ssl/certs/9f727ac7.0 -> HARICA_TLS_RSA_Root_CA_2021.pem: [WinError 1314] A required privilege is not held by the client: 'HARICA_TLS_RSA_Root_CA_2021.pem' -> 'C:\\Users\\Acer\\AppData\\Local\\Temp\\scanner_fs_temx7975\\rootfs\\etc\\ssl\\certs\\9f727ac7.0'
2026-08-23T18:22:34+0530 WARNING container_scanner Skipping symlink etc/ssl/certs/ACCVRAIZ1.pem -> /usr/share/ca-certificates/mozilla/ACCVRAIZ1.crt: [WinError 1314] A required privilege is not held by the client: '../../../usr/share/ca-certificates/mozilla/ACCVRAIZ1.crt' -> 'C:\\Users\\Acer\\AppData\\Local\\Temp\\scanner_fs_temx7975\\rootfs\\etc\\ssl\\certs\\ACCVRAIZ1.pem'
2026-08-23T18:22:34+0530 WARNING container_scanner Skipping symlink etc/ssl/certs/AC_RAIZ_FNMT-RCM.pem -> /usr/share/ca-certificates/mozilla/AC_RAIZ_FNMT-RCM.crt: [WinError 1314] A required privilege is not held by the client: '../../../usr/share/ca-certificates/mozilla/AC_RAIZ_FNMT-RCM.crt' -> 'C:\\Users\\Acer\\AppData\\Local\\Temp\\scanner_fs_temx7975\\rootfs\\etc\\ssl\\certs\\AC_RAIZ_FNMT-RCM.pem'
2026-08-23T18:22:34+0530 WARNING container_scanner Skipping symlink etc/ssl/certs/AC_RAIZ_FNMT-RCM_SERVIDORES_SEGUROS.pem -> /usr/share/ca-certificates/mozilla/AC_RAIZ_FNMT-RCM_SERVIDORES_SEGUROS.crt: [WinError 1314] A required privilege is not held by the client: '../../../usr/share/ca-certificates/mozilla/AC_RAIZ_FNMT-RCM_SERVIDORES_SEGUROS.crt' -> 'C:\\Users\\Acer\\AppData\\Local\\Temp\\scanner_fs_temx7975\\rootfs\\etc\\ssl\\certs\\AC_RAIZ_FNMT-RCM_SERVIDORES_SEGUROS.pem'
2026-08-23T18:22:34+0530 WARNING container_scanner Skipping symlink etc/ssl/certs/ANF_Secure_Server_Root_CA.pem -> /usr/share/ca-certificates/mozilla/ANF_Secure_Server_Root_CA.crt: [WinError 1314] A required privilege is not held by the client: '../../../usr/share/ca-certificates/mozilla/ANF_Secure_Server_Root_CA.crt' -> 'C:\\Users\\Acer\\AppData\\Local\\Temp\\scanner_fs_temx7975\\rootfs\\etc\\ssl\\certs\\ANF_Secure_Server_Root_CA.pem'
2026-08-23T18:22:34+0530 WARNING container_scanner Skipping symlink etc/ssl/certs/Actalis_Authentication_Root_CA.pem -> /usr/share/ca-certificates/mozilla/Actalis_Authentication_Root_CA.crt: [WinError 1314] A required privilege is not held by the client: '../../../usr/share/ca-certificates/mozilla/Actalis_Authentication_Root_CA.crt' -> 'C:\\Users\\Acer\\AppData\\Local\\Temp\\scanner_fs_temx7975\\rootfs\\etc\\ssl\\certs\\Actalis_Authentication_Root_CA.pem'
2026-08-23T18:22:34+0530 WARNING container_scanner Skipping symlink etc/ssl/certs/AffirmTrust_Commercial.pem -> /usr/share/ca-certificates/mozilla/AffirmTrust_Commercial.crt: [WinError 1314] A required privilege is not held by the client: '../../../usr/share/ca-certificates/mozilla/AffirmTrust_Commercial.crt' -> 'C:\\Users\\Acer\\AppData\\Local\\Temp\\scanner_fs_temx7975\\rootfs\\etc\\ssl\\certs\\AffirmTrust_Commercial.pem'
2026-08-23T18:22:34+0530 WARNING container_scanner Skipping symlink etc/ssl/certs/AffirmTrust_Networking.pem -> /usr/share/ca-certificates/mozilla/AffirmTrust_Networking.crt: [WinError 1314] A required privilege is not held by the client: '../../../usr/share/ca-certificates/mozilla/AffirmTrust_Networking.crt' -> 'C:\\Users\\Acer\\AppData\\Local\\Temp\\scanner_fs_temx7975\\rootfs\\etc\\ssl\\certs\\AffirmTrust_Networking.pem'
2026-08-23T18:22:34+0530 WARNING container_scanner Skipping symlink etc/ssl/certs/AffirmTrust_Premium.pem -> /usr/share/ca-certificates/mozilla/AffirmTrust_Premium.crt: [WinError 1314] A required privilege is not held by the client: '../../../usr/share/ca-certificates/mozilla/AffirmTrust_Premium.crt' -> 'C:\\Users\\Acer\\AppData\\Local\\Temp\\scanner_fs_temx7975\\rootfs\\etc\\ssl\\certs\\AffirmTrust_Premium.pem'
2026-08-23T18:22:34+0530 WARNING container_scanner Skipping symlink etc/ssl/certs/AffirmTrust_Premium_ECC.pem -> /usr/share/ca-certificates/mozilla/AffirmTrust_Premium_ECC.crt: [WinError 1314] A required privilege is not held by the client: '../../../usr/share/ca-certificates/mozilla/AffirmTrust_Premium_ECC.crt' -> 'C:\\Users\\Acer\\AppData\\Local\\Temp\\scanner_fs_temx7975\\rootfs\\etc\\ssl\\certs\\AffirmTrust_Premium_ECC.pem'
2026-08-23T18:22:34+0530 WARNING container_scanner Skipping symlink etc/ssl/certs/Amazon_Root_CA_1.pem -> /usr/share/ca-certificates/mozilla/Amazon_Root_CA_1.crt: [WinError 1314] A required privilege is not held by the client: '../../../usr/share/ca-certificates/mozilla/Amazon_Root_CA_1.crt' -> 'C:\\Users\\Acer\\AppData\\Local\\Temp\\scanner_fs_temx7975\\rootfs\\etc\\ssl\\certs\\Amazon_Root_CA_1.pem'
2026-08-23T18:22:34+0530 WARNING container_scanner Skipping symlink etc/ssl/certs/Amazon_Root_CA_2.pem -> /usr/share/ca-certificates/mozilla/Amazon_Root_CA_2.crt: [WinError 1314] A required privilege is not held by the client: '../../../usr/share/ca-certificates/mozilla/Amazon_Root_CA_2.crt' -> 'C:\\Users\\Acer\\AppData\\Local\\Temp\\scanner_fs_temx7975\\rootfs\\etc\\ssl\\certs\\Amazon_Root_CA_2.pem'
2026-08-23T18:22:34+0530 WARNING container_scanner Skipping symlink etc/ssl/certs/Amazon_Root_CA_3.pem -> /usr/share/ca-certificates/mozilla/Amazon_Root_CA_3.crt: [WinError 1314] A required privilege is not held by the client: '../../../usr/share/ca-certificates/mozilla/Amazon_Root_CA_3.crt' -> 'C:\\Users\\Acer\\AppData\\Local\\Temp\\scanner_fs_temx7975\\rootfs\\etc\\ssl\\certs\\Amazon_Root_CA_3.pem'
2026-08-23T18:22:34+0530 WARNING container_scanner Skipping symlink etc/ssl/certs/Amazon_Root_CA_4.pem -> /usr/share/ca-certificates/mozilla/Amazon_Root_CA_4.crt: [WinError 1314] A required privilege is not held by the client: '../../../usr/share/ca-certificates/mozilla/Amazon_Root_CA_4.crt' -> 'C:\\Users\\Acer\\AppData\\Local\\Temp\\scanner_fs_temx7975\\rootfs\\etc\\ssl\\certs\\Amazon_Root_CA_4.pem'
2026-08-23T18:22:34+0530 WARNING container_scanner Skipping symlink etc/ssl/certs/Atos_TrustedRoot_2011.pem -> /usr/share/ca-certificates/mozilla/Atos_TrustedRoot_2011.crt: [WinError 1314] A required privilege is not held by the client: '../../../usr/share/ca-certificates/mozilla/Atos_TrustedRoot_2011.crt' -> 'C:\\Users\\Acer\\AppData\\Local\\Temp\\scanner_fs_temx7975\\rootfs\\etc\\ssl\\certs\\Atos_TrustedRoot_2011.pem'
2026-08-23T18:22:34+0530 WARNING container_scanner Skipping symlink etc/ssl/certs/Atos_TrustedRoot_Root_CA_ECC_TLS_2021.pem -> /usr/share/ca-certificates/mozilla/Atos_TrustedRoot_Root_CA_ECC_TLS_2021.crt: [WinError 1314] A required privilege is not held by the client: '../../../usr/share/ca-certificates/mozilla/Atos_TrustedRoot_Root_CA_ECC_TLS_2021.crt' -> 'C:\\Users\\Acer\\AppData\\Local\\Temp\\scanner_fs_temx7975\\rootfs\\etc\\ssl\\certs\\Atos_TrustedRoot_Root_CA_ECC_TLS_2021.pem'
2026-08-23T18:22:34+0530 WARNING container_scanner Skipping symlink etc/ssl/certs/Atos_TrustedRoot_Root_CA_RSA_TLS_2021.pem -> /usr/share/ca-certificates/mozilla/Atos_TrustedRoot_Root_CA_RSA_TLS_2021.crt: [WinError 1314] A required privilege is not held by the client: '../../../usr/share/ca-certificates/mozilla/Atos_TrustedRoot_Root_CA_RSA_TLS_2021.crt' -> 'C:\\Users\\Acer\\AppData\\Local\\Temp\\scanner_fs_temx7975\\rootfs\\etc\\ssl\\certs\\Atos_TrustedRoot_Root_CA_RSA_TLS_2021.pem'
2026-08-23T18:22:34+0530 WARNING container_scanner Skipping symlink etc/ssl/certs/Autoridad_de_Certificacion_Firmaprofesional_CIF_A62634068.pem -> /usr/share/ca-certificates/mozilla/Autoridad_de_Certificacion_Firmaprofesional_CIF_A62634068.crt: [WinError 1314] A required privilege is not held by the client: '../../../usr/share/ca-certificates/mozilla/Autoridad_de_Certificacion_Firmaprofesional_CIF_A62634068.crt' -> 'C:\\Users\\Acer\\AppData\\Local\\Temp\\scanner_fs_temx7975\\rootfs\\etc\\ssl\\certs\\Autoridad_de_Certificacion_Firmaprofesional_CIF_A62634068.pem'
2026-08-23T18:22:34+0530 WARNING container_scanner Skipping symlink etc/ssl/certs/BJCA_Global_Root_CA1.pem -> /usr/share/ca-certificates/mozilla/BJCA_Global_Root_CA1.crt: [WinError 1314] A required privilege is not held by the client: '../../../usr/share/ca-certificates/mozilla/BJCA_Global_Root_CA1.crt' -> 'C:\\Users\\Acer\\AppData\\Local\\Temp\\scanner_fs_temx7975\\rootfs\\etc\\ssl\\certs\\BJCA_Global_Root_CA1.pem'
2026-08-23T18:22:34+0530 WARNING container_scanner Skipping symlink etc/ssl/certs/BJCA_Global_Root_CA2.pem -> /usr/share/ca-certificates/mozilla/BJCA_Global_Root_CA2.crt: [WinError 1314] A required privilege is not held by the client: '../../../usr/share/ca-certificates/mozilla/BJCA_Global_Root_CA2.crt' -> 'C:\\Users\\Acer\\AppData\\Local\\Temp\\scanner_fs_temx7975\\rootfs\\etc\\ssl\\certs\\BJCA_Global_Root_CA2.pem'
2026-08-23T18:22:34+0530 WARNING container_scanner Skipping symlink etc/ssl/certs/Baltimore_CyberTrust_Root.pem -> /usr/share/ca-certificates/mozilla/Baltimore_CyberTrust_Root.crt: [WinError 1314] A required privilege is not held by the client: '../../../usr/share/ca-certificates/mozilla/Baltimore_CyberTrust_Root.crt' -> 'C:\\Users\\Acer\\AppData\\Local\\Temp\\scanner_fs_temx7975\\rootfs\\etc\\ssl\\certs\\Baltimore_CyberTrust_Root.pem'
2026-08-23T18:22:34+0530 WARNING container_scanner Skipping symlink etc/ssl/certs/Buypass_Class_2_Root_CA.pem -> /usr/share/ca-certificates/mozilla/Buypass_Class_2_Root_CA.crt: [WinError 1314] A required privilege is not held by the client: '../../../usr/share/ca-certificates/mozilla/Buypass_Class_2_Root_CA.crt' -> 'C:\\Users\\Acer\\AppData\\Local\\Temp\\scanner_fs_temx7975\\rootfs\\etc\\ssl\\certs\\Buypass_Class_2_Root_CA.pem'
2026-08-23T18:22:34+0530 WARNING container_scanner Skipping symlink etc/ssl/certs/Buypass_Class_3_Root_CA.pem -> /usr/share/ca-certificates/mozilla/Buypass_Class_3_Root_CA.crt: [WinError 1314] A required privilege is not held by the client: '../../../usr/share/ca-certificates/mozilla/Buypass_Class_3_Root_CA.crt' -> 'C:\\Users\\Acer\\AppData\\Local\\Temp\\scanner_fs_temx7975\\rootfs\\etc\\ssl\\certs\\Buypass_Class_3_Root_CA.pem'
2026-08-23T18:22:34+0530 WARNING container_scanner Skipping symlink etc/ssl/certs/CA_Disig_Root_R2.pem -> /usr/share/ca-certificates/mozilla/CA_Disig_Root_R2.crt: [WinError 1314] A required privilege is not held by the client: '../../../usr/share/ca-certificates/mozilla/CA_Disig_Root_R2.crt' -> 'C:\\Users\\Acer\\AppData\\Local\\Temp\\scanner_fs_temx7975\\rootfs\\etc\\ssl\\certs\\CA_Disig_Root_R2.pem'
2026-08-23T18:22:34+0530 WARNING container_scanner Skipping symlink etc/ssl/certs/CFCA_EV_ROOT.pem -> /usr/share/ca-certificates/mozilla/CFCA_EV_ROOT.crt: [WinError 1314] A required privilege is not held by the client: '../../../usr/share/ca-certificates/mozilla/CFCA_EV_ROOT.crt' -> 'C:\\Users\\Acer\\AppData\\Local\\Temp\\scanner_fs_temx7975\\rootfs\\etc\\ssl\\certs\\CFCA_EV_ROOT.pem'
2026-08-23T18:22:34+0530 WARNING container_scanner Skipping symlink etc/ssl/certs/COMODO_Certification_Authority.pem -> /usr/share/ca-certificates/mozilla/COMODO_Certification_Authority.crt: [WinError 1314] A required privilege is not held by the client: '../../../usr/share/ca-certificates/mozilla/COMODO_Certification_Authority.crt' -> 'C:\\Users\\Acer\\AppData\\Local\\Temp\\scanner_fs_temx7975\\rootfs\\etc\\ssl\\certs\\COMODO_Certification_Authority.pem'
2026-08-23T18:22:34+0530 WARNING container_scanner Skipping symlink etc/ssl/certs/COMODO_ECC_Certification_Authority.pem -> /usr/share/ca-certificates/mozilla/COMODO_ECC_Certification_Authority.crt: [WinError 1314] A required privilege is not held by the client: '../../../usr/share/ca-certificates/mozilla/COMODO_ECC_Certification_Authority.crt' -> 'C:\\Users\\Acer\\AppData\\Local\\Temp\\scanner_fs_temx7975\\rootfs\\etc\\ssl\\certs\\COMODO_ECC_Certification_Authority.pem'
2026-08-23T18:22:34+0530 WARNING container_scanner Skipping symlink etc/ssl/certs/COMODO_RSA_Certification_Authority.pem -> /usr/share/ca-certificates/mozilla/COMODO_RSA_Certification_Authority.crt: [WinError 1314] A required privilege is not held by the client: '../../../usr/share/ca-certificates/mozilla/COMODO_RSA_Certification_Authority.crt' -> 'C:\\Users\\Acer\\AppData\\Local\\Temp\\scanner_fs_temx7975\\rootfs\\etc\\ssl\\certs\\COMODO_RSA_Certification_Authority.pem'
2026-08-23T18:22:34+0530 WARNING container_scanner Skipping symlink etc/ssl/certs/Certainly_Root_E1.pem -> /usr/share/ca-certificates/mozilla/Certainly_Root_E1.crt: [WinError 1314] A required privilege is not held by the client: '../../../usr/share/ca-certificates/mozilla/Certainly_Root_E1.crt' -> 'C:\\Users\\Acer\\AppData\\Local\\Temp\\scanner_fs_temx7975\\rootfs\\etc\\ssl\\certs\\Certainly_Root_E1.pem'
2026-08-23T18:22:34+0530 WARNING container_scanner Skipping symlink etc/ssl/certs/Certainly_Root_R1.pem -> /usr/share/ca-certificates/mozilla/Certainly_Root_R1.crt: [WinError 1314] A required privilege is not held by the client: '../../../usr/share/ca-certificates/mozilla/Certainly_Root_R1.crt' -> 'C:\\Users\\Acer\\AppData\\Local\\Temp\\scanner_fs_temx7975\\rootfs\\etc\\ssl\\certs\\Certainly_Root_R1.pem'
2026-08-23T18:22:34+0530 WARNING container_scanner Skipping symlink etc/ssl/certs/Certigna.pem -> /usr/share/ca-certificates/mozilla/Certigna.crt: [WinError 1314] A required privilege is not held by the client: '../../../usr/share/ca-certificates/mozilla/Certigna.crt' -> 'C:\\Users\\Acer\\AppData\\Local\\Temp\\scanner_fs_temx7975\\rootfs\\etc\\ssl\\certs\\Certigna.pem'
2026-08-23T18:22:34+0530 WARNING container_scanner Skipping symlink etc/ssl/certs/Certigna_Root_CA.pem -> /usr/share/ca-certificates/mozilla/Certigna_Root_CA.crt: [WinError 1314] A required privilege is not held by the client: '../../../usr/share/ca-certificates/mozilla/Certigna_Root_CA.crt' -> 'C:\\Users\\Acer\\AppData\\Local\\Temp\\scanner_fs_temx7975\\rootfs\\etc\\ssl\\certs\\Certigna_Root_CA.pem'
2026-08-23T18:22:34+0530 WARNING container_scanner Skipping symlink etc/ssl/certs/Certum_EC-384_CA.pem -> /usr/share/ca-certificates/mozilla/Certum_EC-384_CA.crt: [WinError 1314] A required privilege is not held by the client: '../../../usr/share/ca-certificates/mozilla/Certum_EC-384_CA.crt' -> 'C:\\Users\\Acer\\AppData\\Local\\Temp\\scanner_fs_temx7975\\rootfs\\etc\\ssl\\certs\\Certum_EC-384_CA.pem'
2026-08-23T18:22:34+0530 WARNING container_scanner Skipping symlink etc/ssl/certs/Certum_Trusted_Network_CA.pem -> /usr/share/ca-certificates/mozilla/Certum_Trusted_Network_CA.crt: [WinError 1314] A required privilege is not held by the client: '../../../usr/share/ca-certificates/mozilla/Certum_Trusted_Network_CA.crt' -> 'C:\\Users\\Acer\\AppData\\Local\\Temp\\scanner_fs_temx7975\\rootfs\\etc\\ssl\\certs\\Certum_Trusted_Network_CA.pem'
2026-08-23T18:22:34+0530 WARNING container_scanner Skipping symlink etc/ssl/certs/Certum_Trusted_Network_CA_2.pem -> /usr/share/ca-certificates/mozilla/Certum_Trusted_Network_CA_2.crt: [WinError 1314] A required privilege is not held by the client: '../../../usr/share/ca-certificates/mozilla/Certum_Trusted_Network_CA_2.crt' -> 'C:\\Users\\Acer\\AppData\\Local\\Temp\\scanner_fs_temx7975\\rootfs\\etc\\ssl\\certs\\Certum_Trusted_Network_CA_2.pem'
2026-08-23T18:22:34+0530 WARNING container_scanner Skipping symlink etc/ssl/certs/Certum_Trusted_Root_CA.pem -> /usr/share/ca-certificates/mozilla/Certum_Trusted_Root_CA.crt: [WinError 1314] A required privilege is not held by the client: '../../../usr/share/ca-certificates/mozilla/Certum_Trusted_Root_CA.crt' -> 'C:\\Users\\Acer\\AppData\\Local\\Temp\\scanner_fs_temx7975\\rootfs\\etc\\ssl\\certs\\Certum_Trusted_Root_CA.pem'
2026-08-23T18:22:34+0530 WARNING container_scanner Skipping symlink etc/ssl/certs/CommScope_Public_Trust_ECC_Root-01.pem -> /usr/share/ca-certificates/mozilla/CommScope_Public_Trust_ECC_Root-01.crt: [WinError 1314] A required privilege is not held by the client: '../../../usr/share/ca-certificates/mozilla/CommScope_Public_Trust_ECC_Root-01.crt' -> 'C:\\Users\\Acer\\AppData\\Local\\Temp\\scanner_fs_temx7975\\rootfs\\etc\\ssl\\certs\\CommScope_Public_Trust_ECC_Root-01.pem'
2026-08-23T18:22:34+0530 WARNING container_scanner Skipping symlink etc/ssl/certs/CommScope_Public_Trust_ECC_Root-02.pem -> /usr/share/ca-certificates/mozilla/CommScope_Public_Trust_ECC_Root-02.crt: [WinError 1314] A required privilege is not held by the client: '../../../usr/share/ca-certificates/mozilla/CommScope_Public_Trust_ECC_Root-02.crt' -> 'C:\\Users\\Acer\\AppData\\Local\\Temp\\scanner_fs_temx7975\\rootfs\\etc\\ssl\\certs\\CommScope_Public_Trust_ECC_Root-02.pem'
2026-08-23T18:22:34+0530 WARNING container_scanner Skipping symlink etc/ssl/certs/CommScope_Public_Trust_RSA_Root-01.pem -> /usr/share/ca-certificates/mozilla/CommScope_Public_Trust_RSA_Root-01.crt: [WinError 1314] A required privilege is not held by the client: '../../../usr/share/ca-certificates/mozilla/CommScope_Public_Trust_RSA_Root-01.crt' -> 'C:\\Users\\Acer\\AppData\\Local\\Temp\\scanner_fs_temx7975\\rootfs\\etc\\ssl\\certs\\CommScope_Public_Trust_RSA_Root-01.pem'
2026-08-23T18:22:34+0530 WARNING container_scanner Skipping symlink etc/ssl/certs/CommScope_Public_Trust_RSA_Root-02.pem -> /usr/share/ca-certificates/mozilla/CommScope_Public_Trust_RSA_Root-02.crt: [WinError 1314] A required privilege is not held by the client: '../../../usr/share/ca-certificates/mozilla/CommScope_Public_Trust_RSA_Root-02.crt' -> 'C:\\Users\\Acer\\AppData\\Local\\Temp\\scanner_fs_temx7975\\rootfs\\etc\\ssl\\certs\\CommScope_Public_Trust_RSA_Root-02.pem'
2026-08-23T18:22:34+0530 WARNING container_scanner Skipping symlink etc/ssl/certs/Comodo_AAA_Services_root.pem -> /usr/share/ca-certificates/mozilla/Comodo_AAA_Services_root.crt: [WinError 1314] A required privilege is not held by the client: '../../../usr/share/ca-certificates/mozilla/Comodo_AAA_Services_root.crt' -> 'C:\\Users\\Acer\\AppData\\Local\\Temp\\scanner_fs_temx7975\\rootfs\\etc\\ssl\\certs\\Comodo_AAA_Services_root.pem'
2026-08-23T18:22:34+0530 WARNING container_scanner Skipping symlink etc/ssl/certs/D-TRUST_BR_Root_CA_1_2020.pem -> /usr/share/ca-certificates/mozilla/D-TRUST_BR_Root_CA_1_2020.crt: [WinError 1314] A required privilege is not held by the client: '../../../usr/share/ca-certificates/mozilla/D-TRUST_BR_Root_CA_1_2020.crt' -> 'C:\\Users\\Acer\\AppData\\Local\\Temp\\scanner_fs_temx7975\\rootfs\\etc\\ssl\\certs\\D-TRUST_BR_Root_CA_1_2020.pem'
2026-08-23T18:22:34+0530 WARNING container_scanner Skipping symlink etc/ssl/certs/D-TRUST_BR_Root_CA_2_2023.pem -> /usr/share/ca-certificates/mozilla/D-TRUST_BR_Root_CA_2_2023.crt: [WinError 1314] A required privilege is not held by the client: '../../../usr/share/ca-certificates/mozilla/D-TRUST_BR_Root_CA_2_2023.crt' -> 'C:\\Users\\Acer\\AppData\\Local\\Temp\\scanner_fs_temx7975\\rootfs\\etc\\ssl\\certs\\D-TRUST_BR_Root_CA_2_2023.pem'
2026-08-23T18:22:34+0530 WARNING container_scanner Skipping symlink etc/ssl/certs/D-TRUST_EV_Root_CA_1_2020.pem -> /usr/share/ca-certificates/mozilla/D-TRUST_EV_Root_CA_1_2020.crt: [WinError 1314] A required privilege is not held by the client: '../../../usr/share/ca-certificates/mozilla/D-TRUST_EV_Root_CA_1_2020.crt' -> 'C:\\Users\\Acer\\AppData\\Local\\Temp\\scanner_fs_temx7975\\rootfs\\etc\\ssl\\certs\\D-TRUST_EV_Root_CA_1_2020.pem'
2026-08-23T18:22:34+0530 WARNING container_scanner Skipping symlink etc/ssl/certs/D-TRUST_EV_Root_CA_2_2023.pem -> /usr/share/ca-certificates/mozilla/D-TRUST_EV_Root_CA_2_2023.crt: [WinError 1314] A required privilege is not held by the client: '../../../usr/share/ca-certificates/mozilla/D-TRUST_EV_Root_CA_2_2023.crt' -> 'C:\\Users\\Acer\\AppData\\Local\\Temp\\scanner_fs_temx7975\\rootfs\\etc\\ssl\\certs\\D-TRUST_EV_Root_CA_2_2023.pem'
2026-08-23T18:22:34+0530 WARNING container_scanner Skipping symlink etc/ssl/certs/D-TRUST_Root_Class_3_CA_2_2009.pem -> /usr/share/ca-certificates/mozilla/D-TRUST_Root_Class_3_CA_2_2009.crt: [WinError 1314] A required privilege is not held by the client: '../../../usr/share/ca-certificates/mozilla/D-TRUST_Root_Class_3_CA_2_2009.crt' -> 'C:\\Users\\Acer\\AppData\\Local\\Temp\\scanner_fs_temx7975\\rootfs\\etc\\ssl\\certs\\D-TRUST_Root_Class_3_CA_2_2009.pem'
2026-08-23T18:22:34+0530 WARNING container_scanner Skipping symlink etc/ssl/certs/D-TRUST_Root_Class_3_CA_2_EV_2009.pem -> /usr/share/ca-certificates/mozilla/D-TRUST_Root_Class_3_CA_2_EV_2009.crt: [WinError 1314] A required privilege is not held by the client: '../../../usr/share/ca-certificates/mozilla/D-TRUST_Root_Class_3_CA_2_EV_2009.crt' -> 'C:\\Users\\Acer\\AppData\\Local\\Temp\\scanner_fs_temx7975\\rootfs\\etc\\ssl\\certs\\D-TRUST_Root_Class_3_CA_2_EV_2009.pem'
2026-08-23T18:22:34+0530 WARNING container_scanner Skipping symlink etc/ssl/certs/DigiCert_Assured_ID_Root_CA.pem -> /usr/share/ca-certificates/mozilla/DigiCert_Assured_ID_Root_CA.crt: [WinError 1314] A required privilege is not held by the client: '../../../usr/share/ca-certificates/mozilla/DigiCert_Assured_ID_Root_CA.crt' -> 'C:\\Users\\Acer\\AppData\\Local\\Temp\\scanner_fs_temx7975\\rootfs\\etc\\ssl\\certs\\DigiCert_Assured_ID_Root_CA.pem'
2026-08-23T18:22:34+0530 WARNING container_scanner Skipping symlink etc/ssl/certs/DigiCert_Assured_ID_Root_G2.pem -> /usr/share/ca-certificates/mozilla/DigiCert_Assured_ID_Root_G2.crt: [WinError 1314] A required privilege is not held by the client: '../../../usr/share/ca-certificates/mozilla/DigiCert_Assured_ID_Root_G2.crt' -> 'C:\\Users\\Acer\\AppData\\Local\\Temp\\scanner_fs_temx7975\\rootfs\\etc\\ssl\\certs\\DigiCert_Assured_ID_Root_G2.pem'
2026-08-23T18:22:34+0530 WARNING container_scanner Skipping symlink etc/ssl/certs/DigiCert_Assured_ID_Root_G3.pem -> /usr/share/ca-certificates/mozilla/DigiCert_Assured_ID_Root_G3.crt: [WinError 1314] A required privilege is not held by the client: '../../../usr/share/ca-certificates/mozilla/DigiCert_Assured_ID_Root_G3.crt' -> 'C:\\Users\\Acer\\AppData\\Local\\Temp\\scanner_fs_temx7975\\rootfs\\etc\\ssl\\certs\\DigiCert_Assured_ID_Root_G3.pem'
2026-08-23T18:22:34+0530 WARNING container_scanner Skipping symlink etc/ssl/certs/DigiCert_Global_Root_CA.pem -> /usr/share/ca-certificates/mozilla/DigiCert_Global_Root_CA.crt: [WinError 1314] A required privilege is not held by the client: '../../../usr/share/ca-certificates/mozilla/DigiCert_Global_Root_CA.crt' -> 'C:\\Users\\Acer\\AppData\\Local\\Temp\\scanner_fs_temx7975\\rootfs\\etc\\ssl\\certs\\DigiCert_Global_Root_CA.pem'
2026-08-23T18:22:34+0530 WARNING container_scanner Skipping symlink etc/ssl/certs/DigiCert_Global_Root_G2.pem -> /usr/share/ca-certificates/mozilla/DigiCert_Global_Root_G2.crt: [WinError 1314] A required privilege is not held by the client: '../../../usr/share/ca-certificates/mozilla/DigiCert_Global_Root_G2.crt' -> 'C:\\Users\\Acer\\AppData\\Local\\Temp\\scanner_fs_temx7975\\rootfs\\etc\\ssl\\certs\\DigiCert_Global_Root_G2.pem'
2026-08-23T18:22:34+0530 WARNING container_scanner Skipping symlink etc/ssl/certs/DigiCert_Global_Root_G3.pem -> /usr/share/ca-certificates/mozilla/DigiCert_Global_Root_G3.crt: [WinError 1314] A required privilege is not held by the client: '../../../usr/share/ca-certificates/mozilla/DigiCert_Global_Root_G3.crt' -> 'C:\\Users\\Acer\\AppData\\Local\\Temp\\scanner_fs_temx7975\\rootfs\\etc\\ssl\\certs\\DigiCert_Global_Root_G3.pem'
2026-08-23T18:22:34+0530 WARNING container_scanner Skipping symlink etc/ssl/certs/DigiCert_High_Assurance_EV_Root_CA.pem -> /usr/share/ca-certificates/mozilla/DigiCert_High_Assurance_EV_Root_CA.crt: [WinError 1314] A required privilege is not held by the client: '../../../usr/share/ca-certificates/mozilla/DigiCert_High_Assurance_EV_Root_CA.crt' -> 'C:\\Users\\Acer\\AppData\\Local\\Temp\\scanner_fs_temx7975\\rootfs\\etc\\ssl\\certs\\DigiCert_High_Assurance_EV_Root_CA.pem'
2026-08-23T18:22:34+0530 WARNING container_scanner Skipping symlink etc/ssl/certs/DigiCert_TLS_ECC_P384_Root_G5.pem -> /usr/share/ca-certificates/mozilla/DigiCert_TLS_ECC_P384_Root_G5.crt: [WinError 1314] A required privilege is not held by the client: '../../../usr/share/ca-certificates/mozilla/DigiCert_TLS_ECC_P384_Root_G5.crt' -> 'C:\\Users\\Acer\\AppData\\Local\\Temp\\scanner_fs_temx7975\\rootfs\\etc\\ssl\\certs\\DigiCert_TLS_ECC_P384_Root_G5.pem'
2026-08-23T18:22:34+0530 WARNING container_scanner Skipping symlink etc/ssl/certs/DigiCert_TLS_RSA4096_Root_G5.pem -> /usr/share/ca-certificates/mozilla/DigiCert_TLS_RSA4096_Root_G5.crt: [WinError 1314] A required privilege is not held by the client: '../../../usr/share/ca-certificates/mozilla/DigiCert_TLS_RSA4096_Root_G5.crt' -> 'C:\\Users\\Acer\\AppData\\Local\\Temp\\scanner_fs_temx7975\\rootfs\\etc\\ssl\\certs\\DigiCert_TLS_RSA4096_Root_G5.pem'
2026-08-23T18:22:34+0530 WARNING container_scanner Skipping symlink etc/ssl/certs/DigiCert_Trusted_Root_G4.pem -> /usr/share/ca-certificates/mozilla/DigiCert_Trusted_Root_G4.crt: [WinError 1314] A required privilege is not held by the client: '../../../usr/share/ca-certificates/mozilla/DigiCert_Trusted_Root_G4.crt' -> 'C:\\Users\\Acer\\AppData\\Local\\Temp\\scanner_fs_temx7975\\rootfs\\etc\\ssl\\certs\\DigiCert_Trusted_Root_G4.pem'
2026-08-23T18:22:34+0530 WARNING container_scanner Skipping symlink etc/ssl/certs/Entrust.net_Premium_2048_Secure_Server_CA.pem -> /usr/share/ca-certificates/mozilla/Entrust.net_Premium_2048_Secure_Server_CA.crt: [WinError 1314] A required privilege is not held by the client: '../../../usr/share/ca-certificates/mozilla/Entrust.net_Premium_2048_Secure_Server_CA.crt' -> 'C:\\Users\\Acer\\AppData\\Local\\Temp\\scanner_fs_temx7975\\rootfs\\etc\\ssl\\certs\\Entrust.net_Premium_2048_Secure_Server_CA.pem'
2026-08-23T18:22:34+0530 WARNING container_scanner Skipping symlink etc/ssl/certs/Entrust_Root_Certification_Authority.pem -> /usr/share/ca-certificates/mozilla/Entrust_Root_Certification_Authority.crt: [WinError 1314] A required privilege is not held by the client: '../../../usr/share/ca-certificates/mozilla/Entrust_Root_Certification_Authority.crt' -> 'C:\\Users\\Acer\\AppData\\Local\\Temp\\scanner_fs_temx7975\\rootfs\\etc\\ssl\\certs\\Entrust_Root_Certification_Authority.pem'
2026-08-23T18:22:34+0530 WARNING container_scanner Skipping symlink etc/ssl/certs/Entrust_Root_Certification_Authority_-_EC1.pem -> /usr/share/ca-certificates/mozilla/Entrust_Root_Certification_Authority_-_EC1.crt: [WinError 1314] A required privilege is not held by the client: '../../../usr/share/ca-certificates/mozilla/Entrust_Root_Certification_Authority_-_EC1.crt' -> 'C:\\Users\\Acer\\AppData\\Local\\Temp\\scanner_fs_temx7975\\rootfs\\etc\\ssl\\certs\\Entrust_Root_Certification_Authority_-_EC1.pem'
2026-08-23T18:22:34+0530 WARNING container_scanner Skipping symlink etc/ssl/certs/Entrust_Root_Certification_Authority_-_G2.pem -> /usr/share/ca-certificates/mozilla/Entrust_Root_Certification_Authority_-_G2.crt: [WinError 1314] A required privilege is not held by the client: '../../../usr/share/ca-certificates/mozilla/Entrust_Root_Certification_Authority_-_G2.crt' -> 'C:\\Users\\Acer\\AppData\\Local\\Temp\\scanner_fs_temx7975\\rootfs\\etc\\ssl\\certs\\Entrust_Root_Certification_Authority_-_G2.pem'
2026-08-23T18:22:34+0530 WARNING container_scanner Skipping symlink etc/ssl/certs/FIRMAPROFESIONAL_CA_ROOT-A_WEB.pem -> /usr/share/ca-certificates/mozilla/FIRMAPROFESIONAL_CA_ROOT-A_WEB.crt: [WinError 1314] A required privilege is not held by the client: '../../../usr/share/ca-certificates/mozilla/FIRMAPROFESIONAL_CA_ROOT-A_WEB.crt' -> 'C:\\Users\\Acer\\AppData\\Local\\Temp\\scanner_fs_temx7975\\rootfs\\etc\\ssl\\certs\\FIRMAPROFESIONAL_CA_ROOT-A_WEB.pem'
2026-08-23T18:22:34+0530 WARNING container_scanner Skipping symlink etc/ssl/certs/GDCA_TrustAUTH_R5_ROOT.pem -> /usr/share/ca-certificates/mozilla/GDCA_TrustAUTH_R5_ROOT.crt: [WinError 1314] A required privilege is not held by the client: '../../../usr/share/ca-certificates/mozilla/GDCA_TrustAUTH_R5_ROOT.crt' -> 'C:\\Users\\Acer\\AppData\\Local\\Temp\\scanner_fs_temx7975\\rootfs\\etc\\ssl\\certs\\GDCA_TrustAUTH_R5_ROOT.pem'
2026-08-23T18:22:34+0530 WARNING container_scanner Skipping symlink etc/ssl/certs/GLOBALTRUST_2020.pem -> /usr/share/ca-certificates/mozilla/GLOBALTRUST_2020.crt: [WinError 1314] A required privilege is not held by the client: '../../../usr/share/ca-certificates/mozilla/GLOBALTRUST_2020.crt' -> 'C:\\Users\\Acer\\AppData\\Local\\Temp\\scanner_fs_temx7975\\rootfs\\etc\\ssl\\certs\\GLOBALTRUST_2020.pem'
2026-08-23T18:22:34+0530 WARNING container_scanner Skipping symlink etc/ssl/certs/GTS_Root_R1.pem -> /usr/share/ca-certificates/mozilla/GTS_Root_R1.crt: [WinError 1314] A required privilege is not held by the client: '../../../usr/share/ca-certificates/mozilla/GTS_Root_R1.crt' -> 'C:\\Users\\Acer\\AppData\\Local\\Temp\\scanner_fs_temx7975\\rootfs\\etc\\ssl\\certs\\GTS_Root_R1.pem'
2026-08-23T18:22:34+0530 WARNING container_scanner Skipping symlink etc/ssl/certs/GTS_Root_R2.pem -> /usr/share/ca-certificates/mozilla/GTS_Root_R2.crt: [WinError 1314] A required privilege is not held by the client: '../../../usr/share/ca-certificates/mozilla/GTS_Root_R2.crt' -> 'C:\\Users\\Acer\\AppData\\Local\\Temp\\scanner_fs_temx7975\\rootfs\\etc\\ssl\\certs\\GTS_Root_R2.pem'
2026-08-23T18:22:34+0530 WARNING container_scanner Skipping symlink etc/ssl/certs/GTS_Root_R3.pem -> /usr/share/ca-certificates/mozilla/GTS_Root_R3.crt: [WinError 1314] A required privilege is not held by the client: '../../../usr/share/ca-certificates/mozilla/GTS_Root_R3.crt' -> 'C:\\Users\\Acer\\AppData\\Local\\Temp\\scanner_fs_temx7975\\rootfs\\etc\\ssl\\certs\\GTS_Root_R3.pem'
2026-08-23T18:22:34+0530 WARNING container_scanner Skipping symlink etc/ssl/certs/GTS_Root_R4.pem -> /usr/share/ca-certificates/mozilla/GTS_Root_R4.crt: [WinError 1314] A required privilege is not held by the client: '../../../usr/share/ca-certificates/mozilla/GTS_Root_R4.crt' -> 'C:\\Users\\Acer\\AppData\\Local\\Temp\\scanner_fs_temx7975\\rootfs\\etc\\ssl\\certs\\GTS_Root_R4.pem'
2026-08-23T18:22:34+0530 WARNING container_scanner Skipping symlink etc/ssl/certs/GlobalSign_ECC_Root_CA_-_R4.pem -> /usr/share/ca-certificates/mozilla/GlobalSign_ECC_Root_CA_-_R4.crt: [WinError 1314] A required privilege is not held by the client: '../../../usr/share/ca-certificates/mozilla/GlobalSign_ECC_Root_CA_-_R4.crt' -> 'C:\\Users\\Acer\\AppData\\Local\\Temp\\scanner_fs_temx7975\\rootfs\\etc\\ssl\\certs\\GlobalSign_ECC_Root_CA_-_R4.pem'
2026-08-23T18:22:34+0530 WARNING container_scanner Skipping symlink etc/ssl/certs/GlobalSign_ECC_Root_CA_-_R5.pem -> /usr/share/ca-certificates/mozilla/GlobalSign_ECC_Root_CA_-_R5.crt: [WinError 1314] A required privilege is not held by the client: '../../../usr/share/ca-certificates/mozilla/GlobalSign_ECC_Root_CA_-_R5.crt' -> 'C:\\Users\\Acer\\AppData\\Local\\Temp\\scanner_fs_temx7975\\rootfs\\etc\\ssl\\certs\\GlobalSign_ECC_Root_CA_-_R5.pem'
2026-08-23T18:22:34+0530 WARNING container_scanner Skipping symlink etc/ssl/certs/GlobalSign_Root_CA.pem -> /usr/share/ca-certificates/mozilla/GlobalSign_Root_CA.crt: [WinError 1314] A required privilege is not held by the client: '../../../usr/share/ca-certificates/mozilla/GlobalSign_Root_CA.crt' -> 'C:\\Users\\Acer\\AppData\\Local\\Temp\\scanner_fs_temx7975\\rootfs\\etc\\ssl\\certs\\GlobalSign_Root_CA.pem'
2026-08-23T18:22:34+0530 WARNING container_scanner Skipping symlink etc/ssl/certs/GlobalSign_Root_CA_-_R3.pem -> /usr/share/ca-certificates/mozilla/GlobalSign_Root_CA_-_R3.crt: [WinError 1314] A required privilege is not held by the client: '../../../usr/share/ca-certificates/mozilla/GlobalSign_Root_CA_-_R3.crt' -> 'C:\\Users\\Acer\\AppData\\Local\\Temp\\scanner_fs_temx7975\\rootfs\\etc\\ssl\\certs\\GlobalSign_Root_CA_-_R3.pem'
2026-08-23T18:22:34+0530 WARNING container_scanner Skipping symlink etc/ssl/certs/GlobalSign_Root_CA_-_R6.pem -> /usr/share/ca-certificates/mozilla/GlobalSign_Root_CA_-_R6.crt: [WinError 1314] A required privilege is not held by the client: '../../../usr/share/ca-certificates/mozilla/GlobalSign_Root_CA_-_R6.crt' -> 'C:\\Users\\Acer\\AppData\\Local\\Temp\\scanner_fs_temx7975\\rootfs\\etc\\ssl\\certs\\GlobalSign_Root_CA_-_R6.pem'
2026-08-23T18:22:34+0530 WARNING container_scanner Skipping symlink etc/ssl/certs/GlobalSign_Root_E46.pem -> /usr/share/ca-certificates/mozilla/GlobalSign_Root_E46.crt: [WinError 1314] A required privilege is not held by the client: '../../../usr/share/ca-certificates/mozilla/GlobalSign_Root_E46.crt' -> 'C:\\Users\\Acer\\AppData\\Local\\Temp\\scanner_fs_temx7975\\rootfs\\etc\\ssl\\certs\\GlobalSign_Root_E46.pem'
2026-08-23T18:22:34+0530 WARNING container_scanner Skipping symlink etc/ssl/certs/GlobalSign_Root_R46.pem -> /usr/share/ca-certificates/mozilla/GlobalSign_Root_R46.crt: [WinError 1314] A required privilege is not held by the client: '../../../usr/share/ca-certificates/mozilla/GlobalSign_Root_R46.crt' -> 'C:\\Users\\Acer\\AppData\\Local\\Temp\\scanner_fs_temx7975\\rootfs\\etc\\ssl\\certs\\GlobalSign_Root_R46.pem'
2026-08-23T18:22:34+0530 WARNING container_scanner Skipping symlink etc/ssl/certs/Go_Daddy_Class_2_CA.pem -> /usr/share/ca-certificates/mozilla/Go_Daddy_Class_2_CA.crt: [WinError 1314] A required privilege is not held by the client: '../../../usr/share/ca-certificates/mozilla/Go_Daddy_Class_2_CA.crt' -> 'C:\\Users\\Acer\\AppData\\Local\\Temp\\scanner_fs_temx7975\\rootfs\\etc\\ssl\\certs\\Go_Daddy_Class_2_CA.pem'
2026-08-23T18:22:34+0530 WARNING container_scanner Skipping symlink etc/ssl/certs/Go_Daddy_Root_Certificate_Authority_-_G2.pem -> /usr/share/ca-certificates/mozilla/Go_Daddy_Root_Certificate_Authority_-_G2.crt: [WinError 1314] A required privilege is not held by the client: '../../../usr/share/ca-certificates/mozilla/Go_Daddy_Root_Certificate_Authority_-_G2.crt' -> 'C:\\Users\\Acer\\AppData\\Local\\Temp\\scanner_fs_temx7975\\rootfs\\etc\\ssl\\certs\\Go_Daddy_Root_Certificate_Authority_-_G2.pem'
2026-08-23T18:22:34+0530 WARNING container_scanner Skipping symlink etc/ssl/certs/HARICA_TLS_ECC_Root_CA_2021.pem -> /usr/share/ca-certificates/mozilla/HARICA_TLS_ECC_Root_CA_2021.crt: [WinError 1314] A required privilege is not held by the client: '../../../usr/share/ca-certificates/mozilla/HARICA_TLS_ECC_Root_CA_2021.crt' -> 'C:\\Users\\Acer\\AppData\\Local\\Temp\\scanner_fs_temx7975\\rootfs\\etc\\ssl\\certs\\HARICA_TLS_ECC_Root_CA_2021.pem'
2026-08-23T18:22:34+0530 WARNING container_scanner Skipping symlink etc/ssl/certs/HARICA_TLS_RSA_Root_CA_2021.pem -> /usr/share/ca-certificates/mozilla/HARICA_TLS_RSA_Root_CA_2021.crt: [WinError 1314] A required privilege is not held by the client: '../../../usr/share/ca-certificates/mozilla/HARICA_TLS_RSA_Root_CA_2021.crt' -> 'C:\\Users\\Acer\\AppData\\Local\\Temp\\scanner_fs_temx7975\\rootfs\\etc\\ssl\\certs\\HARICA_TLS_RSA_Root_CA_2021.pem'
2026-08-23T18:22:34+0530 WARNING container_scanner Skipping symlink etc/ssl/certs/Hellenic_Academic_and_Research_Institutions_ECC_RootCA_2015.pem -> /usr/share/ca-certificates/mozilla/Hellenic_Academic_and_Research_Institutions_ECC_RootCA_2015.crt: [WinError 1314] A required privilege is not held by the client: '../../../usr/share/ca-certificates/mozilla/Hellenic_Academic_and_Research_Institutions_ECC_RootCA_2015.crt' -> 'C:\\Users\\Acer\\AppData\\Local\\Temp\\scanner_fs_temx7975\\rootfs\\etc\\ssl\\certs\\Hellenic_Academic_and_Research_Institutions_ECC_RootCA_2015.pem'
2026-08-23T18:22:34+0530 WARNING container_scanner Skipping symlink etc/ssl/certs/Hellenic_Academic_and_Research_Institutions_RootCA_2015.pem -> /usr/share/ca-certificates/mozilla/Hellenic_Academic_and_Research_Institutions_RootCA_2015.crt: [WinError 1314] A required privilege is not held by the client: '../../../usr/share/ca-certificates/mozilla/Hellenic_Academic_and_Research_Institutions_RootCA_2015.crt' -> 'C:\\Users\\Acer\\AppData\\Local\\Temp\\scanner_fs_temx7975\\rootfs\\etc\\ssl\\certs\\Hellenic_Academic_and_Research_Institutions_RootCA_2015.pem'
2026-08-23T18:22:34+0530 WARNING container_scanner Skipping symlink etc/ssl/certs/HiPKI_Root_CA_-_G1.pem -> /usr/share/ca-certificates/mozilla/HiPKI_Root_CA_-_G1.crt: [WinError 1314] A required privilege is not held by the client: '../../../usr/share/ca-certificates/mozilla/HiPKI_Root_CA_-_G1.crt' -> 'C:\\Users\\Acer\\AppData\\Local\\Temp\\scanner_fs_temx7975\\rootfs\\etc\\ssl\\certs\\HiPKI_Root_CA_-_G1.pem'
2026-08-23T18:22:34+0530 WARNING container_scanner Skipping symlink etc/ssl/certs/Hongkong_Post_Root_CA_3.pem -> /usr/share/ca-certificates/mozilla/Hongkong_Post_Root_CA_3.crt: [WinError 1314] A required privilege is not held by the client: '../../../usr/share/ca-certificates/mozilla/Hongkong_Post_Root_CA_3.crt' -> 'C:\\Users\\Acer\\AppData\\Local\\Temp\\scanner_fs_temx7975\\rootfs\\etc\\ssl\\certs\\Hongkong_Post_Root_CA_3.pem'
2026-08-23T18:22:34+0530 WARNING container_scanner Skipping symlink etc/ssl/certs/ISRG_Root_X1.pem -> /usr/share/ca-certificates/mozilla/ISRG_Root_X1.crt: [WinError 1314] A required privilege is not held by the client: '../../../usr/share/ca-certificates/mozilla/ISRG_Root_X1.crt' -> 'C:\\Users\\Acer\\AppData\\Local\\Temp\\scanner_fs_temx7975\\rootfs\\etc\\ssl\\certs\\ISRG_Root_X1.pem'
2026-08-23T18:22:34+0530 WARNING container_scanner Skipping symlink etc/ssl/certs/ISRG_Root_X2.pem -> /usr/share/ca-certificates/mozilla/ISRG_Root_X2.crt: [WinError 1314] A required privilege is not held by the client: '../../../usr/share/ca-certificates/mozilla/ISRG_Root_X2.crt' -> 'C:\\Users\\Acer\\AppData\\Local\\Temp\\scanner_fs_temx7975\\rootfs\\etc\\ssl\\certs\\ISRG_Root_X2.pem'
2026-08-23T18:22:34+0530 WARNING container_scanner Skipping symlink etc/ssl/certs/IdenTrust_Commercial_Root_CA_1.pem -> /usr/share/ca-certificates/mozilla/IdenTrust_Commercial_Root_CA_1.crt: [WinError 1314] A required privilege is not held by the client: '../../../usr/share/ca-certificates/mozilla/IdenTrust_Commercial_Root_CA_1.crt' -> 'C:\\Users\\Acer\\AppData\\Local\\Temp\\scanner_fs_temx7975\\rootfs\\etc\\ssl\\certs\\IdenTrust_Commercial_Root_CA_1.pem'
2026-08-23T18:22:34+0530 WARNING container_scanner Skipping symlink etc/ssl/certs/IdenTrust_Public_Sector_Root_CA_1.pem -> /usr/share/ca-certificates/mozilla/IdenTrust_Public_Sector_Root_CA_1.crt: [WinError 1314] A required privilege is not held by the client: '../../../usr/share/ca-certificates/mozilla/IdenTrust_Public_Sector_Root_CA_1.crt' -> 'C:\\Users\\Acer\\AppData\\Local\\Temp\\scanner_fs_temx7975\\rootfs\\etc\\ssl\\certs\\IdenTrust_Public_Sector_Root_CA_1.pem'
2026-08-23T18:22:34+0530 WARNING container_scanner Skipping symlink etc/ssl/certs/Izenpe.com.pem -> /usr/share/ca-certificates/mozilla/Izenpe.com.crt: [WinError 1314] A required privilege is not held by the client: '../../../usr/share/ca-certificates/mozilla/Izenpe.com.crt' -> 'C:\\Users\\Acer\\AppData\\Local\\Temp\\scanner_fs_temx7975\\rootfs\\etc\\ssl\\certs\\Izenpe.com.pem'
2026-08-23T18:22:34+0530 WARNING container_scanner Skipping symlink etc/ssl/certs/Microsec_e-Szigno_Root_CA_2009.pem -> /usr/share/ca-certificates/mozilla/Microsec_e-Szigno_Root_CA_2009.crt: [WinError 1314] A required privilege is not held by the client: '../../../usr/share/ca-certificates/mozilla/Microsec_e-Szigno_Root_CA_2009.crt' -> 'C:\\Users\\Acer\\AppData\\Local\\Temp\\scanner_fs_temx7975\\rootfs\\etc\\ssl\\certs\\Microsec_e-Szigno_Root_CA_2009.pem'
2026-08-23T18:22:34+0530 WARNING container_scanner Skipping symlink etc/ssl/certs/Microsoft_ECC_Root_Certificate_Authority_2017.pem -> /usr/share/ca-certificates/mozilla/Microsoft_ECC_Root_Certificate_Authority_2017.crt: [WinError 1314] A required privilege is not held by the client: '../../../usr/share/ca-certificates/mozilla/Microsoft_ECC_Root_Certificate_Authority_2017.crt' -> 'C:\\Users\\Acer\\AppData\\Local\\Temp\\scanner_fs_temx7975\\rootfs\\etc\\ssl\\certs\\Microsoft_ECC_Root_Certificate_Authority_2017.pem'
2026-08-23T18:22:34+0530 WARNING container_scanner Skipping symlink etc/ssl/certs/Microsoft_RSA_Root_Certificate_Authority_2017.pem -> /usr/share/ca-certificates/mozilla/Microsoft_RSA_Root_Certificate_Authority_2017.crt: [WinError 1314] A required privilege is not held by the client: '../../../usr/share/ca-certificates/mozilla/Microsoft_RSA_Root_Certificate_Authority_2017.crt' -> 'C:\\Users\\Acer\\AppData\\Local\\Temp\\scanner_fs_temx7975\\rootfs\\etc\\ssl\\certs\\Microsoft_RSA_Root_Certificate_Authority_2017.pem'
2026-08-23T18:22:34+0530 WARNING container_scanner Skipping symlink etc/ssl/certs/NAVER_Global_Root_Certification_Authority.pem -> /usr/share/ca-certificates/mozilla/NAVER_Global_Root_Certification_Authority.crt: [WinError 1314] A required privilege is not held by the client: '../../../usr/share/ca-certificates/mozilla/NAVER_Global_Root_Certification_Authority.crt' -> 'C:\\Users\\Acer\\AppData\\Local\\Temp\\scanner_fs_temx7975\\rootfs\\etc\\ssl\\certs\\NAVER_Global_Root_Certification_Authority.pem'
2026-08-23T18:22:34+0530 WARNING container_scanner Skipping symlink etc/ssl/certs/NetLock_Arany_=Class_Gold=_Főtanúsítvány.pem -> /usr/share/ca-certificates/mozilla/NetLock_Arany_=Class_Gold=_Főtanúsítvány.crt: [WinError 1314] A required privilege is not held by the client: '../../../usr/share/ca-certificates/mozilla/NetLock_Arany_=Class_Gold=_Főtanúsítvány.crt' -> 'C:\\Users\\Acer\\AppData\\Local\\Temp\\scanner_fs_temx7975\\rootfs\\etc\\ssl\\certs\\NetLock_Arany_=Class_Gold=_Főtanúsítvány.pem'
2026-08-23T18:22:34+0530 WARNING container_scanner Skipping symlink etc/ssl/certs/OISTE_WISeKey_Global_Root_GB_CA.pem -> /usr/share/ca-certificates/mozilla/OISTE_WISeKey_Global_Root_GB_CA.crt: [WinError 1314] A required privilege is not held by the client: '../../../usr/share/ca-certificates/mozilla/OISTE_WISeKey_Global_Root_GB_CA.crt' -> 'C:\\Users\\Acer\\AppData\\Local\\Temp\\scanner_fs_temx7975\\rootfs\\etc\\ssl\\certs\\OISTE_WISeKey_Global_Root_GB_CA.pem'
2026-08-23T18:22:34+0530 WARNING container_scanner Skipping symlink etc/ssl/certs/OISTE_WISeKey_Global_Root_GC_CA.pem -> /usr/share/ca-certificates/mozilla/OISTE_WISeKey_Global_Root_GC_CA.crt: [WinError 1314] A required privilege is not held by the client: '../../../usr/share/ca-certificates/mozilla/OISTE_WISeKey_Global_Root_GC_CA.crt' -> 'C:\\Users\\Acer\\AppData\\Local\\Temp\\scanner_fs_temx7975\\rootfs\\etc\\ssl\\certs\\OISTE_WISeKey_Global_Root_GC_CA.pem'
2026-08-23T18:22:34+0530 WARNING container_scanner Skipping symlink etc/ssl/certs/QuoVadis_Root_CA_1_G3.pem -> /usr/share/ca-certificates/mozilla/QuoVadis_Root_CA_1_G3.crt: [WinError 1314] A required privilege is not held by the client: '../../../usr/share/ca-certificates/mozilla/QuoVadis_Root_CA_1_G3.crt' -> 'C:\\Users\\Acer\\AppData\\Local\\Temp\\scanner_fs_temx7975\\rootfs\\etc\\ssl\\certs\\QuoVadis_Root_CA_1_G3.pem'
2026-08-23T18:22:34+0530 WARNING container_scanner Skipping symlink etc/ssl/certs/QuoVadis_Root_CA_2.pem -> /usr/share/ca-certificates/mozilla/QuoVadis_Root_CA_2.crt: [WinError 1314] A required privilege is not held by the client: '../../../usr/share/ca-certificates/mozilla/QuoVadis_Root_CA_2.crt' -> 'C:\\Users\\Acer\\AppData\\Local\\Temp\\scanner_fs_temx7975\\rootfs\\etc\\ssl\\certs\\QuoVadis_Root_CA_2.pem'
2026-08-23T18:22:34+0530 WARNING container_scanner Skipping symlink etc/ssl/certs/QuoVadis_Root_CA_2_G3.pem -> /usr/share/ca-certificates/mozilla/QuoVadis_Root_CA_2_G3.crt: [WinError 1314] A required privilege is not held by the client: '../../../usr/share/ca-certificates/mozilla/QuoVadis_Root_CA_2_G3.crt' -> 'C:\\Users\\Acer\\AppData\\Local\\Temp\\scanner_fs_temx7975\\rootfs\\etc\\ssl\\certs\\QuoVadis_Root_CA_2_G3.pem'
2026-08-23T18:22:34+0530 WARNING container_scanner Skipping symlink etc/ssl/certs/QuoVadis_Root_CA_3.pem -> /usr/share/ca-certificates/mozilla/QuoVadis_Root_CA_3.crt: [WinError 1314] A required privilege is not held by the client: '../../../usr/share/ca-certificates/mozilla/QuoVadis_Root_CA_3.crt' -> 'C:\\Users\\Acer\\AppData\\Local\\Temp\\scanner_fs_temx7975\\rootfs\\etc\\ssl\\certs\\QuoVadis_Root_CA_3.pem'
2026-08-23T18:22:34+0530 WARNING container_scanner Skipping symlink etc/ssl/certs/QuoVadis_Root_CA_3_G3.pem -> /usr/share/ca-certificates/mozilla/QuoVadis_Root_CA_3_G3.crt: [WinError 1314] A required privilege is not held by the client: '../../../usr/share/ca-certificates/mozilla/QuoVadis_Root_CA_3_G3.crt' -> 'C:\\Users\\Acer\\AppData\\Local\\Temp\\scanner_fs_temx7975\\rootfs\\etc\\ssl\\certs\\QuoVadis_Root_CA_3_G3.pem'
2026-08-23T18:22:34+0530 WARNING container_scanner Skipping symlink etc/ssl/certs/SSL.com_EV_Root_Certification_Authority_ECC.pem -> /usr/share/ca-certificates/mozilla/SSL.com_EV_Root_Certification_Authority_ECC.crt: [WinError 1314] A required privilege is not held by the client: '../../../usr/share/ca-certificates/mozilla/SSL.com_EV_Root_Certification_Authority_ECC.crt' -> 'C:\\Users\\Acer\\AppData\\Local\\Temp\\scanner_fs_temx7975\\rootfs\\etc\\ssl\\certs\\SSL.com_EV_Root_Certification_Authority_ECC.pem'
2026-08-23T18:22:34+0530 WARNING container_scanner Skipping symlink etc/ssl/certs/SSL.com_EV_Root_Certification_Authority_RSA_R2.pem -> /usr/share/ca-certificates/mozilla/SSL.com_EV_Root_Certification_Authority_RSA_R2.crt: [WinError 1314] A required privilege is not held by the client: '../../../usr/share/ca-certificates/mozilla/SSL.com_EV_Root_Certification_Authority_RSA_R2.crt' -> 'C:\\Users\\Acer\\AppData\\Local\\Temp\\scanner_fs_temx7975\\rootfs\\etc\\ssl\\certs\\SSL.com_EV_Root_Certification_Authority_RSA_R2.pem'
2026-08-23T18:22:34+0530 WARNING container_scanner Skipping symlink etc/ssl/certs/SSL.com_Root_Certification_Authority_ECC.pem -> /usr/share/ca-certificates/mozilla/SSL.com_Root_Certification_Authority_ECC.crt: [WinError 1314] A required privilege is not held by the client: '../../../usr/share/ca-certificates/mozilla/SSL.com_Root_Certification_Authority_ECC.crt' -> 'C:\\Users\\Acer\\AppData\\Local\\Temp\\scanner_fs_temx7975\\rootfs\\etc\\ssl\\certs\\SSL.com_Root_Certification_Authority_ECC.pem'
2026-08-23T18:22:34+0530 WARNING container_scanner Skipping symlink etc/ssl/certs/SSL.com_Root_Certification_Authority_RSA.pem -> /usr/share/ca-certificates/mozilla/SSL.com_Root_Certification_Authority_RSA.crt: [WinError 1314] A required privilege is not held by the client: '../../../usr/share/ca-certificates/mozilla/SSL.com_Root_Certification_Authority_RSA.crt' -> 'C:\\Users\\Acer\\AppData\\Local\\Temp\\scanner_fs_temx7975\\rootfs\\etc\\ssl\\certs\\SSL.com_Root_Certification_Authority_RSA.pem'
2026-08-23T18:22:34+0530 WARNING container_scanner Skipping symlink etc/ssl/certs/SSL.com_TLS_ECC_Root_CA_2022.pem -> /usr/share/ca-certificates/mozilla/SSL.com_TLS_ECC_Root_CA_2022.crt: [WinError 1314] A required privilege is not held by the client: '../../../usr/share/ca-certificates/mozilla/SSL.com_TLS_ECC_Root_CA_2022.crt' -> 'C:\\Users\\Acer\\AppData\\Local\\Temp\\scanner_fs_temx7975\\rootfs\\etc\\ssl\\certs\\SSL.com_TLS_ECC_Root_CA_2022.pem'
2026-08-23T18:22:34+0530 WARNING container_scanner Skipping symlink etc/ssl/certs/SSL.com_TLS_RSA_Root_CA_2022.pem -> /usr/share/ca-certificates/mozilla/SSL.com_TLS_RSA_Root_CA_2022.crt: [WinError 1314] A required privilege is not held by the client: '../../../usr/share/ca-certificates/mozilla/SSL.com_TLS_RSA_Root_CA_2022.crt' -> 'C:\\Users\\Acer\\AppData\\Local\\Temp\\scanner_fs_temx7975\\rootfs\\etc\\ssl\\certs\\SSL.com_TLS_RSA_Root_CA_2022.pem'
2026-08-23T18:22:34+0530 WARNING container_scanner Skipping symlink etc/ssl/certs/SZAFIR_ROOT_CA2.pem -> /usr/share/ca-certificates/mozilla/SZAFIR_ROOT_CA2.crt: [WinError 1314] A required privilege is not held by the client: '../../../usr/share/ca-certificates/mozilla/SZAFIR_ROOT_CA2.crt' -> 'C:\\Users\\Acer\\AppData\\Local\\Temp\\scanner_fs_temx7975\\rootfs\\etc\\ssl\\certs\\SZAFIR_ROOT_CA2.pem'
2026-08-23T18:22:34+0530 WARNING container_scanner Skipping symlink etc/ssl/certs/Sectigo_Public_Server_Authentication_Root_E46.pem -> /usr/share/ca-certificates/mozilla/Sectigo_Public_Server_Authentication_Root_E46.crt: [WinError 1314] A required privilege is not held by the client: '../../../usr/share/ca-certificates/mozilla/Sectigo_Public_Server_Authentication_Root_E46.crt' -> 'C:\\Users\\Acer\\AppData\\Local\\Temp\\scanner_fs_temx7975\\rootfs\\etc\\ssl\\certs\\Sectigo_Public_Server_Authentication_Root_E46.pem'
2026-08-23T18:22:34+0530 WARNING container_scanner Skipping symlink etc/ssl/certs/Sectigo_Public_Server_Authentication_Root_R46.pem -> /usr/share/ca-certificates/mozilla/Sectigo_Public_Server_Authentication_Root_R46.crt: [WinError 1314] A required privilege is not held by the client: '../../../usr/share/ca-certificates/mozilla/Sectigo_Public_Server_Authentication_Root_R46.crt' -> 'C:\\Users\\Acer\\AppData\\Local\\Temp\\scanner_fs_temx7975\\rootfs\\etc\\ssl\\certs\\Sectigo_Public_Server_Authentication_Root_R46.pem'
2026-08-23T18:22:34+0530 WARNING container_scanner Skipping symlink etc/ssl/certs/SecureSign_Root_CA12.pem -> /usr/share/ca-certificates/mozilla/SecureSign_Root_CA12.crt: [WinError 1314] A required privilege is not held by the client: '../../../usr/share/ca-certificates/mozilla/SecureSign_Root_CA12.crt' -> 'C:\\Users\\Acer\\AppData\\Local\\Temp\\scanner_fs_temx7975\\rootfs\\etc\\ssl\\certs\\SecureSign_Root_CA12.pem'
2026-08-23T18:22:34+0530 WARNING container_scanner Skipping symlink etc/ssl/certs/SecureSign_Root_CA14.pem -> /usr/share/ca-certificates/mozilla/SecureSign_Root_CA14.crt: [WinError 1314] A required privilege is not held by the client: '../../../usr/share/ca-certificates/mozilla/SecureSign_Root_CA14.crt' -> 'C:\\Users\\Acer\\AppData\\Local\\Temp\\scanner_fs_temx7975\\rootfs\\etc\\ssl\\certs\\SecureSign_Root_CA14.pem'
2026-08-23T18:22:34+0530 WARNING container_scanner Skipping symlink etc/ssl/certs/SecureSign_Root_CA15.pem -> /usr/share/ca-certificates/mozilla/SecureSign_Root_CA15.crt: [WinError 1314] A required privilege is not held by the client: '../../../usr/share/ca-certificates/mozilla/SecureSign_Root_CA15.crt' -> 'C:\\Users\\Acer\\AppData\\Local\\Temp\\scanner_fs_temx7975\\rootfs\\etc\\ssl\\certs\\SecureSign_Root_CA15.pem'
2026-08-23T18:22:34+0530 WARNING container_scanner Skipping symlink etc/ssl/certs/SecureTrust_CA.pem -> /usr/share/ca-certificates/mozilla/SecureTrust_CA.crt: [WinError 1314] A required privilege is not held by the client: '../../../usr/share/ca-certificates/mozilla/SecureTrust_CA.crt' -> 'C:\\Users\\Acer\\AppData\\Local\\Temp\\scanner_fs_temx7975\\rootfs\\etc\\ssl\\certs\\SecureTrust_CA.pem'
2026-08-23T18:22:34+0530 WARNING container_scanner Skipping symlink etc/ssl/certs/Secure_Global_CA.pem -> /usr/share/ca-certificates/mozilla/Secure_Global_CA.crt: [WinError 1314] A required privilege is not held by the client: '../../../usr/share/ca-certificates/mozilla/Secure_Global_CA.crt' -> 'C:\\Users\\Acer\\AppData\\Local\\Temp\\scanner_fs_temx7975\\rootfs\\etc\\ssl\\certs\\Secure_Global_CA.pem'
2026-08-23T18:22:34+0530 WARNING container_scanner Skipping symlink etc/ssl/certs/Security_Communication_ECC_RootCA1.pem -> /usr/share/ca-certificates/mozilla/Security_Communication_ECC_RootCA1.crt: [WinError 1314] A required privilege is not held by the client: '../../../usr/share/ca-certificates/mozilla/Security_Communication_ECC_RootCA1.crt' -> 'C:\\Users\\Acer\\AppData\\Local\\Temp\\scanner_fs_temx7975\\rootfs\\etc\\ssl\\certs\\Security_Communication_ECC_RootCA1.pem'
2026-08-23T18:22:34+0530 WARNING container_scanner Skipping symlink etc/ssl/certs/Security_Communication_RootCA2.pem -> /usr/share/ca-certificates/mozilla/Security_Communication_RootCA2.crt: [WinError 1314] A required privilege is not held by the client: '../../../usr/share/ca-certificates/mozilla/Security_Communication_RootCA2.crt' -> 'C:\\Users\\Acer\\AppData\\Local\\Temp\\scanner_fs_temx7975\\rootfs\\etc\\ssl\\certs\\Security_Communication_RootCA2.pem'
2026-08-23T18:22:34+0530 WARNING container_scanner Skipping symlink etc/ssl/certs/Starfield_Class_2_CA.pem -> /usr/share/ca-certificates/mozilla/Starfield_Class_2_CA.crt: [WinError 1314] A required privilege is not held by the client: '../../../usr/share/ca-certificates/mozilla/Starfield_Class_2_CA.crt' -> 'C:\\Users\\Acer\\AppData\\Local\\Temp\\scanner_fs_temx7975\\rootfs\\etc\\ssl\\certs\\Starfield_Class_2_CA.pem'
2026-08-23T18:22:34+0530 WARNING container_scanner Skipping symlink etc/ssl/certs/Starfield_Root_Certificate_Authority_-_G2.pem -> /usr/share/ca-certificates/mozilla/Starfield_Root_Certificate_Authority_-_G2.crt: [WinError 1314] A required privilege is not held by the client: '../../../usr/share/ca-certificates/mozilla/Starfield_Root_Certificate_Authority_-_G2.crt' -> 'C:\\Users\\Acer\\AppData\\Local\\Temp\\scanner_fs_temx7975\\rootfs\\etc\\ssl\\certs\\Starfield_Root_Certificate_Authority_-_G2.pem'
2026-08-23T18:22:34+0530 WARNING container_scanner Skipping symlink etc/ssl/certs/Starfield_Services_Root_Certificate_Authority_-_G2.pem -> /usr/share/ca-certificates/mozilla/Starfield_Services_Root_Certificate_Authority_-_G2.crt: [WinError 1314] A required privilege is not held by the client: '../../../usr/share/ca-certificates/mozilla/Starfield_Services_Root_Certificate_Authority_-_G2.crt' -> 'C:\\Users\\Acer\\AppData\\Local\\Temp\\scanner_fs_temx7975\\rootfs\\etc\\ssl\\certs\\Starfield_Services_Root_Certificate_Authority_-_G2.pem'
2026-08-23T18:22:34+0530 WARNING container_scanner Skipping symlink etc/ssl/certs/SwissSign_Gold_CA_-_G2.pem -> /usr/share/ca-certificates/mozilla/SwissSign_Gold_CA_-_G2.crt: [WinError 1314] A required privilege is not held by the client: '../../../usr/share/ca-certificates/mozilla/SwissSign_Gold_CA_-_G2.crt' -> 'C:\\Users\\Acer\\AppData\\Local\\Temp\\scanner_fs_temx7975\\rootfs\\etc\\ssl\\certs\\SwissSign_Gold_CA_-_G2.pem'
2026-08-23T18:22:34+0530 WARNING container_scanner Skipping symlink etc/ssl/certs/T-TeleSec_GlobalRoot_Class_2.pem -> /usr/share/ca-certificates/mozilla/T-TeleSec_GlobalRoot_Class_2.crt: [WinError 1314] A required privilege is not held by the client: '../../../usr/share/ca-certificates/mozilla/T-TeleSec_GlobalRoot_Class_2.crt' -> 'C:\\Users\\Acer\\AppData\\Local\\Temp\\scanner_fs_temx7975\\rootfs\\etc\\ssl\\certs\\T-TeleSec_GlobalRoot_Class_2.pem'
2026-08-23T18:22:34+0530 WARNING container_scanner Skipping symlink etc/ssl/certs/T-TeleSec_GlobalRoot_Class_3.pem -> /usr/share/ca-certificates/mozilla/T-TeleSec_GlobalRoot_Class_3.crt: [WinError 1314] A required privilege is not held by the client: '../../../usr/share/ca-certificates/mozilla/T-TeleSec_GlobalRoot_Class_3.crt' -> 'C:\\Users\\Acer\\AppData\\Local\\Temp\\scanner_fs_temx7975\\rootfs\\etc\\ssl\\certs\\T-TeleSec_GlobalRoot_Class_3.pem'
2026-08-23T18:22:34+0530 WARNING container_scanner Skipping symlink etc/ssl/certs/TUBITAK_Kamu_SM_SSL_Kok_Sertifikasi_-_Surum_1.pem -> /usr/share/ca-certificates/mozilla/TUBITAK_Kamu_SM_SSL_Kok_Sertifikasi_-_Surum_1.crt: [WinError 1314] A required privilege is not held by the client: '../../../usr/share/ca-certificates/mozilla/TUBITAK_Kamu_SM_SSL_Kok_Sertifikasi_-_Surum_1.crt' -> 'C:\\Users\\Acer\\AppData\\Local\\Temp\\scanner_fs_temx7975\\rootfs\\etc\\ssl\\certs\\TUBITAK_Kamu_SM_SSL_Kok_Sertifikasi_-_Surum_1.pem'
2026-08-23T18:22:34+0530 WARNING container_scanner Skipping symlink etc/ssl/certs/TWCA_CYBER_Root_CA.pem -> /usr/share/ca-certificates/mozilla/TWCA_CYBER_Root_CA.crt: [WinError 1314] A required privilege is not held by the client: '../../../usr/share/ca-certificates/mozilla/TWCA_CYBER_Root_CA.crt' -> 'C:\\Users\\Acer\\AppData\\Local\\Temp\\scanner_fs_temx7975\\rootfs\\etc\\ssl\\certs\\TWCA_CYBER_Root_CA.pem'
2026-08-23T18:22:34+0530 WARNING container_scanner Skipping symlink etc/ssl/certs/TWCA_Global_Root_CA.pem -> /usr/share/ca-certificates/mozilla/TWCA_Global_Root_CA.crt: [WinError 1314] A required privilege is not held by the client: '../../../usr/share/ca-certificates/mozilla/TWCA_Global_Root_CA.crt' -> 'C:\\Users\\Acer\\AppData\\Local\\Temp\\scanner_fs_temx7975\\rootfs\\etc\\ssl\\certs\\TWCA_Global_Root_CA.pem'
2026-08-23T18:22:34+0530 WARNING container_scanner Skipping symlink etc/ssl/certs/TWCA_Root_Certification_Authority.pem -> /usr/share/ca-certificates/mozilla/TWCA_Root_Certification_Authority.crt: [WinError 1314] A required privilege is not held by the client: '../../../usr/share/ca-certificates/mozilla/TWCA_Root_Certification_Authority.crt' -> 'C:\\Users\\Acer\\AppData\\Local\\Temp\\scanner_fs_temx7975\\rootfs\\etc\\ssl\\certs\\TWCA_Root_Certification_Authority.pem'
2026-08-23T18:22:34+0530 WARNING container_scanner Skipping symlink etc/ssl/certs/Telekom_Security_TLS_ECC_Root_2020.pem -> /usr/share/ca-certificates/mozilla/Telekom_Security_TLS_ECC_Root_2020.crt: [WinError 1314] A required privilege is not held by the client: '../../../usr/share/ca-certificates/mozilla/Telekom_Security_TLS_ECC_Root_2020.crt' -> 'C:\\Users\\Acer\\AppData\\Local\\Temp\\scanner_fs_temx7975\\rootfs\\etc\\ssl\\certs\\Telekom_Security_TLS_ECC_Root_2020.pem'
2026-08-23T18:22:34+0530 WARNING container_scanner Skipping symlink etc/ssl/certs/Telekom_Security_TLS_RSA_Root_2023.pem -> /usr/share/ca-certificates/mozilla/Telekom_Security_TLS_RSA_Root_2023.crt: [WinError 1314] A required privilege is not held by the client: '../../../usr/share/ca-certificates/mozilla/Telekom_Security_TLS_RSA_Root_2023.crt' -> 'C:\\Users\\Acer\\AppData\\Local\\Temp\\scanner_fs_temx7975\\rootfs\\etc\\ssl\\certs\\Telekom_Security_TLS_RSA_Root_2023.pem'
2026-08-23T18:22:34+0530 WARNING container_scanner Skipping symlink etc/ssl/certs/TeliaSonera_Root_CA_v1.pem -> /usr/share/ca-certificates/mozilla/TeliaSonera_Root_CA_v1.crt: [WinError 1314] A required privilege is not held by the client: '../../../usr/share/ca-certificates/mozilla/TeliaSonera_Root_CA_v1.crt' -> 'C:\\Users\\Acer\\AppData\\Local\\Temp\\scanner_fs_temx7975\\rootfs\\etc\\ssl\\certs\\TeliaSonera_Root_CA_v1.pem'
2026-08-23T18:22:34+0530 WARNING container_scanner Skipping symlink etc/ssl/certs/Telia_Root_CA_v2.pem -> /usr/share/ca-certificates/mozilla/Telia_Root_CA_v2.crt: [WinError 1314] A required privilege is not held by the client: '../../../usr/share/ca-certificates/mozilla/Telia_Root_CA_v2.crt' -> 'C:\\Users\\Acer\\AppData\\Local\\Temp\\scanner_fs_temx7975\\rootfs\\etc\\ssl\\certs\\Telia_Root_CA_v2.pem'
2026-08-23T18:22:34+0530 WARNING container_scanner Skipping symlink etc/ssl/certs/TrustAsia_Global_Root_CA_G3.pem -> /usr/share/ca-certificates/mozilla/TrustAsia_Global_Root_CA_G3.crt: [WinError 1314] A required privilege is not held by the client: '../../../usr/share/ca-certificates/mozilla/TrustAsia_Global_Root_CA_G3.crt' -> 'C:\\Users\\Acer\\AppData\\Local\\Temp\\scanner_fs_temx7975\\rootfs\\etc\\ssl\\certs\\TrustAsia_Global_Root_CA_G3.pem'
2026-08-23T18:22:34+0530 WARNING container_scanner Skipping symlink etc/ssl/certs/TrustAsia_Global_Root_CA_G4.pem -> /usr/share/ca-certificates/mozilla/TrustAsia_Global_Root_CA_G4.crt: [WinError 1314] A required privilege is not held by the client: '../../../usr/share/ca-certificates/mozilla/TrustAsia_Global_Root_CA_G4.crt' -> 'C:\\Users\\Acer\\AppData\\Local\\Temp\\scanner_fs_temx7975\\rootfs\\etc\\ssl\\certs\\TrustAsia_Global_Root_CA_G4.pem'
2026-08-23T18:22:34+0530 WARNING container_scanner Skipping symlink etc/ssl/certs/Trustwave_Global_Certification_Authority.pem -> /usr/share/ca-certificates/mozilla/Trustwave_Global_Certification_Authority.crt: [WinError 1314] A required privilege is not held by the client: '../../../usr/share/ca-certificates/mozilla/Trustwave_Global_Certification_Authority.crt' -> 'C:\\Users\\Acer\\AppData\\Local\\Temp\\scanner_fs_temx7975\\rootfs\\etc\\ssl\\certs\\Trustwave_Global_Certification_Authority.pem'
2026-08-23T18:22:34+0530 WARNING container_scanner Skipping symlink etc/ssl/certs/Trustwave_Global_ECC_P256_Certification_Authority.pem -> /usr/share/ca-certificates/mozilla/Trustwave_Global_ECC_P256_Certification_Authority.crt: [WinError 1314] A required privilege is not held by the client: '../../../usr/share/ca-certificates/mozilla/Trustwave_Global_ECC_P256_Certification_Authority.crt' -> 'C:\\Users\\Acer\\AppData\\Local\\Temp\\scanner_fs_temx7975\\rootfs\\etc\\ssl\\certs\\Trustwave_Global_ECC_P256_Certification_Authority.pem'
2026-08-23T18:22:34+0530 WARNING container_scanner Skipping symlink etc/ssl/certs/Trustwave_Global_ECC_P384_Certification_Authority.pem -> /usr/share/ca-certificates/mozilla/Trustwave_Global_ECC_P384_Certification_Authority.crt: [WinError 1314] A required privilege is not held by the client: '../../../usr/share/ca-certificates/mozilla/Trustwave_Global_ECC_P384_Certification_Authority.crt' -> 'C:\\Users\\Acer\\AppData\\Local\\Temp\\scanner_fs_temx7975\\rootfs\\etc\\ssl\\certs\\Trustwave_Global_ECC_P384_Certification_Authority.pem'
2026-08-23T18:22:34+0530 WARNING container_scanner Skipping symlink etc/ssl/certs/TunTrust_Root_CA.pem -> /usr/share/ca-certificates/mozilla/TunTrust_Root_CA.crt: [WinError 1314] A required privilege is not held by the client: '../../../usr/share/ca-certificates/mozilla/TunTrust_Root_CA.crt' -> 'C:\\Users\\Acer\\AppData\\Local\\Temp\\scanner_fs_temx7975\\rootfs\\etc\\ssl\\certs\\TunTrust_Root_CA.pem'
2026-08-23T18:22:34+0530 WARNING container_scanner Skipping symlink etc/ssl/certs/UCA_Extended_Validation_Root.pem -> /usr/share/ca-certificates/mozilla/UCA_Extended_Validation_Root.crt: [WinError 1314] A required privilege is not held by the client: '../../../usr/share/ca-certificates/mozilla/UCA_Extended_Validation_Root.crt' -> 'C:\\Users\\Acer\\AppData\\Local\\Temp\\scanner_fs_temx7975\\rootfs\\etc\\ssl\\certs\\UCA_Extended_Validation_Root.pem'
2026-08-23T18:22:34+0530 WARNING container_scanner Skipping symlink etc/ssl/certs/UCA_Global_G2_Root.pem -> /usr/share/ca-certificates/mozilla/UCA_Global_G2_Root.crt: [WinError 1314] A required privilege is not held by the client: '../../../usr/share/ca-certificates/mozilla/UCA_Global_G2_Root.crt' -> 'C:\\Users\\Acer\\AppData\\Local\\Temp\\scanner_fs_temx7975\\rootfs\\etc\\ssl\\certs\\UCA_Global_G2_Root.pem'
2026-08-23T18:22:34+0530 WARNING container_scanner Skipping symlink etc/ssl/certs/USERTrust_ECC_Certification_Authority.pem -> /usr/share/ca-certificates/mozilla/USERTrust_ECC_Certification_Authority.crt: [WinError 1314] A required privilege is not held by the client: '../../../usr/share/ca-certificates/mozilla/USERTrust_ECC_Certification_Authority.crt' -> 'C:\\Users\\Acer\\AppData\\Local\\Temp\\scanner_fs_temx7975\\rootfs\\etc\\ssl\\certs\\USERTrust_ECC_Certification_Authority.pem'
2026-08-23T18:22:34+0530 WARNING container_scanner Skipping symlink etc/ssl/certs/USERTrust_RSA_Certification_Authority.pem -> /usr/share/ca-certificates/mozilla/USERTrust_RSA_Certification_Authority.crt: [WinError 1314] A required privilege is not held by the client: '../../../usr/share/ca-certificates/mozilla/USERTrust_RSA_Certification_Authority.crt' -> 'C:\\Users\\Acer\\AppData\\Local\\Temp\\scanner_fs_temx7975\\rootfs\\etc\\ssl\\certs\\USERTrust_RSA_Certification_Authority.pem'
2026-08-23T18:22:34+0530 WARNING container_scanner Skipping symlink etc/ssl/certs/XRamp_Global_CA_Root.pem -> /usr/share/ca-certificates/mozilla/XRamp_Global_CA_Root.crt: [WinError 1314] A required privilege is not held by the client: '../../../usr/share/ca-certificates/mozilla/XRamp_Global_CA_Root.crt' -> 'C:\\Users\\Acer\\AppData\\Local\\Temp\\scanner_fs_temx7975\\rootfs\\etc\\ssl\\certs\\XRamp_Global_CA_Root.pem'
2026-08-23T18:22:34+0530 WARNING container_scanner Skipping symlink etc/ssl/certs/a09a51ae.0 -> D-TRUST_EV_Root_CA_2_2023.pem: [WinError 1314] A required privilege is not held by the client: 'D-TRUST_EV_Root_CA_2_2023.pem' -> 'C:\\Users\\Acer\\AppData\\Local\\Temp\\scanner_fs_temx7975\\rootfs\\etc\\ssl\\certs\\a09a51ae.0'
2026-08-23T18:22:34+0530 WARNING container_scanner Skipping symlink etc/ssl/certs/a3418fda.0 -> GTS_Root_R4.pem: [WinError 1314] A required privilege is not held by the client: 'GTS_Root_R4.pem' -> 'C:\\Users\\Acer\\AppData\\Local\\Temp\\scanner_fs_temx7975\\rootfs\\etc\\ssl\\certs\\a3418fda.0'
2026-08-23T18:22:34+0530 WARNING container_scanner Skipping symlink etc/ssl/certs/a89d74c2.0 -> SSL.com_TLS_RSA_Root_CA_2022.pem: [WinError 1314] A required privilege is not held by the client: 'SSL.com_TLS_RSA_Root_CA_2022.pem' -> 'C:\\Users\\Acer\\AppData\\Local\\Temp\\scanner_fs_temx7975\\rootfs\\etc\\ssl\\certs\\a89d74c2.0'
2026-08-23T18:22:34+0530 WARNING container_scanner Skipping symlink etc/ssl/certs/a94d09e5.0 -> ACCVRAIZ1.pem: [WinError 1314] A required privilege is not held by the client: 'ACCVRAIZ1.pem' -> 'C:\\Users\\Acer\\AppData\\Local\\Temp\\scanner_fs_temx7975\\rootfs\\etc\\ssl\\certs\\a94d09e5.0'
2026-08-23T18:22:34+0530 WARNING container_scanner Skipping symlink etc/ssl/certs/aee5f10d.0 -> Entrust.net_Premium_2048_Secure_Server_CA.pem: [WinError 1314] A required privilege is not held by the client: 'Entrust.net_Premium_2048_Secure_Server_CA.pem' -> 'C:\\Users\\Acer\\AppData\\Local\\Temp\\scanner_fs_temx7975\\rootfs\\etc\\ssl\\certs\\aee5f10d.0'
2026-08-23T18:22:34+0530 WARNING container_scanner Skipping symlink etc/ssl/certs/b0e59380.0 -> GlobalSign_ECC_Root_CA_-_R4.pem: [WinError 1314] A required privilege is not held by the client: 'GlobalSign_ECC_Root_CA_-_R4.pem' -> 'C:\\Users\\Acer\\AppData\\Local\\Temp\\scanner_fs_temx7975\\rootfs\\etc\\ssl\\certs\\b0e59380.0'
2026-08-23T18:22:35+0530 WARNING container_scanner Skipping symlink etc/ssl/certs/b1159c4c.0 -> DigiCert_Assured_ID_Root_CA.pem: [WinError 1314] A required privilege is not held by the client: 'DigiCert_Assured_ID_Root_CA.pem' -> 'C:\\Users\\Acer\\AppData\\Local\\Temp\\scanner_fs_temx7975\\rootfs\\etc\\ssl\\certs\\b1159c4c.0'
2026-08-23T18:22:35+0530 WARNING container_scanner Skipping symlink etc/ssl/certs/b433981b.0 -> ANF_Secure_Server_Root_CA.pem: [WinError 1314] A required privilege is not held by the client: 'ANF_Secure_Server_Root_CA.pem' -> 'C:\\Users\\Acer\\AppData\\Local\\Temp\\scanner_fs_temx7975\\rootfs\\etc\\ssl\\certs\\b433981b.0'
2026-08-23T18:22:35+0530 WARNING container_scanner Skipping symlink etc/ssl/certs/b66938e9.0 -> Secure_Global_CA.pem: [WinError 1314] A required privilege is not held by the client: 'Secure_Global_CA.pem' -> 'C:\\Users\\Acer\\AppData\\Local\\Temp\\scanner_fs_temx7975\\rootfs\\etc\\ssl\\certs\\b66938e9.0'
2026-08-23T18:22:35+0530 WARNING container_scanner Skipping symlink etc/ssl/certs/b727005e.0 -> AffirmTrust_Premium.pem: [WinError 1314] A required privilege is not held by the client: 'AffirmTrust_Premium.pem' -> 'C:\\Users\\Acer\\AppData\\Local\\Temp\\scanner_fs_temx7975\\rootfs\\etc\\ssl\\certs\\b727005e.0'
2026-08-23T18:22:35+0530 WARNING container_scanner Skipping symlink etc/ssl/certs/b7a5b843.0 -> TWCA_Root_Certification_Authority.pem: [WinError 1314] A required privilege is not held by the client: 'TWCA_Root_Certification_Authority.pem' -> 'C:\\Users\\Acer\\AppData\\Local\\Temp\\scanner_fs_temx7975\\rootfs\\etc\\ssl\\certs\\b7a5b843.0'
2026-08-23T18:22:35+0530 WARNING container_scanner Skipping symlink etc/ssl/certs/b81b93f0.0 -> AC_RAIZ_FNMT-RCM_SERVIDORES_SEGUROS.pem: [WinError 1314] A required privilege is not held by the client: 'AC_RAIZ_FNMT-RCM_SERVIDORES_SEGUROS.pem' -> 'C:\\Users\\Acer\\AppData\\Local\\Temp\\scanner_fs_temx7975\\rootfs\\etc\\ssl\\certs\\b81b93f0.0'
2026-08-23T18:22:35+0530 WARNING container_scanner Skipping symlink etc/ssl/certs/b8d25de6.0 -> TWCA_CYBER_Root_CA.pem: [WinError 1314] A required privilege is not held by the client: 'TWCA_CYBER_Root_CA.pem' -> 'C:\\Users\\Acer\\AppData\\Local\\Temp\\scanner_fs_temx7975\\rootfs\\etc\\ssl\\certs\\b8d25de6.0'
2026-08-23T18:22:35+0530 WARNING container_scanner Skipping symlink etc/ssl/certs/ba8887ce.0 -> FIRMAPROFESIONAL_CA_ROOT-A_WEB.pem: [WinError 1314] A required privilege is not held by the client: 'FIRMAPROFESIONAL_CA_ROOT-A_WEB.pem' -> 'C:\\Users\\Acer\\AppData\\Local\\Temp\\scanner_fs_temx7975\\rootfs\\etc\\ssl\\certs\\ba8887ce.0'
2026-08-23T18:22:35+0530 WARNING container_scanner Skipping symlink etc/ssl/certs/bf53fb88.0 -> Microsoft_RSA_Root_Certificate_Authority_2017.pem: [WinError 1314] A required privilege is not held by the client: 'Microsoft_RSA_Root_Certificate_Authority_2017.pem' -> 'C:\\Users\\Acer\\AppData\\Local\\Temp\\scanner_fs_temx7975\\rootfs\\etc\\ssl\\certs\\bf53fb88.0'
2026-08-23T18:22:35+0530 WARNING container_scanner Skipping symlink etc/ssl/certs/c01eb047.0 -> UCA_Global_G2_Root.pem: [WinError 1314] A required privilege is not held by the client: 'UCA_Global_G2_Root.pem' -> 'C:\\Users\\Acer\\AppData\\Local\\Temp\\scanner_fs_temx7975\\rootfs\\etc\\ssl\\certs\\c01eb047.0'
2026-08-23T18:22:35+0530 WARNING container_scanner Skipping symlink etc/ssl/certs/c28a8a30.0 -> D-TRUST_Root_Class_3_CA_2_2009.pem: [WinError 1314] A required privilege is not held by the client: 'D-TRUST_Root_Class_3_CA_2_2009.pem' -> 'C:\\Users\\Acer\\AppData\\Local\\Temp\\scanner_fs_temx7975\\rootfs\\etc\\ssl\\certs\\c28a8a30.0'
2026-08-23T18:22:35+0530 WARNING container_scanner Skipping symlink etc/ssl/certs/ca6e4ad9.0 -> ePKI_Root_Certification_Authority.pem: [WinError 1314] A required privilege is not held by the client: 'ePKI_Root_Certification_Authority.pem' -> 'C:\\Users\\Acer\\AppData\\Local\\Temp\\scanner_fs_temx7975\\rootfs\\etc\\ssl\\certs\\ca6e4ad9.0'
2026-08-23T18:22:35+0530 WARNING container_scanner Skipping symlink etc/ssl/certs/cbf06781.0 -> Go_Daddy_Root_Certificate_Authority_-_G2.pem: [WinError 1314] A required privilege is not held by the client: 'Go_Daddy_Root_Certificate_Authority_-_G2.pem' -> 'C:\\Users\\Acer\\AppData\\Local\\Temp\\scanner_fs_temx7975\\rootfs\\etc\\ssl\\certs\\cbf06781.0'
2026-08-23T18:22:35+0530 WARNING container_scanner Skipping symlink etc/ssl/certs/cc450945.0 -> Izenpe.com.pem: [WinError 1314] A required privilege is not held by the client: 'Izenpe.com.pem' -> 'C:\\Users\\Acer\\AppData\\Local\\Temp\\scanner_fs_temx7975\\rootfs\\etc\\ssl\\certs\\cc450945.0'
2026-08-23T18:22:35+0530 WARNING container_scanner Skipping symlink etc/ssl/certs/cd58d51e.0 -> Security_Communication_RootCA2.pem: [WinError 1314] A required privilege is not held by the client: 'Security_Communication_RootCA2.pem' -> 'C:\\Users\\Acer\\AppData\\Local\\Temp\\scanner_fs_temx7975\\rootfs\\etc\\ssl\\certs\\cd58d51e.0'
2026-08-23T18:22:35+0530 WARNING container_scanner Skipping symlink etc/ssl/certs/cd8c0d63.0 -> AC_RAIZ_FNMT-RCM.pem: [WinError 1314] A required privilege is not held by the client: 'AC_RAIZ_FNMT-RCM.pem' -> 'C:\\Users\\Acer\\AppData\\Local\\Temp\\scanner_fs_temx7975\\rootfs\\etc\\ssl\\certs\\cd8c0d63.0'
2026-08-23T18:22:35+0530 WARNING container_scanner Skipping symlink etc/ssl/certs/ce5e74ef.0 -> Amazon_Root_CA_1.pem: [WinError 1314] A required privilege is not held by the client: 'Amazon_Root_CA_1.pem' -> 'C:\\Users\\Acer\\AppData\\Local\\Temp\\scanner_fs_temx7975\\rootfs\\etc\\ssl\\certs\\ce5e74ef.0'
2026-08-23T18:22:35+0530 WARNING container_scanner Skipping symlink etc/ssl/certs/certSIGN_ROOT_CA.pem -> /usr/share/ca-certificates/mozilla/certSIGN_ROOT_CA.crt: [WinError 1314] A required privilege is not held by the client: '../../../usr/share/ca-certificates/mozilla/certSIGN_ROOT_CA.crt' -> 'C:\\Users\\Acer\\AppData\\Local\\Temp\\scanner_fs_temx7975\\rootfs\\etc\\ssl\\certs\\certSIGN_ROOT_CA.pem'
2026-08-23T18:22:35+0530 WARNING container_scanner Skipping symlink etc/ssl/certs/certSIGN_Root_CA_G2.pem -> /usr/share/ca-certificates/mozilla/certSIGN_Root_CA_G2.crt: [WinError 1314] A required privilege is not held by the client: '../../../usr/share/ca-certificates/mozilla/certSIGN_Root_CA_G2.crt' -> 'C:\\Users\\Acer\\AppData\\Local\\Temp\\scanner_fs_temx7975\\rootfs\\etc\\ssl\\certs\\certSIGN_Root_CA_G2.pem'
2026-08-23T18:22:35+0530 WARNING container_scanner Skipping symlink etc/ssl/certs/d4dae3dd.0 -> D-TRUST_Root_Class_3_CA_2_EV_2009.pem: [WinError 1314] A required privilege is not held by the client: 'D-TRUST_Root_Class_3_CA_2_EV_2009.pem' -> 'C:\\Users\\Acer\\AppData\\Local\\Temp\\scanner_fs_temx7975\\rootfs\\etc\\ssl\\certs\\d4dae3dd.0'
2026-08-23T18:22:35+0530 WARNING container_scanner Skipping symlink etc/ssl/certs/d52c538d.0 -> DigiCert_TLS_RSA4096_Root_G5.pem: [WinError 1314] A required privilege is not held by the client: 'DigiCert_TLS_RSA4096_Root_G5.pem' -> 'C:\\Users\\Acer\\AppData\\Local\\Temp\\scanner_fs_temx7975\\rootfs\\etc\\ssl\\certs\\d52c538d.0'
2026-08-23T18:22:35+0530 WARNING container_scanner Skipping symlink etc/ssl/certs/d6325660.0 -> COMODO_RSA_Certification_Authority.pem: [WinError 1314] A required privilege is not held by the client: 'COMODO_RSA_Certification_Authority.pem' -> 'C:\\Users\\Acer\\AppData\\Local\\Temp\\scanner_fs_temx7975\\rootfs\\etc\\ssl\\certs\\d6325660.0'
2026-08-23T18:22:35+0530 WARNING container_scanner Skipping symlink etc/ssl/certs/d7e8dc79.0 -> QuoVadis_Root_CA_2.pem: [WinError 1314] A required privilege is not held by the client: 'QuoVadis_Root_CA_2.pem' -> 'C:\\Users\\Acer\\AppData\\Local\\Temp\\scanner_fs_temx7975\\rootfs\\etc\\ssl\\certs\\d7e8dc79.0'
2026-08-23T18:22:35+0530 WARNING container_scanner Skipping symlink etc/ssl/certs/d887a5bb.0 -> Trustwave_Global_ECC_P384_Certification_Authority.pem: [WinError 1314] A required privilege is not held by the client: 'Trustwave_Global_ECC_P384_Certification_Authority.pem' -> 'C:\\Users\\Acer\\AppData\\Local\\Temp\\scanner_fs_temx7975\\rootfs\\etc\\ssl\\certs\\d887a5bb.0'
2026-08-23T18:22:35+0530 WARNING container_scanner Skipping symlink etc/ssl/certs/da0cfd1d.0 -> Sectigo_Public_Server_Authentication_Root_E46.pem: [WinError 1314] A required privilege is not held by the client: 'Sectigo_Public_Server_Authentication_Root_E46.pem' -> 'C:\\Users\\Acer\\AppData\\Local\\Temp\\scanner_fs_temx7975\\rootfs\\etc\\ssl\\certs\\da0cfd1d.0'
2026-08-23T18:22:35+0530 WARNING container_scanner Skipping symlink etc/ssl/certs/dc4d6a89.0 -> GlobalSign_Root_CA_-_R6.pem: [WinError 1314] A required privilege is not held by the client: 'GlobalSign_Root_CA_-_R6.pem' -> 'C:\\Users\\Acer\\AppData\\Local\\Temp\\scanner_fs_temx7975\\rootfs\\etc\\ssl\\certs\\dc4d6a89.0'
2026-08-23T18:22:35+0530 WARNING container_scanner Skipping symlink etc/ssl/certs/dd8e9d41.0 -> DigiCert_Global_Root_G3.pem: [WinError 1314] A required privilege is not held by the client: 'DigiCert_Global_Root_G3.pem' -> 'C:\\Users\\Acer\\AppData\\Local\\Temp\\scanner_fs_temx7975\\rootfs\\etc\\ssl\\certs\\dd8e9d41.0'
2026-08-23T18:22:35+0530 WARNING container_scanner Skipping symlink etc/ssl/certs/ddcda989.0 -> Telekom_Security_TLS_ECC_Root_2020.pem: [WinError 1314] A required privilege is not held by the client: 'Telekom_Security_TLS_ECC_Root_2020.pem' -> 'C:\\Users\\Acer\\AppData\\Local\\Temp\\scanner_fs_temx7975\\rootfs\\etc\\ssl\\certs\\ddcda989.0'
2026-08-23T18:22:35+0530 WARNING container_scanner Skipping symlink etc/ssl/certs/de6d66f3.0 -> Amazon_Root_CA_4.pem: [WinError 1314] A required privilege is not held by the client: 'Amazon_Root_CA_4.pem' -> 'C:\\Users\\Acer\\AppData\\Local\\Temp\\scanner_fs_temx7975\\rootfs\\etc\\ssl\\certs\\de6d66f3.0'
2026-08-23T18:22:35+0530 WARNING container_scanner Skipping symlink etc/ssl/certs/e-Szigno_Root_CA_2017.pem -> /usr/share/ca-certificates/mozilla/e-Szigno_Root_CA_2017.crt: [WinError 1314] A required privilege is not held by the client: '../../../usr/share/ca-certificates/mozilla/e-Szigno_Root_CA_2017.crt' -> 'C:\\Users\\Acer\\AppData\\Local\\Temp\\scanner_fs_temx7975\\rootfs\\etc\\ssl\\certs\\e-Szigno_Root_CA_2017.pem'
2026-08-23T18:22:35+0530 WARNING container_scanner Skipping symlink etc/ssl/certs/e113c810.0 -> Certigna.pem: [WinError 1314] A required privilege is not held by the client: 'Certigna.pem' -> 'C:\\Users\\Acer\\AppData\\Local\\Temp\\scanner_fs_temx7975\\rootfs\\etc\\ssl\\certs\\e113c810.0'
2026-08-23T18:22:35+0530 WARNING container_scanner Skipping symlink etc/ssl/certs/e18bfb83.0 -> QuoVadis_Root_CA_3_G3.pem: [WinError 1314] A required privilege is not held by the client: 'QuoVadis_Root_CA_3_G3.pem' -> 'C:\\Users\\Acer\\AppData\\Local\\Temp\\scanner_fs_temx7975\\rootfs\\etc\\ssl\\certs\\e18bfb83.0'
2026-08-23T18:22:35+0530 WARNING container_scanner Skipping symlink etc/ssl/certs/e35234b1.0 -> Certum_Trusted_Root_CA.pem: [WinError 1314] A required privilege is not held by the client: 'Certum_Trusted_Root_CA.pem' -> 'C:\\Users\\Acer\\AppData\\Local\\Temp\\scanner_fs_temx7975\\rootfs\\etc\\ssl\\certs\\e35234b1.0'
2026-08-23T18:22:35+0530 WARNING container_scanner Skipping symlink etc/ssl/certs/e36a6752.0 -> Atos_TrustedRoot_2011.pem: [WinError 1314] A required privilege is not held by the client: 'Atos_TrustedRoot_2011.pem' -> 'C:\\Users\\Acer\\AppData\\Local\\Temp\\scanner_fs_temx7975\\rootfs\\etc\\ssl\\certs\\e36a6752.0'
2026-08-23T18:22:35+0530 WARNING container_scanner Skipping symlink etc/ssl/certs/e73d606e.0 -> OISTE_WISeKey_Global_Root_GB_CA.pem: [WinError 1314] A required privilege is not held by the client: 'OISTE_WISeKey_Global_Root_GB_CA.pem' -> 'C:\\Users\\Acer\\AppData\\Local\\Temp\\scanner_fs_temx7975\\rootfs\\etc\\ssl\\certs\\e73d606e.0'
2026-08-23T18:22:35+0530 WARNING container_scanner Skipping symlink etc/ssl/certs/e868b802.0 -> e-Szigno_Root_CA_2017.pem: [WinError 1314] A required privilege is not held by the client: 'e-Szigno_Root_CA_2017.pem' -> 'C:\\Users\\Acer\\AppData\\Local\\Temp\\scanner_fs_temx7975\\rootfs\\etc\\ssl\\certs\\e868b802.0'
2026-08-23T18:22:35+0530 WARNING container_scanner Skipping symlink etc/ssl/certs/e8de2f56.0 -> Buypass_Class_3_Root_CA.pem: [WinError 1314] A required privilege is not held by the client: 'Buypass_Class_3_Root_CA.pem' -> 'C:\\Users\\Acer\\AppData\\Local\\Temp\\scanner_fs_temx7975\\rootfs\\etc\\ssl\\certs\\e8de2f56.0'
2026-08-23T18:22:35+0530 WARNING container_scanner Skipping symlink etc/ssl/certs/ePKI_Root_Certification_Authority.pem -> /usr/share/ca-certificates/mozilla/ePKI_Root_Certification_Authority.crt: [WinError 1314] A required privilege is not held by the client: '../../../usr/share/ca-certificates/mozilla/ePKI_Root_Certification_Authority.crt' -> 'C:\\Users\\Acer\\AppData\\Local\\Temp\\scanner_fs_temx7975\\rootfs\\etc\\ssl\\certs\\ePKI_Root_Certification_Authority.pem'
2026-08-23T18:22:35+0530 WARNING container_scanner Skipping symlink etc/ssl/certs/ecccd8db.0 -> HARICA_TLS_ECC_Root_CA_2021.pem: [WinError 1314] A required privilege is not held by the client: 'HARICA_TLS_ECC_Root_CA_2021.pem' -> 'C:\\Users\\Acer\\AppData\\Local\\Temp\\scanner_fs_temx7975\\rootfs\\etc\\ssl\\certs\\ecccd8db.0'
2026-08-23T18:22:35+0530 WARNING container_scanner Skipping symlink etc/ssl/certs/ed858448.0 -> vTrus_ECC_Root_CA.pem: [WinError 1314] A required privilege is not held by the client: 'vTrus_ECC_Root_CA.pem' -> 'C:\\Users\\Acer\\AppData\\Local\\Temp\\scanner_fs_temx7975\\rootfs\\etc\\ssl\\certs\\ed858448.0'
2026-08-23T18:22:35+0530 WARNING container_scanner Skipping symlink etc/ssl/certs/ee64a828.0 -> Comodo_AAA_Services_root.pem: [WinError 1314] A required privilege is not held by the client: 'Comodo_AAA_Services_root.pem' -> 'C:\\Users\\Acer\\AppData\\Local\\Temp\\scanner_fs_temx7975\\rootfs\\etc\\ssl\\certs\\ee64a828.0'
2026-08-23T18:22:35+0530 WARNING container_scanner Skipping symlink etc/ssl/certs/eed8c118.0 -> COMODO_ECC_Certification_Authority.pem: [WinError 1314] A required privilege is not held by the client: 'COMODO_ECC_Certification_Authority.pem' -> 'C:\\Users\\Acer\\AppData\\Local\\Temp\\scanner_fs_temx7975\\rootfs\\etc\\ssl\\certs\\eed8c118.0'
2026-08-23T18:22:35+0530 WARNING container_scanner Skipping symlink etc/ssl/certs/ef954a4e.0 -> IdenTrust_Commercial_Root_CA_1.pem: [WinError 1314] A required privilege is not held by the client: 'IdenTrust_Commercial_Root_CA_1.pem' -> 'C:\\Users\\Acer\\AppData\\Local\\Temp\\scanner_fs_temx7975\\rootfs\\etc\\ssl\\certs\\ef954a4e.0'
2026-08-23T18:22:35+0530 WARNING container_scanner Skipping symlink etc/ssl/certs/emSign_ECC_Root_CA_-_C3.pem -> /usr/share/ca-certificates/mozilla/emSign_ECC_Root_CA_-_C3.crt: [WinError 1314] A required privilege is not held by the client: '../../../usr/share/ca-certificates/mozilla/emSign_ECC_Root_CA_-_C3.crt' -> 'C:\\Users\\Acer\\AppData\\Local\\Temp\\scanner_fs_temx7975\\rootfs\\etc\\ssl\\certs\\emSign_ECC_Root_CA_-_C3.pem'
2026-08-23T18:22:35+0530 WARNING container_scanner Skipping symlink etc/ssl/certs/emSign_ECC_Root_CA_-_G3.pem -> /usr/share/ca-certificates/mozilla/emSign_ECC_Root_CA_-_G3.crt: [WinError 1314] A required privilege is not held by the client: '../../../usr/share/ca-certificates/mozilla/emSign_ECC_Root_CA_-_G3.crt' -> 'C:\\Users\\Acer\\AppData\\Local\\Temp\\scanner_fs_temx7975\\rootfs\\etc\\ssl\\certs\\emSign_ECC_Root_CA_-_G3.pem'
2026-08-23T18:22:35+0530 WARNING container_scanner Skipping symlink etc/ssl/certs/emSign_Root_CA_-_C1.pem -> /usr/share/ca-certificates/mozilla/emSign_Root_CA_-_C1.crt: [WinError 1314] A required privilege is not held by the client: '../../../usr/share/ca-certificates/mozilla/emSign_Root_CA_-_C1.crt' -> 'C:\\Users\\Acer\\AppData\\Local\\Temp\\scanner_fs_temx7975\\rootfs\\etc\\ssl\\certs\\emSign_Root_CA_-_C1.pem'
2026-08-23T18:22:35+0530 WARNING container_scanner Skipping symlink etc/ssl/certs/emSign_Root_CA_-_G1.pem -> /usr/share/ca-certificates/mozilla/emSign_Root_CA_-_G1.crt: [WinError 1314] A required privilege is not held by the client: '../../../usr/share/ca-certificates/mozilla/emSign_Root_CA_-_G1.crt' -> 'C:\\Users\\Acer\\AppData\\Local\\Temp\\scanner_fs_temx7975\\rootfs\\etc\\ssl\\certs\\emSign_Root_CA_-_G1.pem'
2026-08-23T18:22:35+0530 WARNING container_scanner Skipping symlink etc/ssl/certs/f081611a.0 -> Go_Daddy_Class_2_CA.pem: [WinError 1314] A required privilege is not held by the client: 'Go_Daddy_Class_2_CA.pem' -> 'C:\\Users\\Acer\\AppData\\Local\\Temp\\scanner_fs_temx7975\\rootfs\\etc\\ssl\\certs\\f081611a.0'
2026-08-23T18:22:35+0530 WARNING container_scanner Skipping symlink etc/ssl/certs/f0c70a8d.0 -> SSL.com_EV_Root_Certification_Authority_ECC.pem: [WinError 1314] A required privilege is not held by the client: 'SSL.com_EV_Root_Certification_Authority_ECC.pem' -> 'C:\\Users\\Acer\\AppData\\Local\\Temp\\scanner_fs_temx7975\\rootfs\\etc\\ssl\\certs\\f0c70a8d.0'
2026-08-23T18:22:35+0530 WARNING container_scanner Skipping symlink etc/ssl/certs/f249de83.0 -> Trustwave_Global_Certification_Authority.pem: [WinError 1314] A required privilege is not held by the client: 'Trustwave_Global_Certification_Authority.pem' -> 'C:\\Users\\Acer\\AppData\\Local\\Temp\\scanner_fs_temx7975\\rootfs\\etc\\ssl\\certs\\f249de83.0'
2026-08-23T18:22:35+0530 WARNING container_scanner Skipping symlink etc/ssl/certs/f30dd6ad.0 -> USERTrust_ECC_Certification_Authority.pem: [WinError 1314] A required privilege is not held by the client: 'USERTrust_ECC_Certification_Authority.pem' -> 'C:\\Users\\Acer\\AppData\\Local\\Temp\\scanner_fs_temx7975\\rootfs\\etc\\ssl\\certs\\f30dd6ad.0'
2026-08-23T18:22:35+0530 WARNING container_scanner Skipping symlink etc/ssl/certs/f387163d.0 -> Starfield_Class_2_CA.pem: [WinError 1314] A required privilege is not held by the client: 'Starfield_Class_2_CA.pem' -> 'C:\\Users\\Acer\\AppData\\Local\\Temp\\scanner_fs_temx7975\\rootfs\\etc\\ssl\\certs\\f387163d.0'
2026-08-23T18:22:35+0530 WARNING container_scanner Skipping symlink etc/ssl/certs/f39fc864.0 -> SecureTrust_CA.pem: [WinError 1314] A required privilege is not held by the client: 'SecureTrust_CA.pem' -> 'C:\\Users\\Acer\\AppData\\Local\\Temp\\scanner_fs_temx7975\\rootfs\\etc\\ssl\\certs\\f39fc864.0'
2026-08-23T18:22:35+0530 WARNING container_scanner Skipping symlink etc/ssl/certs/f51bb24c.0 -> Certigna_Root_CA.pem: [WinError 1314] A required privilege is not held by the client: 'Certigna_Root_CA.pem' -> 'C:\\Users\\Acer\\AppData\\Local\\Temp\\scanner_fs_temx7975\\rootfs\\etc\\ssl\\certs\\f51bb24c.0'
2026-08-23T18:22:35+0530 WARNING container_scanner Skipping symlink etc/ssl/certs/fa5da96b.0 -> GLOBALTRUST_2020.pem: [WinError 1314] A required privilege is not held by the client: 'GLOBALTRUST_2020.pem' -> 'C:\\Users\\Acer\\AppData\\Local\\Temp\\scanner_fs_temx7975\\rootfs\\etc\\ssl\\certs\\fa5da96b.0'
2026-08-23T18:22:35+0530 WARNING container_scanner Skipping symlink etc/ssl/certs/fb717492.0 -> Atos_TrustedRoot_Root_CA_ECC_TLS_2021.pem: [WinError 1314] A required privilege is not held by the client: 'Atos_TrustedRoot_Root_CA_ECC_TLS_2021.pem' -> 'C:\\Users\\Acer\\AppData\\Local\\Temp\\scanner_fs_temx7975\\rootfs\\etc\\ssl\\certs\\fb717492.0'
2026-08-23T18:22:35+0530 WARNING container_scanner Skipping symlink etc/ssl/certs/fc5a8f99.0 -> USERTrust_RSA_Certification_Authority.pem: [WinError 1314] A required privilege is not held by the client: 'USERTrust_RSA_Certification_Authority.pem' -> 'C:\\Users\\Acer\\AppData\\Local\\Temp\\scanner_fs_temx7975\\rootfs\\etc\\ssl\\certs\\fc5a8f99.0'
2026-08-23T18:22:35+0530 WARNING container_scanner Skipping symlink etc/ssl/certs/fd64f3fc.0 -> TunTrust_Root_CA.pem: [WinError 1314] A required privilege is not held by the client: 'TunTrust_Root_CA.pem' -> 'C:\\Users\\Acer\\AppData\\Local\\Temp\\scanner_fs_temx7975\\rootfs\\etc\\ssl\\certs\\fd64f3fc.0'
2026-08-23T18:22:35+0530 WARNING container_scanner Skipping symlink etc/ssl/certs/fe8a2cd8.0 -> SZAFIR_ROOT_CA2.pem: [WinError 1314] A required privilege is not held by the client: 'SZAFIR_ROOT_CA2.pem' -> 'C:\\Users\\Acer\\AppData\\Local\\Temp\\scanner_fs_temx7975\\rootfs\\etc\\ssl\\certs\\fe8a2cd8.0'
2026-08-23T18:22:35+0530 WARNING container_scanner Skipping symlink etc/ssl/certs/feffd413.0 -> GlobalSign_Root_E46.pem: [WinError 1314] A required privilege is not held by the client: 'GlobalSign_Root_E46.pem' -> 'C:\\Users\\Acer\\AppData\\Local\\Temp\\scanner_fs_temx7975\\rootfs\\etc\\ssl\\certs\\feffd413.0'
2026-08-23T18:22:35+0530 WARNING container_scanner Skipping symlink etc/ssl/certs/ff34af3f.0 -> TUBITAK_Kamu_SM_SSL_Kok_Sertifikasi_-_Surum_1.pem: [WinError 1314] A required privilege is not held by the client: 'TUBITAK_Kamu_SM_SSL_Kok_Sertifikasi_-_Surum_1.pem' -> 'C:\\Users\\Acer\\AppData\\Local\\Temp\\scanner_fs_temx7975\\rootfs\\etc\\ssl\\certs\\ff34af3f.0'
2026-08-23T18:22:35+0530 WARNING container_scanner Skipping symlink etc/ssl/certs/ffdd40f9.0 -> D-TRUST_BR_Root_CA_2_2023.pem: [WinError 1314] A required privilege is not held by the client: 'D-TRUST_BR_Root_CA_2_2023.pem' -> 'C:\\Users\\Acer\\AppData\\Local\\Temp\\scanner_fs_temx7975\\rootfs\\etc\\ssl\\certs\\ffdd40f9.0'
2026-08-23T18:22:35+0530 WARNING container_scanner Skipping symlink etc/ssl/certs/vTrus_ECC_Root_CA.pem -> /usr/share/ca-certificates/mozilla/vTrus_ECC_Root_CA.crt: [WinError 1314] A required privilege is not held by the client: '../../../usr/share/ca-certificates/mozilla/vTrus_ECC_Root_CA.crt' -> 'C:\\Users\\Acer\\AppData\\Local\\Temp\\scanner_fs_temx7975\\rootfs\\etc\\ssl\\certs\\vTrus_ECC_Root_CA.pem'
2026-08-23T18:22:35+0530 WARNING container_scanner Skipping symlink etc/ssl/certs/vTrus_Root_CA.pem -> /usr/share/ca-certificates/mozilla/vTrus_Root_CA.crt: [WinError 1314] A required privilege is not held by the client: '../../../usr/share/ca-certificates/mozilla/vTrus_Root_CA.crt' -> 'C:\\Users\\Acer\\AppData\\Local\\Temp\\scanner_fs_temx7975\\rootfs\\etc\\ssl\\certs\\vTrus_Root_CA.pem'
2026-08-23T18:22:35+0530 WARNING container_scanner Skipping symlink etc/systemd/system/multi-user.target.wants/nginx.service -> /lib/systemd/system/nginx.service: [WinError 1314] A required privilege is not held by the client: '../../../../lib/systemd/system/nginx.service' -> 'C:\\Users\\Acer\\AppData\\Local\\Temp\\scanner_fs_temx7975\\rootfs\\etc\\systemd\\system\\multi-user.target.wants\\nginx.service'
2026-08-23T18:22:35+0530 WARNING container_scanner Skipping symlink usr/lib/ssl/cert.pem -> /etc/ssl/certs/ca-certificates.crt: [WinError 1314] A required privilege is not held by the client: '../../../etc/ssl/certs/ca-certificates.crt' -> 'C:\\Users\\Acer\\AppData\\Local\\Temp\\scanner_fs_temx7975\\rootfs\\usr\\lib\\ssl\\cert.pem'
2026-08-23T18:22:35+0530 WARNING container_scanner Skipping symlink usr/lib/ssl/certs -> /etc/ssl/certs: [WinError 1314] A required privilege is not held by the client: '../../../etc/ssl/certs' -> 'C:\\Users\\Acer\\AppData\\Local\\Temp\\scanner_fs_temx7975\\rootfs\\usr\\lib\\ssl\\certs'
2026-08-23T18:22:35+0530 WARNING container_scanner Skipping symlink usr/lib/ssl/misc/tsget -> tsget.pl: [WinError 1314] A required privilege is not held by the client: 'tsget.pl' -> 'C:\\Users\\Acer\\AppData\\Local\\Temp\\scanner_fs_temx7975\\rootfs\\usr\\lib\\ssl\\misc\\tsget'
2026-08-23T18:22:35+0530 WARNING container_scanner Skipping symlink usr/lib/ssl/openssl.cnf -> /etc/ssl/openssl.cnf: [WinError 1314] A required privilege is not held by the client: '../../../etc/ssl/openssl.cnf' -> 'C:\\Users\\Acer\\AppData\\Local\\Temp\\scanner_fs_temx7975\\rootfs\\usr\\lib\\ssl\\openssl.cnf'
2026-08-23T18:22:35+0530 WARNING container_scanner Skipping symlink usr/lib/ssl/private -> /etc/ssl/private: [WinError 1314] A required privilege is not held by the client: '../../../etc/ssl/private' -> 'C:\\Users\\Acer\\AppData\\Local\\Temp\\scanner_fs_temx7975\\rootfs\\usr\\lib\\ssl\\private'
2026-08-23T18:22:35+0530 WARNING container_scanner Skipping symlink usr/lib/x86_64-linux-gnu/libGeoIP.so.1 -> libGeoIP.so.1.6.12: [WinError 1314] A required privilege is not held by the client: 'libGeoIP.so.1.6.12' -> 'C:\\Users\\Acer\\AppData\\Local\\Temp\\scanner_fs_temx7975\\rootfs\\usr\\lib\\x86_64-linux-gnu\\libGeoIP.so.1'
2026-08-23T18:22:35+0530 WARNING container_scanner Skipping symlink usr/lib/x86_64-linux-gnu/libSvtAv1Enc.so.2 -> libSvtAv1Enc.so.2.3.0: [WinError 1314] A required privilege is not held by the client: 'libSvtAv1Enc.so.2.3.0' -> 'C:\\Users\\Acer\\AppData\\Local\\Temp\\scanner_fs_temx7975\\rootfs\\usr\\lib\\x86_64-linux-gnu\\libSvtAv1Enc.so.2'
2026-08-23T18:22:35+0530 WARNING container_scanner Skipping symlink usr/lib/x86_64-linux-gnu/libX11.so.6 -> libX11.so.6.4.0: [WinError 1314] A required privilege is not held by the client: 'libX11.so.6.4.0' -> 'C:\\Users\\Acer\\AppData\\Local\\Temp\\scanner_fs_temx7975\\rootfs\\usr\\lib\\x86_64-linux-gnu\\libX11.so.6'
2026-08-23T18:22:35+0530 WARNING container_scanner Skipping symlink usr/lib/x86_64-linux-gnu/libXau.so.6 -> libXau.so.6.0.0: [WinError 1314] A required privilege is not held by the client: 'libXau.so.6.0.0' -> 'C:\\Users\\Acer\\AppData\\Local\\Temp\\scanner_fs_temx7975\\rootfs\\usr\\lib\\x86_64-linux-gnu\\libXau.so.6'
2026-08-23T18:22:35+0530 WARNING container_scanner Skipping symlink usr/lib/x86_64-linux-gnu/libXdmcp.so.6 -> libXdmcp.so.6.0.0: [WinError 1314] A required privilege is not held by the client: 'libXdmcp.so.6.0.0' -> 'C:\\Users\\Acer\\AppData\\Local\\Temp\\scanner_fs_temx7975\\rootfs\\usr\\lib\\x86_64-linux-gnu\\libXdmcp.so.6'
2026-08-23T18:22:35+0530 WARNING container_scanner Skipping symlink usr/lib/x86_64-linux-gnu/libXpm.so.4 -> libXpm.so.4.11.0: [WinError 1314] A required privilege is not held by the client: 'libXpm.so.4.11.0' -> 'C:\\Users\\Acer\\AppData\\Local\\Temp\\scanner_fs_temx7975\\rootfs\\usr\\lib\\x86_64-linux-gnu\\libXpm.so.4'
2026-08-23T18:22:35+0530 WARNING container_scanner Skipping symlink usr/lib/x86_64-linux-gnu/libabsl_bad_any_cast_impl.so.20240722 -> libabsl_bad_any_cast_impl.so.20240722.0.0: [WinError 1314] A required privilege is not held by the client: 'libabsl_bad_any_cast_impl.so.20240722.0.0' -> 'C:\\Users\\Acer\\AppData\\Local\\Temp\\scanner_fs_temx7975\\rootfs\\usr\\lib\\x86_64-linux-gnu\\libabsl_bad_any_cast_impl.so.20240722'
2026-08-23T18:22:35+0530 WARNING container_scanner Skipping symlink usr/lib/x86_64-linux-gnu/libabsl_bad_optional_access.so.20240722 -> libabsl_bad_optional_access.so.20240722.0.0: [WinError 1314] A required privilege is not held by the client: 'libabsl_bad_optional_access.so.20240722.0.0' -> 'C:\\Users\\Acer\\AppData\\Local\\Temp\\scanner_fs_temx7975\\rootfs\\usr\\lib\\x86_64-linux-gnu\\libabsl_bad_optional_access.so.20240722'
2026-08-23T18:22:35+0530 WARNING container_scanner Skipping symlink usr/lib/x86_64-linux-gnu/libabsl_bad_variant_access.so.20240722 -> libabsl_bad_variant_access.so.20240722.0.0: [WinError 1314] A required privilege is not held by the client: 'libabsl_bad_variant_access.so.20240722.0.0' -> 'C:\\Users\\Acer\\AppData\\Local\\Temp\\scanner_fs_temx7975\\rootfs\\usr\\lib\\x86_64-linux-gnu\\libabsl_bad_variant_access.so.20240722'
2026-08-23T18:22:35+0530 WARNING container_scanner Skipping symlink usr/lib/x86_64-linux-gnu/libabsl_base.so.20240722 -> libabsl_base.so.20240722.0.0: [WinError 1314] A required privilege is not held by the client: 'libabsl_base.so.20240722.0.0' -> 'C:\\Users\\Acer\\AppData\\Local\\Temp\\scanner_fs_temx7975\\rootfs\\usr\\lib\\x86_64-linux-gnu\\libabsl_base.so.20240722'
2026-08-23T18:22:35+0530 WARNING container_scanner Skipping symlink usr/lib/x86_64-linux-gnu/libabsl_city.so.20240722 -> libabsl_city.so.20240722.0.0: [WinError 1314] A required privilege is not held by the client: 'libabsl_city.so.20240722.0.0' -> 'C:\\Users\\Acer\\AppData\\Local\\Temp\\scanner_fs_temx7975\\rootfs\\usr\\lib\\x86_64-linux-gnu\\libabsl_city.so.20240722'
2026-08-23T18:22:35+0530 WARNING container_scanner Skipping symlink usr/lib/x86_64-linux-gnu/libabsl_civil_time.so.20240722 -> libabsl_civil_time.so.20240722.0.0: [WinError 1314] A required privilege is not held by the client: 'libabsl_civil_time.so.20240722.0.0' -> 'C:\\Users\\Acer\\AppData\\Local\\Temp\\scanner_fs_temx7975\\rootfs\\usr\\lib\\x86_64-linux-gnu\\libabsl_civil_time.so.20240722'
2026-08-23T18:22:35+0530 WARNING container_scanner Skipping symlink usr/lib/x86_64-linux-gnu/libabsl_cord.so.20240722 -> libabsl_cord.so.20240722.0.0: [WinError 1314] A required privilege is not held by the client: 'libabsl_cord.so.20240722.0.0' -> 'C:\\Users\\Acer\\AppData\\Local\\Temp\\scanner_fs_temx7975\\rootfs\\usr\\lib\\x86_64-linux-gnu\\libabsl_cord.so.20240722'
2026-08-23T18:22:35+0530 WARNING container_scanner Skipping symlink usr/lib/x86_64-linux-gnu/libabsl_cord_internal.so.20240722 -> libabsl_cord_internal.so.20240722.0.0: [WinError 1314] A required privilege is not held by the client: 'libabsl_cord_internal.so.20240722.0.0' -> 'C:\\Users\\Acer\\AppData\\Local\\Temp\\scanner_fs_temx7975\\rootfs\\usr\\lib\\x86_64-linux-gnu\\libabsl_cord_internal.so.20240722'
2026-08-23T18:22:35+0530 WARNING container_scanner Skipping symlink usr/lib/x86_64-linux-gnu/libabsl_cordz_functions.so.20240722 -> libabsl_cordz_functions.so.20240722.0.0: [WinError 1314] A required privilege is not held by the client: 'libabsl_cordz_functions.so.20240722.0.0' -> 'C:\\Users\\Acer\\AppData\\Local\\Temp\\scanner_fs_temx7975\\rootfs\\usr\\lib\\x86_64-linux-gnu\\libabsl_cordz_functions.so.20240722'
2026-08-23T18:22:35+0530 WARNING container_scanner Skipping symlink usr/lib/x86_64-linux-gnu/libabsl_cordz_handle.so.20240722 -> libabsl_cordz_handle.so.20240722.0.0: [WinError 1314] A required privilege is not held by the client: 'libabsl_cordz_handle.so.20240722.0.0' -> 'C:\\Users\\Acer\\AppData\\Local\\Temp\\scanner_fs_temx7975\\rootfs\\usr\\lib\\x86_64-linux-gnu\\libabsl_cordz_handle.so.20240722'
2026-08-23T18:22:35+0530 WARNING container_scanner Skipping symlink usr/lib/x86_64-linux-gnu/libabsl_cordz_info.so.20240722 -> libabsl_cordz_info.so.20240722.0.0: [WinError 1314] A required privilege is not held by the client: 'libabsl_cordz_info.so.20240722.0.0' -> 'C:\\Users\\Acer\\AppData\\Local\\Temp\\scanner_fs_temx7975\\rootfs\\usr\\lib\\x86_64-linux-gnu\\libabsl_cordz_info.so.20240722'
2026-08-23T18:22:35+0530 WARNING container_scanner Skipping symlink usr/lib/x86_64-linux-gnu/libabsl_cordz_sample_token.so.20240722 -> libabsl_cordz_sample_token.so.20240722.0.0: [WinError 1314] A required privilege is not held by the client: 'libabsl_cordz_sample_token.so.20240722.0.0' -> 'C:\\Users\\Acer\\AppData\\Local\\Temp\\scanner_fs_temx7975\\rootfs\\usr\\lib\\x86_64-linux-gnu\\libabsl_cordz_sample_token.so.20240722'
2026-08-23T18:22:35+0530 WARNING container_scanner Skipping symlink usr/lib/x86_64-linux-gnu/libabsl_crc32c.so.20240722 -> libabsl_crc32c.so.20240722.0.0: [WinError 1314] A required privilege is not held by the client: 'libabsl_crc32c.so.20240722.0.0' -> 'C:\\Users\\Acer\\AppData\\Local\\Temp\\scanner_fs_temx7975\\rootfs\\usr\\lib\\x86_64-linux-gnu\\libabsl_crc32c.so.20240722'
2026-08-23T18:22:35+0530 WARNING container_scanner Skipping symlink usr/lib/x86_64-linux-gnu/libabsl_crc_cord_state.so.20240722 -> libabsl_crc_cord_state.so.20240722.0.0: [WinError 1314] A required privilege is not held by the client: 'libabsl_crc_cord_state.so.20240722.0.0' -> 'C:\\Users\\Acer\\AppData\\Local\\Temp\\scanner_fs_temx7975\\rootfs\\usr\\lib\\x86_64-linux-gnu\\libabsl_crc_cord_state.so.20240722'
2026-08-23T18:22:36+0530 WARNING container_scanner Skipping symlink usr/lib/x86_64-linux-gnu/libabsl_crc_cpu_detect.so.20240722 -> libabsl_crc_cpu_detect.so.20240722.0.0: [WinError 1314] A required privilege is not held by the client: 'libabsl_crc_cpu_detect.so.20240722.0.0' -> 'C:\\Users\\Acer\\AppData\\Local\\Temp\\scanner_fs_temx7975\\rootfs\\usr\\lib\\x86_64-linux-gnu\\libabsl_crc_cpu_detect.so.20240722'
2026-08-23T18:22:36+0530 WARNING container_scanner Skipping symlink usr/lib/x86_64-linux-gnu/libabsl_crc_internal.so.20240722 -> libabsl_crc_internal.so.20240722.0.0: [WinError 1314] A required privilege is not held by the client: 'libabsl_crc_internal.so.20240722.0.0' -> 'C:\\Users\\Acer\\AppData\\Local\\Temp\\scanner_fs_temx7975\\rootfs\\usr\\lib\\x86_64-linux-gnu\\libabsl_crc_internal.so.20240722'
2026-08-23T18:22:36+0530 WARNING container_scanner Skipping symlink usr/lib/x86_64-linux-gnu/libabsl_debugging_internal.so.20240722 -> libabsl_debugging_internal.so.20240722.0.0: [WinError 1314] A required privilege is not held by the client: 'libabsl_debugging_internal.so.20240722.0.0' -> 'C:\\Users\\Acer\\AppData\\Local\\Temp\\scanner_fs_temx7975\\rootfs\\usr\\lib\\x86_64-linux-gnu\\libabsl_debugging_internal.so.20240722'
2026-08-23T18:22:36+0530 WARNING container_scanner Skipping symlink usr/lib/x86_64-linux-gnu/libabsl_decode_rust_punycode.so.20240722 -> libabsl_decode_rust_punycode.so.20240722.0.0: [WinError 1314] A required privilege is not held by the client: 'libabsl_decode_rust_punycode.so.20240722.0.0' -> 'C:\\Users\\Acer\\AppData\\Local\\Temp\\scanner_fs_temx7975\\rootfs\\usr\\lib\\x86_64-linux-gnu\\libabsl_decode_rust_punycode.so.20240722'
2026-08-23T18:22:36+0530 WARNING container_scanner Skipping symlink usr/lib/x86_64-linux-gnu/libabsl_demangle_internal.so.20240722 -> libabsl_demangle_internal.so.20240722.0.0: [WinError 1314] A required privilege is not held by the client: 'libabsl_demangle_internal.so.20240722.0.0' -> 'C:\\Users\\Acer\\AppData\\Local\\Temp\\scanner_fs_temx7975\\rootfs\\usr\\lib\\x86_64-linux-gnu\\libabsl_demangle_internal.so.20240722'
2026-08-23T18:22:36+0530 WARNING container_scanner Skipping symlink usr/lib/x86_64-linux-gnu/libabsl_demangle_rust.so.20240722 -> libabsl_demangle_rust.so.20240722.0.0: [WinError 1314] A required privilege is not held by the client: 'libabsl_demangle_rust.so.20240722.0.0' -> 'C:\\Users\\Acer\\AppData\\Local\\Temp\\scanner_fs_temx7975\\rootfs\\usr\\lib\\x86_64-linux-gnu\\libabsl_demangle_rust.so.20240722'
2026-08-23T18:22:36+0530 WARNING container_scanner Skipping symlink usr/lib/x86_64-linux-gnu/libabsl_die_if_null.so.20240722 -> libabsl_die_if_null.so.20240722.0.0: [WinError 1314] A required privilege is not held by the client: 'libabsl_die_if_null.so.20240722.0.0' -> 'C:\\Users\\Acer\\AppData\\Local\\Temp\\scanner_fs_temx7975\\rootfs\\usr\\lib\\x86_64-linux-gnu\\libabsl_die_if_null.so.20240722'
2026-08-23T18:22:36+0530 WARNING container_scanner Skipping symlink usr/lib/x86_64-linux-gnu/libabsl_examine_stack.so.20240722 -> libabsl_examine_stack.so.20240722.0.0: [WinError 1314] A required privilege is not held by the client: 'libabsl_examine_stack.so.20240722.0.0' -> 'C:\\Users\\Acer\\AppData\\Local\\Temp\\scanner_fs_temx7975\\rootfs\\usr\\lib\\x86_64-linux-gnu\\libabsl_examine_stack.so.20240722'
2026-08-23T18:22:36+0530 WARNING container_scanner Skipping symlink usr/lib/x86_64-linux-gnu/libabsl_exponential_biased.so.20240722 -> libabsl_exponential_biased.so.20240722.0.0: [WinError 1314] A required privilege is not held by the client: 'libabsl_exponential_biased.so.20240722.0.0' -> 'C:\\Users\\Acer\\AppData\\Local\\Temp\\scanner_fs_temx7975\\rootfs\\usr\\lib\\x86_64-linux-gnu\\libabsl_exponential_biased.so.20240722'
2026-08-23T18:22:36+0530 WARNING container_scanner Skipping symlink usr/lib/x86_64-linux-gnu/libabsl_failure_signal_handler.so.20240722 -> libabsl_failure_signal_handler.so.20240722.0.0: [WinError 1314] A required privilege is not held by the client: 'libabsl_failure_signal_handler.so.20240722.0.0' -> 'C:\\Users\\Acer\\AppData\\Local\\Temp\\scanner_fs_temx7975\\rootfs\\usr\\lib\\x86_64-linux-gnu\\libabsl_failure_signal_handler.so.20240722'
2026-08-23T18:22:36+0530 WARNING container_scanner Skipping symlink usr/lib/x86_64-linux-gnu/libabsl_flags_commandlineflag.so.20240722 -> libabsl_flags_commandlineflag.so.20240722.0.0: [WinError 1314] A required privilege is not held by the client: 'libabsl_flags_commandlineflag.so.20240722.0.0' -> 'C:\\Users\\Acer\\AppData\\Local\\Temp\\scanner_fs_temx7975\\rootfs\\usr\\lib\\x86_64-linux-gnu\\libabsl_flags_commandlineflag.so.20240722'
2026-08-23T18:22:36+0530 WARNING container_scanner Skipping symlink usr/lib/x86_64-linux-gnu/libabsl_flags_commandlineflag_internal.so.20240722 -> libabsl_flags_commandlineflag_internal.so.20240722.0.0: [WinError 1314] A required privilege is not held by the client: 'libabsl_flags_commandlineflag_internal.so.20240722.0.0' -> 'C:\\Users\\Acer\\AppData\\Local\\Temp\\scanner_fs_temx7975\\rootfs\\usr\\lib\\x86_64-linux-gnu\\libabsl_flags_commandlineflag_internal.so.20240722'
2026-08-23T18:22:36+0530 WARNING container_scanner Skipping symlink usr/lib/x86_64-linux-gnu/libabsl_flags_config.so.20240722 -> libabsl_flags_config.so.20240722.0.0: [WinError 1314] A required privilege is not held by the client: 'libabsl_flags_config.so.20240722.0.0' -> 'C:\\Users\\Acer\\AppData\\Local\\Temp\\scanner_fs_temx7975\\rootfs\\usr\\lib\\x86_64-linux-gnu\\libabsl_flags_config.so.20240722'
2026-08-23T18:22:36+0530 WARNING container_scanner Skipping symlink usr/lib/x86_64-linux-gnu/libabsl_flags_internal.so.20240722 -> libabsl_flags_internal.so.20240722.0.0: [WinError 1314] A required privilege is not held by the client: 'libabsl_flags_internal.so.20240722.0.0' -> 'C:\\Users\\Acer\\AppData\\Local\\Temp\\scanner_fs_temx7975\\rootfs\\usr\\lib\\x86_64-linux-gnu\\libabsl_flags_internal.so.20240722'
2026-08-23T18:22:36+0530 WARNING container_scanner Skipping symlink usr/lib/x86_64-linux-gnu/libabsl_flags_marshalling.so.20240722 -> libabsl_flags_marshalling.so.20240722.0.0: [WinError 1314] A required privilege is not held by the client: 'libabsl_flags_marshalling.so.20240722.0.0' -> 'C:\\Users\\Acer\\AppData\\Local\\Temp\\scanner_fs_temx7975\\rootfs\\usr\\lib\\x86_64-linux-gnu\\libabsl_flags_marshalling.so.20240722'
2026-08-23T18:22:36+0530 WARNING container_scanner Skipping symlink usr/lib/x86_64-linux-gnu/libabsl_flags_parse.so.20240722 -> libabsl_flags_parse.so.20240722.0.0: [WinError 1314] A required privilege is not held by the client: 'libabsl_flags_parse.so.20240722.0.0' -> 'C:\\Users\\Acer\\AppData\\Local\\Temp\\scanner_fs_temx7975\\rootfs\\usr\\lib\\x86_64-linux-gnu\\libabsl_flags_parse.so.20240722'
2026-08-23T18:22:36+0530 WARNING container_scanner Skipping symlink usr/lib/x86_64-linux-gnu/libabsl_flags_private_handle_accessor.so.20240722 -> libabsl_flags_private_handle_accessor.so.20240722.0.0: [WinError 1314] A required privilege is not held by the client: 'libabsl_flags_private_handle_accessor.so.20240722.0.0' -> 'C:\\Users\\Acer\\AppData\\Local\\Temp\\scanner_fs_temx7975\\rootfs\\usr\\lib\\x86_64-linux-gnu\\libabsl_flags_private_handle_accessor.so.20240722'
2026-08-23T18:22:36+0530 WARNING container_scanner Skipping symlink usr/lib/x86_64-linux-gnu/libabsl_flags_program_name.so.20240722 -> libabsl_flags_program_name.so.20240722.0.0: [WinError 1314] A required privilege is not held by the client: 'libabsl_flags_program_name.so.20240722.0.0' -> 'C:\\Users\\Acer\\AppData\\Local\\Temp\\scanner_fs_temx7975\\rootfs\\usr\\lib\\x86_64-linux-gnu\\libabsl_flags_program_name.so.20240722'
2026-08-23T18:22:36+0530 WARNING container_scanner Skipping symlink usr/lib/x86_64-linux-gnu/libabsl_flags_reflection.so.20240722 -> libabsl_flags_reflection.so.20240722.0.0: [WinError 1314] A required privilege is not held by the client: 'libabsl_flags_reflection.so.20240722.0.0' -> 'C:\\Users\\Acer\\AppData\\Local\\Temp\\scanner_fs_temx7975\\rootfs\\usr\\lib\\x86_64-linux-gnu\\libabsl_flags_reflection.so.20240722'
2026-08-23T18:22:36+0530 WARNING container_scanner Skipping symlink usr/lib/x86_64-linux-gnu/libabsl_flags_usage.so.20240722 -> libabsl_flags_usage.so.20240722.0.0: [WinError 1314] A required privilege is not held by the client: 'libabsl_flags_usage.so.20240722.0.0' -> 'C:\\Users\\Acer\\AppData\\Local\\Temp\\scanner_fs_temx7975\\rootfs\\usr\\lib\\x86_64-linux-gnu\\libabsl_flags_usage.so.20240722'
2026-08-23T18:22:36+0530 WARNING container_scanner Skipping symlink usr/lib/x86_64-linux-gnu/libabsl_flags_usage_internal.so.20240722 -> libabsl_flags_usage_internal.so.20240722.0.0: [WinError 1314] A required privilege is not held by the client: 'libabsl_flags_usage_internal.so.20240722.0.0' -> 'C:\\Users\\Acer\\AppData\\Local\\Temp\\scanner_fs_temx7975\\rootfs\\usr\\lib\\x86_64-linux-gnu\\libabsl_flags_usage_internal.so.20240722'
2026-08-23T18:22:36+0530 WARNING container_scanner Skipping symlink usr/lib/x86_64-linux-gnu/libabsl_graphcycles_internal.so.20240722 -> libabsl_graphcycles_internal.so.20240722.0.0: [WinError 1314] A required privilege is not held by the client: 'libabsl_graphcycles_internal.so.20240722.0.0' -> 'C:\\Users\\Acer\\AppData\\Local\\Temp\\scanner_fs_temx7975\\rootfs\\usr\\lib\\x86_64-linux-gnu\\libabsl_graphcycles_internal.so.20240722'
2026-08-23T18:22:36+0530 WARNING container_scanner Skipping symlink usr/lib/x86_64-linux-gnu/libabsl_hash.so.20240722 -> libabsl_hash.so.20240722.0.0: [WinError 1314] A required privilege is not held by the client: 'libabsl_hash.so.20240722.0.0' -> 'C:\\Users\\Acer\\AppData\\Local\\Temp\\scanner_fs_temx7975\\rootfs\\usr\\lib\\x86_64-linux-gnu\\libabsl_hash.so.20240722'
2026-08-23T18:22:36+0530 WARNING container_scanner Skipping symlink usr/lib/x86_64-linux-gnu/libabsl_hashtablez_sampler.so.20240722 -> libabsl_hashtablez_sampler.so.20240722.0.0: [WinError 1314] A required privilege is not held by the client: 'libabsl_hashtablez_sampler.so.20240722.0.0' -> 'C:\\Users\\Acer\\AppData\\Local\\Temp\\scanner_fs_temx7975\\rootfs\\usr\\lib\\x86_64-linux-gnu\\libabsl_hashtablez_sampler.so.20240722'
2026-08-23T18:22:36+0530 WARNING container_scanner Skipping symlink usr/lib/x86_64-linux-gnu/libabsl_int128.so.20240722 -> libabsl_int128.so.20240722.0.0: [WinError 1314] A required privilege is not held by the client: 'libabsl_int128.so.20240722.0.0' -> 'C:\\Users\\Acer\\AppData\\Local\\Temp\\scanner_fs_temx7975\\rootfs\\usr\\lib\\x86_64-linux-gnu\\libabsl_int128.so.20240722'
2026-08-23T18:22:36+0530 WARNING container_scanner Skipping symlink usr/lib/x86_64-linux-gnu/libabsl_kernel_timeout_internal.so.20240722 -> libabsl_kernel_timeout_internal.so.20240722.0.0: [WinError 1314] A required privilege is not held by the client: 'libabsl_kernel_timeout_internal.so.20240722.0.0' -> 'C:\\Users\\Acer\\AppData\\Local\\Temp\\scanner_fs_temx7975\\rootfs\\usr\\lib\\x86_64-linux-gnu\\libabsl_kernel_timeout_internal.so.20240722'
2026-08-23T18:22:36+0530 WARNING container_scanner Skipping symlink usr/lib/x86_64-linux-gnu/libabsl_leak_check.so.20240722 -> libabsl_leak_check.so.20240722.0.0: [WinError 1314] A required privilege is not held by the client: 'libabsl_leak_check.so.20240722.0.0' -> 'C:\\Users\\Acer\\AppData\\Local\\Temp\\scanner_fs_temx7975\\rootfs\\usr\\lib\\x86_64-linux-gnu\\libabsl_leak_check.so.20240722'
2026-08-23T18:22:36+0530 WARNING container_scanner Skipping symlink usr/lib/x86_64-linux-gnu/libabsl_log_entry.so.20240722 -> libabsl_log_entry.so.20240722.0.0: [WinError 1314] A required privilege is not held by the client: 'libabsl_log_entry.so.20240722.0.0' -> 'C:\\Users\\Acer\\AppData\\Local\\Temp\\scanner_fs_temx7975\\rootfs\\usr\\lib\\x86_64-linux-gnu\\libabsl_log_entry.so.20240722'
2026-08-23T18:22:36+0530 WARNING container_scanner Skipping symlink usr/lib/x86_64-linux-gnu/libabsl_log_flags.so.20240722 -> libabsl_log_flags.so.20240722.0.0: [WinError 1314] A required privilege is not held by the client: 'libabsl_log_flags.so.20240722.0.0' -> 'C:\\Users\\Acer\\AppData\\Local\\Temp\\scanner_fs_temx7975\\rootfs\\usr\\lib\\x86_64-linux-gnu\\libabsl_log_flags.so.20240722'
2026-08-23T18:22:36+0530 WARNING container_scanner Skipping symlink usr/lib/x86_64-linux-gnu/libabsl_log_globals.so.20240722 -> libabsl_log_globals.so.20240722.0.0: [WinError 1314] A required privilege is not held by the client: 'libabsl_log_globals.so.20240722.0.0' -> 'C:\\Users\\Acer\\AppData\\Local\\Temp\\scanner_fs_temx7975\\rootfs\\usr\\lib\\x86_64-linux-gnu\\libabsl_log_globals.so.20240722'
2026-08-23T18:22:36+0530 WARNING container_scanner Skipping symlink usr/lib/x86_64-linux-gnu/libabsl_log_initialize.so.20240722 -> libabsl_log_initialize.so.20240722.0.0: [WinError 1314] A required privilege is not held by the client: 'libabsl_log_initialize.so.20240722.0.0' -> 'C:\\Users\\Acer\\AppData\\Local\\Temp\\scanner_fs_temx7975\\rootfs\\usr\\lib\\x86_64-linux-gnu\\libabsl_log_initialize.so.20240722'
2026-08-23T18:22:36+0530 WARNING container_scanner Skipping symlink usr/lib/x86_64-linux-gnu/libabsl_log_internal_check_op.so.20240722 -> libabsl_log_internal_check_op.so.20240722.0.0: [WinError 1314] A required privilege is not held by the client: 'libabsl_log_internal_check_op.so.20240722.0.0' -> 'C:\\Users\\Acer\\AppData\\Local\\Temp\\scanner_fs_temx7975\\rootfs\\usr\\lib\\x86_64-linux-gnu\\libabsl_log_internal_check_op.so.20240722'
2026-08-23T18:22:36+0530 WARNING container_scanner Skipping symlink usr/lib/x86_64-linux-gnu/libabsl_log_internal_conditions.so.20240722 -> libabsl_log_internal_conditions.so.20240722.0.0: [WinError 1314] A required privilege is not held by the client: 'libabsl_log_internal_conditions.so.20240722.0.0' -> 'C:\\Users\\Acer\\AppData\\Local\\Temp\\scanner_fs_temx7975\\rootfs\\usr\\lib\\x86_64-linux-gnu\\libabsl_log_internal_conditions.so.20240722'
2026-08-23T18:22:36+0530 WARNING container_scanner Skipping symlink usr/lib/x86_64-linux-gnu/libabsl_log_internal_fnmatch.so.20240722 -> libabsl_log_internal_fnmatch.so.20240722.0.0: [WinError 1314] A required privilege is not held by the client: 'libabsl_log_internal_fnmatch.so.20240722.0.0' -> 'C:\\Users\\Acer\\AppData\\Local\\Temp\\scanner_fs_temx7975\\rootfs\\usr\\lib\\x86_64-linux-gnu\\libabsl_log_internal_fnmatch.so.20240722'
2026-08-23T18:22:36+0530 WARNING container_scanner Skipping symlink usr/lib/x86_64-linux-gnu/libabsl_log_internal_format.so.20240722 -> libabsl_log_internal_format.so.20240722.0.0: [WinError 1314] A required privilege is not held by the client: 'libabsl_log_internal_format.so.20240722.0.0' -> 'C:\\Users\\Acer\\AppData\\Local\\Temp\\scanner_fs_temx7975\\rootfs\\usr\\lib\\x86_64-linux-gnu\\libabsl_log_internal_format.so.20240722'
2026-08-23T18:22:36+0530 WARNING container_scanner Skipping symlink usr/lib/x86_64-linux-gnu/libabsl_log_internal_globals.so.20240722 -> libabsl_log_internal_globals.so.20240722.0.0: [WinError 1314] A required privilege is not held by the client: 'libabsl_log_internal_globals.so.20240722.0.0' -> 'C:\\Users\\Acer\\AppData\\Local\\Temp\\scanner_fs_temx7975\\rootfs\\usr\\lib\\x86_64-linux-gnu\\libabsl_log_internal_globals.so.20240722'
2026-08-23T18:22:36+0530 WARNING container_scanner Skipping symlink usr/lib/x86_64-linux-gnu/libabsl_log_internal_log_sink_set.so.20240722 -> libabsl_log_internal_log_sink_set.so.20240722.0.0: [WinError 1314] A required privilege is not held by the client: 'libabsl_log_internal_log_sink_set.so.20240722.0.0' -> 'C:\\Users\\Acer\\AppData\\Local\\Temp\\scanner_fs_temx7975\\rootfs\\usr\\lib\\x86_64-linux-gnu\\libabsl_log_internal_log_sink_set.so.20240722'
2026-08-23T18:22:36+0530 WARNING container_scanner Skipping symlink usr/lib/x86_64-linux-gnu/libabsl_log_internal_message.so.20240722 -> libabsl_log_internal_message.so.20240722.0.0: [WinError 1314] A required privilege is not held by the client: 'libabsl_log_internal_message.so.20240722.0.0' -> 'C:\\Users\\Acer\\AppData\\Local\\Temp\\scanner_fs_temx7975\\rootfs\\usr\\lib\\x86_64-linux-gnu\\libabsl_log_internal_message.so.20240722'
2026-08-23T18:22:36+0530 WARNING container_scanner Skipping symlink usr/lib/x86_64-linux-gnu/libabsl_log_internal_nullguard.so.20240722 -> libabsl_log_internal_nullguard.so.20240722.0.0: [WinError 1314] A required privilege is not held by the client: 'libabsl_log_internal_nullguard.so.20240722.0.0' -> 'C:\\Users\\Acer\\AppData\\Local\\Temp\\scanner_fs_temx7975\\rootfs\\usr\\lib\\x86_64-linux-gnu\\libabsl_log_internal_nullguard.so.20240722'
2026-08-23T18:22:36+0530 WARNING container_scanner Skipping symlink usr/lib/x86_64-linux-gnu/libabsl_log_internal_proto.so.20240722 -> libabsl_log_internal_proto.so.20240722.0.0: [WinError 1314] A required privilege is not held by the client: 'libabsl_log_internal_proto.so.20240722.0.0' -> 'C:\\Users\\Acer\\AppData\\Local\\Temp\\scanner_fs_temx7975\\rootfs\\usr\\lib\\x86_64-linux-gnu\\libabsl_log_internal_proto.so.20240722'
2026-08-23T18:22:36+0530 WARNING container_scanner Skipping symlink usr/lib/x86_64-linux-gnu/libabsl_log_severity.so.20240722 -> libabsl_log_severity.so.20240722.0.0: [WinError 1314] A required privilege is not held by the client: 'libabsl_log_severity.so.20240722.0.0' -> 'C:\\Users\\Acer\\AppData\\Local\\Temp\\scanner_fs_temx7975\\rootfs\\usr\\lib\\x86_64-linux-gnu\\libabsl_log_severity.so.20240722'
2026-08-23T18:22:36+0530 WARNING container_scanner Skipping symlink usr/lib/x86_64-linux-gnu/libabsl_log_sink.so.20240722 -> libabsl_log_sink.so.20240722.0.0: [WinError 1314] A required privilege is not held by the client: 'libabsl_log_sink.so.20240722.0.0' -> 'C:\\Users\\Acer\\AppData\\Local\\Temp\\scanner_fs_temx7975\\rootfs\\usr\\lib\\x86_64-linux-gnu\\libabsl_log_sink.so.20240722'
2026-08-23T18:22:36+0530 WARNING container_scanner Skipping symlink usr/lib/x86_64-linux-gnu/libabsl_low_level_hash.so.20240722 -> libabsl_low_level_hash.so.20240722.0.0: [WinError 1314] A required privilege is not held by the client: 'libabsl_low_level_hash.so.20240722.0.0' -> 'C:\\Users\\Acer\\AppData\\Local\\Temp\\scanner_fs_temx7975\\rootfs\\usr\\lib\\x86_64-linux-gnu\\libabsl_low_level_hash.so.20240722'
2026-08-23T18:22:36+0530 WARNING container_scanner Skipping symlink usr/lib/x86_64-linux-gnu/libabsl_malloc_internal.so.20240722 -> libabsl_malloc_internal.so.20240722.0.0: [WinError 1314] A required privilege is not held by the client: 'libabsl_malloc_internal.so.20240722.0.0' -> 'C:\\Users\\Acer\\AppData\\Local\\Temp\\scanner_fs_temx7975\\rootfs\\usr\\lib\\x86_64-linux-gnu\\libabsl_malloc_internal.so.20240722'
2026-08-23T18:22:36+0530 WARNING container_scanner Skipping symlink usr/lib/x86_64-linux-gnu/libabsl_periodic_sampler.so.20240722 -> libabsl_periodic_sampler.so.20240722.0.0: [WinError 1314] A required privilege is not held by the client: 'libabsl_periodic_sampler.so.20240722.0.0' -> 'C:\\Users\\Acer\\AppData\\Local\\Temp\\scanner_fs_temx7975\\rootfs\\usr\\lib\\x86_64-linux-gnu\\libabsl_periodic_sampler.so.20240722'
2026-08-23T18:22:36+0530 WARNING container_scanner Skipping symlink usr/lib/x86_64-linux-gnu/libabsl_poison.so.20240722 -> libabsl_poison.so.20240722.0.0: [WinError 1314] A required privilege is not held by the client: 'libabsl_poison.so.20240722.0.0' -> 'C:\\Users\\Acer\\AppData\\Local\\Temp\\scanner_fs_temx7975\\rootfs\\usr\\lib\\x86_64-linux-gnu\\libabsl_poison.so.20240722'
2026-08-23T18:22:36+0530 WARNING container_scanner Skipping symlink usr/lib/x86_64-linux-gnu/libabsl_random_distributions.so.20240722 -> libabsl_random_distributions.so.20240722.0.0: [WinError 1314] A required privilege is not held by the client: 'libabsl_random_distributions.so.20240722.0.0' -> 'C:\\Users\\Acer\\AppData\\Local\\Temp\\scanner_fs_temx7975\\rootfs\\usr\\lib\\x86_64-linux-gnu\\libabsl_random_distributions.so.20240722'
2026-08-23T18:22:36+0530 WARNING container_scanner Skipping symlink usr/lib/x86_64-linux-gnu/libabsl_random_internal_distribution_test_util.so.20240722 -> libabsl_random_internal_distribution_test_util.so.20240722.0.0: [WinError 1314] A required privilege is not held by the client: 'libabsl_random_internal_distribution_test_util.so.20240722.0.0' -> 'C:\\Users\\Acer\\AppData\\Local\\Temp\\scanner_fs_temx7975\\rootfs\\usr\\lib\\x86_64-linux-gnu\\libabsl_random_internal_distribution_test_util.so.20240722'
2026-08-23T18:22:36+0530 WARNING container_scanner Skipping symlink usr/lib/x86_64-linux-gnu/libabsl_random_internal_platform.so.20240722 -> libabsl_random_internal_platform.so.20240722.0.0: [WinError 1314] A required privilege is not held by the client: 'libabsl_random_internal_platform.so.20240722.0.0' -> 'C:\\Users\\Acer\\AppData\\Local\\Temp\\scanner_fs_temx7975\\rootfs\\usr\\lib\\x86_64-linux-gnu\\libabsl_random_internal_platform.so.20240722'
2026-08-23T18:22:36+0530 WARNING container_scanner Skipping symlink usr/lib/x86_64-linux-gnu/libabsl_random_internal_pool_urbg.so.20240722 -> libabsl_random_internal_pool_urbg.so.20240722.0.0: [WinError 1314] A required privilege is not held by the client: 'libabsl_random_internal_pool_urbg.so.20240722.0.0' -> 'C:\\Users\\Acer\\AppData\\Local\\Temp\\scanner_fs_temx7975\\rootfs\\usr\\lib\\x86_64-linux-gnu\\libabsl_random_internal_pool_urbg.so.20240722'
2026-08-23T18:22:36+0530 WARNING container_scanner Skipping symlink usr/lib/x86_64-linux-gnu/libabsl_random_internal_randen.so.20240722 -> libabsl_random_internal_randen.so.20240722.0.0: [WinError 1314] A required privilege is not held by the client: 'libabsl_random_internal_randen.so.20240722.0.0' -> 'C:\\Users\\Acer\\AppData\\Local\\Temp\\scanner_fs_temx7975\\rootfs\\usr\\lib\\x86_64-linux-gnu\\libabsl_random_internal_randen.so.20240722'
2026-08-23T18:22:36+0530 WARNING container_scanner Skipping symlink usr/lib/x86_64-linux-gnu/libabsl_random_internal_randen_hwaes.so.20240722 -> libabsl_random_internal_randen_hwaes.so.20240722.0.0: [WinError 1314] A required privilege is not held by the client: 'libabsl_random_internal_randen_hwaes.so.20240722.0.0' -> 'C:\\Users\\Acer\\AppData\\Local\\Temp\\scanner_fs_temx7975\\rootfs\\usr\\lib\\x86_64-linux-gnu\\libabsl_random_internal_randen_hwaes.so.20240722'
2026-08-23T18:22:36+0530 WARNING container_scanner Skipping symlink usr/lib/x86_64-linux-gnu/libabsl_random_internal_randen_hwaes_impl.so.20240722 -> libabsl_random_internal_randen_hwaes_impl.so.20240722.0.0: [WinError 1314] A required privilege is not held by the client: 'libabsl_random_internal_randen_hwaes_impl.so.20240722.0.0' -> 'C:\\Users\\Acer\\AppData\\Local\\Temp\\scanner_fs_temx7975\\rootfs\\usr\\lib\\x86_64-linux-gnu\\libabsl_random_internal_randen_hwaes_impl.so.20240722'
2026-08-23T18:22:36+0530 WARNING container_scanner Skipping symlink usr/lib/x86_64-linux-gnu/libabsl_random_internal_randen_slow.so.20240722 -> libabsl_random_internal_randen_slow.so.20240722.0.0: [WinError 1314] A required privilege is not held by the client: 'libabsl_random_internal_randen_slow.so.20240722.0.0' -> 'C:\\Users\\Acer\\AppData\\Local\\Temp\\scanner_fs_temx7975\\rootfs\\usr\\lib\\x86_64-linux-gnu\\libabsl_random_internal_randen_slow.so.20240722'
2026-08-23T18:22:36+0530 WARNING container_scanner Skipping symlink usr/lib/x86_64-linux-gnu/libabsl_random_internal_seed_material.so.20240722 -> libabsl_random_internal_seed_material.so.20240722.0.0: [WinError 1314] A required privilege is not held by the client: 'libabsl_random_internal_seed_material.so.20240722.0.0' -> 'C:\\Users\\Acer\\AppData\\Local\\Temp\\scanner_fs_temx7975\\rootfs\\usr\\lib\\x86_64-linux-gnu\\libabsl_random_internal_seed_material.so.20240722'
2026-08-23T18:22:36+0530 WARNING container_scanner Skipping symlink usr/lib/x86_64-linux-gnu/libabsl_random_seed_gen_exception.so.20240722 -> libabsl_random_seed_gen_exception.so.20240722.0.0: [WinError 1314] A required privilege is not held by the client: 'libabsl_random_seed_gen_exception.so.20240722.0.0' -> 'C:\\Users\\Acer\\AppData\\Local\\Temp\\scanner_fs_temx7975\\rootfs\\usr\\lib\\x86_64-linux-gnu\\libabsl_random_seed_gen_exception.so.20240722'
2026-08-23T18:22:36+0530 WARNING container_scanner Skipping symlink usr/lib/x86_64-linux-gnu/libabsl_random_seed_sequences.so.20240722 -> libabsl_random_seed_sequences.so.20240722.0.0: [WinError 1314] A required privilege is not held by the client: 'libabsl_random_seed_sequences.so.20240722.0.0' -> 'C:\\Users\\Acer\\AppData\\Local\\Temp\\scanner_fs_temx7975\\rootfs\\usr\\lib\\x86_64-linux-gnu\\libabsl_random_seed_sequences.so.20240722'
2026-08-23T18:22:36+0530 WARNING container_scanner Skipping symlink usr/lib/x86_64-linux-gnu/libabsl_raw_hash_set.so.20240722 -> libabsl_raw_hash_set.so.20240722.0.0: [WinError 1314] A required privilege is not held by the client: 'libabsl_raw_hash_set.so.20240722.0.0' -> 'C:\\Users\\Acer\\AppData\\Local\\Temp\\scanner_fs_temx7975\\rootfs\\usr\\lib\\x86_64-linux-gnu\\libabsl_raw_hash_set.so.20240722'
2026-08-23T18:22:36+0530 WARNING container_scanner Skipping symlink usr/lib/x86_64-linux-gnu/libabsl_raw_logging_internal.so.20240722 -> libabsl_raw_logging_internal.so.20240722.0.0: [WinError 1314] A required privilege is not held by the client: 'libabsl_raw_logging_internal.so.20240722.0.0' -> 'C:\\Users\\Acer\\AppData\\Local\\Temp\\scanner_fs_temx7975\\rootfs\\usr\\lib\\x86_64-linux-gnu\\libabsl_raw_logging_internal.so.20240722'
2026-08-23T18:22:36+0530 WARNING container_scanner Skipping symlink usr/lib/x86_64-linux-gnu/libabsl_scoped_set_env.so.20240722 -> libabsl_scoped_set_env.so.20240722.0.0: [WinError 1314] A required privilege is not held by the client: 'libabsl_scoped_set_env.so.20240722.0.0' -> 'C:\\Users\\Acer\\AppData\\Local\\Temp\\scanner_fs_temx7975\\rootfs\\usr\\lib\\x86_64-linux-gnu\\libabsl_scoped_set_env.so.20240722'
2026-08-23T18:22:36+0530 WARNING container_scanner Skipping symlink usr/lib/x86_64-linux-gnu/libabsl_spinlock_wait.so.20240722 -> libabsl_spinlock_wait.so.20240722.0.0: [WinError 1314] A required privilege is not held by the client: 'libabsl_spinlock_wait.so.20240722.0.0' -> 'C:\\Users\\Acer\\AppData\\Local\\Temp\\scanner_fs_temx7975\\rootfs\\usr\\lib\\x86_64-linux-gnu\\libabsl_spinlock_wait.so.20240722'
2026-08-23T18:22:36+0530 WARNING container_scanner Skipping symlink usr/lib/x86_64-linux-gnu/libabsl_stacktrace.so.20240722 -> libabsl_stacktrace.so.20240722.0.0: [WinError 1314] A required privilege is not held by the client: 'libabsl_stacktrace.so.20240722.0.0' -> 'C:\\Users\\Acer\\AppData\\Local\\Temp\\scanner_fs_temx7975\\rootfs\\usr\\lib\\x86_64-linux-gnu\\libabsl_stacktrace.so.20240722'
2026-08-23T18:22:36+0530 WARNING container_scanner Skipping symlink usr/lib/x86_64-linux-gnu/libabsl_status.so.20240722 -> libabsl_status.so.20240722.0.0: [WinError 1314] A required privilege is not held by the client: 'libabsl_status.so.20240722.0.0' -> 'C:\\Users\\Acer\\AppData\\Local\\Temp\\scanner_fs_temx7975\\rootfs\\usr\\lib\\x86_64-linux-gnu\\libabsl_status.so.20240722'
2026-08-23T18:22:36+0530 WARNING container_scanner Skipping symlink usr/lib/x86_64-linux-gnu/libabsl_statusor.so.20240722 -> libabsl_statusor.so.20240722.0.0: [WinError 1314] A required privilege is not held by the client: 'libabsl_statusor.so.20240722.0.0' -> 'C:\\Users\\Acer\\AppData\\Local\\Temp\\scanner_fs_temx7975\\rootfs\\usr\\lib\\x86_64-linux-gnu\\libabsl_statusor.so.20240722'
2026-08-23T18:22:36+0530 WARNING container_scanner Skipping symlink usr/lib/x86_64-linux-gnu/libabsl_str_format_internal.so.20240722 -> libabsl_str_format_internal.so.20240722.0.0: [WinError 1314] A required privilege is not held by the client: 'libabsl_str_format_internal.so.20240722.0.0' -> 'C:\\Users\\Acer\\AppData\\Local\\Temp\\scanner_fs_temx7975\\rootfs\\usr\\lib\\x86_64-linux-gnu\\libabsl_str_format_internal.so.20240722'
2026-08-23T18:22:36+0530 WARNING container_scanner Skipping symlink usr/lib/x86_64-linux-gnu/libabsl_strerror.so.20240722 -> libabsl_strerror.so.20240722.0.0: [WinError 1314] A required privilege is not held by the client: 'libabsl_strerror.so.20240722.0.0' -> 'C:\\Users\\Acer\\AppData\\Local\\Temp\\scanner_fs_temx7975\\rootfs\\usr\\lib\\x86_64-linux-gnu\\libabsl_strerror.so.20240722'
2026-08-23T18:22:36+0530 WARNING container_scanner Skipping symlink usr/lib/x86_64-linux-gnu/libabsl_string_view.so.20240722 -> libabsl_string_view.so.20240722.0.0: [WinError 1314] A required privilege is not held by the client: 'libabsl_string_view.so.20240722.0.0' -> 'C:\\Users\\Acer\\AppData\\Local\\Temp\\scanner_fs_temx7975\\rootfs\\usr\\lib\\x86_64-linux-gnu\\libabsl_string_view.so.20240722'
2026-08-23T18:22:36+0530 WARNING container_scanner Skipping symlink usr/lib/x86_64-linux-gnu/libabsl_strings.so.20240722 -> libabsl_strings.so.20240722.0.0: [WinError 1314] A required privilege is not held by the client: 'libabsl_strings.so.20240722.0.0' -> 'C:\\Users\\Acer\\AppData\\Local\\Temp\\scanner_fs_temx7975\\rootfs\\usr\\lib\\x86_64-linux-gnu\\libabsl_strings.so.20240722'
2026-08-23T18:22:36+0530 WARNING container_scanner Skipping symlink usr/lib/x86_64-linux-gnu/libabsl_strings_internal.so.20240722 -> libabsl_strings_internal.so.20240722.0.0: [WinError 1314] A required privilege is not held by the client: 'libabsl_strings_internal.so.20240722.0.0' -> 'C:\\Users\\Acer\\AppData\\Local\\Temp\\scanner_fs_temx7975\\rootfs\\usr\\lib\\x86_64-linux-gnu\\libabsl_strings_internal.so.20240722'
2026-08-23T18:22:36+0530 WARNING container_scanner Skipping symlink usr/lib/x86_64-linux-gnu/libabsl_symbolize.so.20240722 -> libabsl_symbolize.so.20240722.0.0: [WinError 1314] A required privilege is not held by the client: 'libabsl_symbolize.so.20240722.0.0' -> 'C:\\Users\\Acer\\AppData\\Local\\Temp\\scanner_fs_temx7975\\rootfs\\usr\\lib\\x86_64-linux-gnu\\libabsl_symbolize.so.20240722'
2026-08-23T18:22:36+0530 WARNING container_scanner Skipping symlink usr/lib/x86_64-linux-gnu/libabsl_synchronization.so.20240722 -> libabsl_synchronization.so.20240722.0.0: [WinError 1314] A required privilege is not held by the client: 'libabsl_synchronization.so.20240722.0.0' -> 'C:\\Users\\Acer\\AppData\\Local\\Temp\\scanner_fs_temx7975\\rootfs\\usr\\lib\\x86_64-linux-gnu\\libabsl_synchronization.so.20240722'
2026-08-23T18:22:36+0530 WARNING container_scanner Skipping symlink usr/lib/x86_64-linux-gnu/libabsl_throw_delegate.so.20240722 -> libabsl_throw_delegate.so.20240722.0.0: [WinError 1314] A required privilege is not held by the client: 'libabsl_throw_delegate.so.20240722.0.0' -> 'C:\\Users\\Acer\\AppData\\Local\\Temp\\scanner_fs_temx7975\\rootfs\\usr\\lib\\x86_64-linux-gnu\\libabsl_throw_delegate.so.20240722'
2026-08-23T18:22:36+0530 WARNING container_scanner Skipping symlink usr/lib/x86_64-linux-gnu/libabsl_time.so.20240722 -> libabsl_time.so.20240722.0.0: [WinError 1314] A required privilege is not held by the client: 'libabsl_time.so.20240722.0.0' -> 'C:\\Users\\Acer\\AppData\\Local\\Temp\\scanner_fs_temx7975\\rootfs\\usr\\lib\\x86_64-linux-gnu\\libabsl_time.so.20240722'
2026-08-23T18:22:36+0530 WARNING container_scanner Skipping symlink usr/lib/x86_64-linux-gnu/libabsl_time_zone.so.20240722 -> libabsl_time_zone.so.20240722.0.0: [WinError 1314] A required privilege is not held by the client: 'libabsl_time_zone.so.20240722.0.0' -> 'C:\\Users\\Acer\\AppData\\Local\\Temp\\scanner_fs_temx7975\\rootfs\\usr\\lib\\x86_64-linux-gnu\\libabsl_time_zone.so.20240722'
2026-08-23T18:22:36+0530 WARNING container_scanner Skipping symlink usr/lib/x86_64-linux-gnu/libabsl_utf8_for_code_point.so.20240722 -> libabsl_utf8_for_code_point.so.20240722.0.0: [WinError 1314] A required privilege is not held by the client: 'libabsl_utf8_for_code_point.so.20240722.0.0' -> 'C:\\Users\\Acer\\AppData\\Local\\Temp\\scanner_fs_temx7975\\rootfs\\usr\\lib\\x86_64-linux-gnu\\libabsl_utf8_for_code_point.so.20240722'
2026-08-23T18:22:36+0530 WARNING container_scanner Skipping symlink usr/lib/x86_64-linux-gnu/libabsl_vlog_config_internal.so.20240722 -> libabsl_vlog_config_internal.so.20240722.0.0: [WinError 1314] A required privilege is not held by the client: 'libabsl_vlog_config_internal.so.20240722.0.0' -> 'C:\\Users\\Acer\\AppData\\Local\\Temp\\scanner_fs_temx7975\\rootfs\\usr\\lib\\x86_64-linux-gnu\\libabsl_vlog_config_internal.so.20240722'
2026-08-23T18:22:36+0530 WARNING container_scanner Skipping symlink usr/lib/x86_64-linux-gnu/libaom.so.3 -> libaom.so.3.12.1: [WinError 1314] A required privilege is not held by the client: 'libaom.so.3.12.1' -> 'C:\\Users\\Acer\\AppData\\Local\\Temp\\scanner_fs_temx7975\\rootfs\\usr\\lib\\x86_64-linux-gnu\\libaom.so.3'
2026-08-23T18:22:36+0530 WARNING container_scanner Skipping symlink usr/lib/x86_64-linux-gnu/libavif.so.16 -> libavif.so.16.2.1: [WinError 1314] A required privilege is not held by the client: 'libavif.so.16.2.1' -> 'C:\\Users\\Acer\\AppData\\Local\\Temp\\scanner_fs_temx7975\\rootfs\\usr\\lib\\x86_64-linux-gnu\\libavif.so.16'
2026-08-23T18:22:36+0530 WARNING container_scanner Skipping symlink usr/lib/x86_64-linux-gnu/libbrotlicommon.so.1 -> libbrotlicommon.so.1.1.0: [WinError 1314] A required privilege is not held by the client: 'libbrotlicommon.so.1.1.0' -> 'C:\\Users\\Acer\\AppData\\Local\\Temp\\scanner_fs_temx7975\\rootfs\\usr\\lib\\x86_64-linux-gnu\\libbrotlicommon.so.1'
2026-08-23T18:22:36+0530 WARNING container_scanner Skipping symlink usr/lib/x86_64-linux-gnu/libbrotlidec.so.1 -> libbrotlidec.so.1.1.0: [WinError 1314] A required privilege is not held by the client: 'libbrotlidec.so.1.1.0' -> 'C:\\Users\\Acer\\AppData\\Local\\Temp\\scanner_fs_temx7975\\rootfs\\usr\\lib\\x86_64-linux-gnu\\libbrotlidec.so.1'
2026-08-23T18:22:36+0530 WARNING container_scanner Skipping symlink usr/lib/x86_64-linux-gnu/libbrotlienc.so.1 -> libbrotlienc.so.1.1.0: [WinError 1314] A required privilege is not held by the client: 'libbrotlienc.so.1.1.0' -> 'C:\\Users\\Acer\\AppData\\Local\\Temp\\scanner_fs_temx7975\\rootfs\\usr\\lib\\x86_64-linux-gnu\\libbrotlienc.so.1'
2026-08-23T18:22:36+0530 WARNING container_scanner Skipping symlink usr/lib/x86_64-linux-gnu/libcom_err.so.2 -> libcom_err.so.2.1: [WinError 1314] A required privilege is not held by the client: 'libcom_err.so.2.1' -> 'C:\\Users\\Acer\\AppData\\Local\\Temp\\scanner_fs_temx7975\\rootfs\\usr\\lib\\x86_64-linux-gnu\\libcom_err.so.2'
2026-08-23T18:22:36+0530 WARNING container_scanner Skipping symlink usr/lib/x86_64-linux-gnu/libcurl.so.4 -> libcurl.so.4.8.0: [WinError 1314] A required privilege is not held by the client: 'libcurl.so.4.8.0' -> 'C:\\Users\\Acer\\AppData\\Local\\Temp\\scanner_fs_temx7975\\rootfs\\usr\\lib\\x86_64-linux-gnu\\libcurl.so.4'
2026-08-23T18:22:36+0530 WARNING container_scanner Skipping symlink usr/lib/x86_64-linux-gnu/libdav1d.so.7 -> libdav1d.so.7.0.0: [WinError 1314] A required privilege is not held by the client: 'libdav1d.so.7.0.0' -> 'C:\\Users\\Acer\\AppData\\Local\\Temp\\scanner_fs_temx7975\\rootfs\\usr\\lib\\x86_64-linux-gnu\\libdav1d.so.7'
2026-08-23T18:22:36+0530 WARNING container_scanner Skipping symlink usr/lib/x86_64-linux-gnu/libde265.so.0 -> libde265.so.0.1.8: [WinError 1314] A required privilege is not held by the client: 'libde265.so.0.1.8' -> 'C:\\Users\\Acer\\AppData\\Local\\Temp\\scanner_fs_temx7975\\rootfs\\usr\\lib\\x86_64-linux-gnu\\libde265.so.0'
2026-08-23T18:22:36+0530 WARNING container_scanner Skipping symlink usr/lib/x86_64-linux-gnu/libedit.so.2 -> libedit.so.2.0.75: [WinError 1314] A required privilege is not held by the client: 'libedit.so.2.0.75' -> 'C:\\Users\\Acer\\AppData\\Local\\Temp\\scanner_fs_temx7975\\rootfs\\usr\\lib\\x86_64-linux-gnu\\libedit.so.2'
2026-08-23T18:22:36+0530 WARNING container_scanner Skipping symlink usr/lib/x86_64-linux-gnu/libexpat.so.1 -> libexpat.so.1.12.3: [WinError 1314] A required privilege is not held by the client: 'libexpat.so.1.12.3' -> 'C:\\Users\\Acer\\AppData\\Local\\Temp\\scanner_fs_temx7975\\rootfs\\usr\\lib\\x86_64-linux-gnu\\libexpat.so.1'
2026-08-23T18:22:36+0530 WARNING container_scanner Skipping symlink usr/lib/x86_64-linux-gnu/libexpatw.so.1 -> libexpatw.so.1.12.3: [WinError 1314] A required privilege is not held by the client: 'libexpatw.so.1.12.3' -> 'C:\\Users\\Acer\\AppData\\Local\\Temp\\scanner_fs_temx7975\\rootfs\\usr\\lib\\x86_64-linux-gnu\\libexpatw.so.1'
2026-08-23T18:22:36+0530 WARNING container_scanner Skipping symlink usr/lib/x86_64-linux-gnu/libexslt.so.0 -> libexslt.so.0.8.20: [WinError 1314] A required privilege is not held by the client: 'libexslt.so.0.8.20' -> 'C:\\Users\\Acer\\AppData\\Local\\Temp\\scanner_fs_temx7975\\rootfs\\usr\\lib\\x86_64-linux-gnu\\libexslt.so.0'
2026-08-23T18:22:36+0530 WARNING container_scanner Skipping symlink usr/lib/x86_64-linux-gnu/libffi.so.8 -> libffi.so.8.1.4: [WinError 1314] A required privilege is not held by the client: 'libffi.so.8.1.4' -> 'C:\\Users\\Acer\\AppData\\Local\\Temp\\scanner_fs_temx7975\\rootfs\\usr\\lib\\x86_64-linux-gnu\\libffi.so.8'
2026-08-23T18:22:36+0530 WARNING container_scanner Skipping symlink usr/lib/x86_64-linux-gnu/libfontconfig.so.1 -> libfontconfig.so.1.12.1: [WinError 1314] A required privilege is not held by the client: 'libfontconfig.so.1.12.1' -> 'C:\\Users\\Acer\\AppData\\Local\\Temp\\scanner_fs_temx7975\\rootfs\\usr\\lib\\x86_64-linux-gnu\\libfontconfig.so.1'
2026-08-23T18:22:36+0530 WARNING container_scanner Skipping symlink usr/lib/x86_64-linux-gnu/libfreetype.so.6 -> libfreetype.so.6.20.2: [WinError 1314] A required privilege is not held by the client: 'libfreetype.so.6.20.2' -> 'C:\\Users\\Acer\\AppData\\Local\\Temp\\scanner_fs_temx7975\\rootfs\\usr\\lib\\x86_64-linux-gnu\\libfreetype.so.6'
2026-08-23T18:22:36+0530 WARNING container_scanner Skipping symlink usr/lib/x86_64-linux-gnu/libgav1.so.1 -> libgav1.so.1.0.0: [WinError 1314] A required privilege is not held by the client: 'libgav1.so.1.0.0' -> 'C:\\Users\\Acer\\AppData\\Local\\Temp\\scanner_fs_temx7975\\rootfs\\usr\\lib\\x86_64-linux-gnu\\libgav1.so.1'
2026-08-23T18:22:36+0530 WARNING container_scanner Skipping symlink usr/lib/x86_64-linux-gnu/libgcrypt.so.20 -> libgcrypt.so.20.5.0: [WinError 1314] A required privilege is not held by the client: 'libgcrypt.so.20.5.0' -> 'C:\\Users\\Acer\\AppData\\Local\\Temp\\scanner_fs_temx7975\\rootfs\\usr\\lib\\x86_64-linux-gnu\\libgcrypt.so.20'
2026-08-23T18:22:37+0530 WARNING container_scanner Skipping symlink usr/lib/x86_64-linux-gnu/libgd.so.3 -> libgd.so.3.0.11: [WinError 1314] A required privilege is not held by the client: 'libgd.so.3.0.11' -> 'C:\\Users\\Acer\\AppData\\Local\\Temp\\scanner_fs_temx7975\\rootfs\\usr\\lib\\x86_64-linux-gnu\\libgd.so.3'
2026-08-23T18:22:37+0530 WARNING container_scanner Skipping symlink usr/lib/x86_64-linux-gnu/libgnutls.so.30 -> libgnutls.so.30.40.3: [WinError 1314] A required privilege is not held by the client: 'libgnutls.so.30.40.3' -> 'C:\\Users\\Acer\\AppData\\Local\\Temp\\scanner_fs_temx7975\\rootfs\\usr\\lib\\x86_64-linux-gnu\\libgnutls.so.30'
2026-08-23T18:22:37+0530 WARNING container_scanner Skipping symlink usr/lib/x86_64-linux-gnu/libgomp.so.1 -> libgomp.so.1.0.0: [WinError 1314] A required privilege is not held by the client: 'libgomp.so.1.0.0' -> 'C:\\Users\\Acer\\AppData\\Local\\Temp\\scanner_fs_temx7975\\rootfs\\usr\\lib\\x86_64-linux-gnu\\libgomp.so.1'
2026-08-23T18:22:37+0530 WARNING container_scanner Skipping symlink usr/lib/x86_64-linux-gnu/libgpg-error.so.0 -> libgpg-error.so.0.38.0: [WinError 1314] A required privilege is not held by the client: 'libgpg-error.so.0.38.0' -> 'C:\\Users\\Acer\\AppData\\Local\\Temp\\scanner_fs_temx7975\\rootfs\\usr\\lib\\x86_64-linux-gnu\\libgpg-error.so.0'
2026-08-23T18:22:37+0530 WARNING container_scanner Skipping symlink usr/lib/x86_64-linux-gnu/libgssapi_krb5.so.2 -> libgssapi_krb5.so.2.2: [WinError 1314] A required privilege is not held by the client: 'libgssapi_krb5.so.2.2' -> 'C:\\Users\\Acer\\AppData\\Local\\Temp\\scanner_fs_temx7975\\rootfs\\usr\\lib\\x86_64-linux-gnu\\libgssapi_krb5.so.2'
2026-08-23T18:22:37+0530 WARNING container_scanner Skipping symlink usr/lib/x86_64-linux-gnu/libheif.so.1 -> libheif.so.1.19.8: [WinError 1314] A required privilege is not held by the client: 'libheif.so.1.19.8' -> 'C:\\Users\\Acer\\AppData\\Local\\Temp\\scanner_fs_temx7975\\rootfs\\usr\\lib\\x86_64-linux-gnu\\libheif.so.1'
2026-08-23T18:22:37+0530 WARNING container_scanner Skipping symlink usr/lib/x86_64-linux-gnu/libidn2.so.0 -> libidn2.so.0.4.0: [WinError 1314] A required privilege is not held by the client: 'libidn2.so.0.4.0' -> 'C:\\Users\\Acer\\AppData\\Local\\Temp\\scanner_fs_temx7975\\rootfs\\usr\\lib\\x86_64-linux-gnu\\libidn2.so.0'
2026-08-23T18:22:37+0530 WARNING container_scanner Skipping symlink usr/lib/x86_64-linux-gnu/libjpeg.so.62 -> libjpeg.so.62.3.0: [WinError 1314] A required privilege is not held by the client: 'libjpeg.so.62.3.0' -> 'C:\\Users\\Acer\\AppData\\Local\\Temp\\scanner_fs_temx7975\\rootfs\\usr\\lib\\x86_64-linux-gnu\\libjpeg.so.62'
2026-08-23T18:22:37+0530 WARNING container_scanner Skipping symlink usr/lib/x86_64-linux-gnu/libk5crypto.so.3 -> libk5crypto.so.3.1: [WinError 1314] A required privilege is not held by the client: 'libk5crypto.so.3.1' -> 'C:\\Users\\Acer\\AppData\\Local\\Temp\\scanner_fs_temx7975\\rootfs\\usr\\lib\\x86_64-linux-gnu\\libk5crypto.so.3'
2026-08-23T18:22:37+0530 WARNING container_scanner Skipping symlink usr/lib/x86_64-linux-gnu/libkeyutils.so.1 -> libkeyutils.so.1.10: [WinError 1314] A required privilege is not held by the client: 'libkeyutils.so.1.10' -> 'C:\\Users\\Acer\\AppData\\Local\\Temp\\scanner_fs_temx7975\\rootfs\\usr\\lib\\x86_64-linux-gnu\\libkeyutils.so.1'
2026-08-23T18:22:37+0530 WARNING container_scanner Skipping symlink usr/lib/x86_64-linux-gnu/libkrb5.so.3 -> libkrb5.so.3.3: [WinError 1314] A required privilege is not held by the client: 'libkrb5.so.3.3' -> 'C:\\Users\\Acer\\AppData\\Local\\Temp\\scanner_fs_temx7975\\rootfs\\usr\\lib\\x86_64-linux-gnu\\libkrb5.so.3'
2026-08-23T18:22:37+0530 WARNING container_scanner Skipping symlink usr/lib/x86_64-linux-gnu/libkrb5support.so.0 -> libkrb5support.so.0.1: [WinError 1314] A required privilege is not held by the client: 'libkrb5support.so.0.1' -> 'C:\\Users\\Acer\\AppData\\Local\\Temp\\scanner_fs_temx7975\\rootfs\\usr\\lib\\x86_64-linux-gnu\\libkrb5support.so.0'
2026-08-23T18:22:37+0530 WARNING container_scanner Skipping symlink usr/lib/x86_64-linux-gnu/liblber.so.2 -> liblber.so.2.0.200: [WinError 1314] A required privilege is not held by the client: 'liblber.so.2.0.200' -> 'C:\\Users\\Acer\\AppData\\Local\\Temp\\scanner_fs_temx7975\\rootfs\\usr\\lib\\x86_64-linux-gnu\\liblber.so.2'
2026-08-23T18:22:37+0530 WARNING container_scanner Skipping symlink usr/lib/x86_64-linux-gnu/libldap.so.2 -> libldap.so.2.0.200: [WinError 1314] A required privilege is not held by the client: 'libldap.so.2.0.200' -> 'C:\\Users\\Acer\\AppData\\Local\\Temp\\scanner_fs_temx7975\\rootfs\\usr\\lib\\x86_64-linux-gnu\\libldap.so.2'
2026-08-23T18:22:37+0530 WARNING container_scanner Skipping symlink usr/lib/x86_64-linux-gnu/libnghttp2.so.14 -> libnghttp2.so.14.28.3: [WinError 1314] A required privilege is not held by the client: 'libnghttp2.so.14.28.3' -> 'C:\\Users\\Acer\\AppData\\Local\\Temp\\scanner_fs_temx7975\\rootfs\\usr\\lib\\x86_64-linux-gnu\\libnghttp2.so.14'
2026-08-23T18:22:37+0530 WARNING container_scanner Skipping symlink usr/lib/x86_64-linux-gnu/libnghttp3.so.9 -> libnghttp3.so.9.2.6: [WinError 1314] A required privilege is not held by the client: 'libnghttp3.so.9.2.6' -> 'C:\\Users\\Acer\\AppData\\Local\\Temp\\scanner_fs_temx7975\\rootfs\\usr\\lib\\x86_64-linux-gnu\\libnghttp3.so.9'
2026-08-23T18:22:37+0530 WARNING container_scanner Skipping symlink usr/lib/x86_64-linux-gnu/libp11-kit.so.0 -> libp11-kit.so.0.4.1: [WinError 1314] A required privilege is not held by the client: 'libp11-kit.so.0.4.1' -> 'C:\\Users\\Acer\\AppData\\Local\\Temp\\scanner_fs_temx7975\\rootfs\\usr\\lib\\x86_64-linux-gnu\\libp11-kit.so.0'
2026-08-23T18:22:37+0530 WARNING container_scanner Skipping symlink usr/lib/x86_64-linux-gnu/libpng16.so.16 -> libpng16.so.16.48.0: [WinError 1314] A required privilege is not held by the client: 'libpng16.so.16.48.0' -> 'C:\\Users\\Acer\\AppData\\Local\\Temp\\scanner_fs_temx7975\\rootfs\\usr\\lib\\x86_64-linux-gnu\\libpng16.so.16'
2026-08-23T18:22:37+0530 WARNING container_scanner Skipping symlink usr/lib/x86_64-linux-gnu/libpsl.so.5 -> libpsl.so.5.3.4: [WinError 1314] A required privilege is not held by the client: 'libpsl.so.5.3.4' -> 'C:\\Users\\Acer\\AppData\\Local\\Temp\\scanner_fs_temx7975\\rootfs\\usr\\lib\\x86_64-linux-gnu\\libpsl.so.5'
2026-08-23T18:22:37+0530 WARNING container_scanner Skipping symlink usr/lib/x86_64-linux-gnu/librav1e.so.0.7 -> librav1e.so.0.7.2: [WinError 1314] A required privilege is not held by the client: 'librav1e.so.0.7.2' -> 'C:\\Users\\Acer\\AppData\\Local\\Temp\\scanner_fs_temx7975\\rootfs\\usr\\lib\\x86_64-linux-gnu\\librav1e.so.0.7'
2026-08-23T18:22:37+0530 WARNING container_scanner Skipping symlink usr/lib/x86_64-linux-gnu/libsasl2.so.2 -> libsasl2.so.2.0.25: [WinError 1314] A required privilege is not held by the client: 'libsasl2.so.2.0.25' -> 'C:\\Users\\Acer\\AppData\\Local\\Temp\\scanner_fs_temx7975\\rootfs\\usr\\lib\\x86_64-linux-gnu\\libsasl2.so.2'
2026-08-23T18:22:37+0530 WARNING container_scanner Skipping symlink usr/lib/x86_64-linux-gnu/libsharpyuv.so.0 -> libsharpyuv.so.0.1.1: [WinError 1314] A required privilege is not held by the client: 'libsharpyuv.so.0.1.1' -> 'C:\\Users\\Acer\\AppData\\Local\\Temp\\scanner_fs_temx7975\\rootfs\\usr\\lib\\x86_64-linux-gnu\\libsharpyuv.so.0'
2026-08-23T18:22:37+0530 WARNING container_scanner Skipping symlink usr/lib/x86_64-linux-gnu/libssh2.so.1 -> libssh2.so.1.0.1: [WinError 1314] A required privilege is not held by the client: 'libssh2.so.1.0.1' -> 'C:\\Users\\Acer\\AppData\\Local\\Temp\\scanner_fs_temx7975\\rootfs\\usr\\lib\\x86_64-linux-gnu\\libssh2.so.1'
2026-08-23T18:22:37+0530 WARNING container_scanner Skipping symlink usr/lib/x86_64-linux-gnu/libtasn1.so.6 -> libtasn1.so.6.6.4: [WinError 1314] A required privilege is not held by the client: 'libtasn1.so.6.6.4' -> 'C:\\Users\\Acer\\AppData\\Local\\Temp\\scanner_fs_temx7975\\rootfs\\usr\\lib\\x86_64-linux-gnu\\libtasn1.so.6'
2026-08-23T18:22:37+0530 WARNING container_scanner Skipping symlink usr/lib/x86_64-linux-gnu/libtiff.so.6 -> libtiff.so.6.1.0: [WinError 1314] A required privilege is not held by the client: 'libtiff.so.6.1.0' -> 'C:\\Users\\Acer\\AppData\\Local\\Temp\\scanner_fs_temx7975\\rootfs\\usr\\lib\\x86_64-linux-gnu\\libtiff.so.6'
2026-08-23T18:22:37+0530 WARNING container_scanner Skipping symlink usr/lib/x86_64-linux-gnu/libunistring.so.5 -> libunistring.so.5.2.0: [WinError 1314] A required privilege is not held by the client: 'libunistring.so.5.2.0' -> 'C:\\Users\\Acer\\AppData\\Local\\Temp\\scanner_fs_temx7975\\rootfs\\usr\\lib\\x86_64-linux-gnu\\libunistring.so.5'
2026-08-23T18:22:37+0530 WARNING container_scanner Skipping symlink usr/lib/x86_64-linux-gnu/libwebp.so.7 -> libwebp.so.7.1.10: [WinError 1314] A required privilege is not held by the client: 'libwebp.so.7.1.10' -> 'C:\\Users\\Acer\\AppData\\Local\\Temp\\scanner_fs_temx7975\\rootfs\\usr\\lib\\x86_64-linux-gnu\\libwebp.so.7'
2026-08-23T18:22:37+0530 WARNING container_scanner Skipping symlink usr/lib/x86_64-linux-gnu/libxcb.so.1 -> libxcb.so.1.1.0: [WinError 1314] A required privilege is not held by the client: 'libxcb.so.1.1.0' -> 'C:\\Users\\Acer\\AppData\\Local\\Temp\\scanner_fs_temx7975\\rootfs\\usr\\lib\\x86_64-linux-gnu\\libxcb.so.1'
2026-08-23T18:22:37+0530 WARNING container_scanner Skipping symlink usr/lib/x86_64-linux-gnu/libxml2.so.2 -> libxml2.so.2.9.14: [WinError 1314] A required privilege is not held by the client: 'libxml2.so.2.9.14' -> 'C:\\Users\\Acer\\AppData\\Local\\Temp\\scanner_fs_temx7975\\rootfs\\usr\\lib\\x86_64-linux-gnu\\libxml2.so.2'
2026-08-23T18:22:37+0530 WARNING container_scanner Skipping symlink usr/lib/x86_64-linux-gnu/libxslt.so.1 -> libxslt.so.1.1.35: [WinError 1314] A required privilege is not held by the client: 'libxslt.so.1.1.35' -> 'C:\\Users\\Acer\\AppData\\Local\\Temp\\scanner_fs_temx7975\\rootfs\\usr\\lib\\x86_64-linux-gnu\\libxslt.so.1'
2026-08-23T18:22:37+0530 WARNING container_scanner Skipping symlink usr/lib/x86_64-linux-gnu/libyuv.so.0 -> libyuv.so.0.0.1904: [WinError 1314] A required privilege is not held by the client: 'libyuv.so.0.0.1904' -> 'C:\\Users\\Acer\\AppData\\Local\\Temp\\scanner_fs_temx7975\\rootfs\\usr\\lib\\x86_64-linux-gnu\\libyuv.so.0'
2026-08-23T18:22:37+0530 WARNING container_scanner Skipping symlink usr/lib/x86_64-linux-gnu/sasl2/libsasldb.so -> libsasldb.so.2.0.25: [WinError 1314] A required privilege is not held by the client: 'libsasldb.so.2.0.25' -> 'C:\\Users\\Acer\\AppData\\Local\\Temp\\scanner_fs_temx7975\\rootfs\\usr\\lib\\x86_64-linux-gnu\\sasl2\\libsasldb.so'
2026-08-23T18:22:37+0530 WARNING container_scanner Skipping symlink usr/lib/x86_64-linux-gnu/sasl2/libsasldb.so.2 -> libsasldb.so.2.0.25: [WinError 1314] A required privilege is not held by the client: 'libsasldb.so.2.0.25' -> 'C:\\Users\\Acer\\AppData\\Local\\Temp\\scanner_fs_temx7975\\rootfs\\usr\\lib\\x86_64-linux-gnu\\sasl2\\libsasldb.so.2'
2026-08-23T18:22:38+0530 WARNING container_scanner Skipping symlink usr/share/doc/libgomp1 -> gcc-14-base: [WinError 1314] A required privilege is not held by the client: 'gcc-14-base' -> 'C:\\Users\\Acer\\AppData\\Local\\Temp\\scanner_fs_temx7975\\rootfs\\usr\\share\\doc\\libgomp1'
2026-08-23T18:22:38+0530 WARNING container_scanner Skipping symlink usr/share/doc/libxml2/NEWS.gz -> changelog.gz: [WinError 1314] A required privilege is not held by the client: 'changelog.gz' -> 'C:\\Users\\Acer\\AppData\\Local\\Temp\\scanner_fs_temx7975\\rootfs\\usr\\share\\doc\\libxml2\\NEWS.gz'
2026-08-23T18:22:38+0530 WARNING container_scanner Skipping symlink usr/share/java/libintl.jar -> libintl-0.23.1.jar: [WinError 1314] A required privilege is not held by the client: 'libintl-0.23.1.jar' -> 'C:\\Users\\Acer\\AppData\\Local\\Temp\\scanner_fs_temx7975\\rootfs\\usr\\share\\java\\libintl.jar'
2026-08-23T18:22:38+0530 WARNING container_scanner Skipping unsafe symlink usr/share/maven-repo/org/gnu/gettext/libintl/0.23.1/libintl-0.23.1.jar -> ../../../../../../java/libintl-0.23.1.jar
2026-08-23T18:22:38+0530 WARNING container_scanner Skipping unsafe symlink usr/share/maven-repo/org/gnu/gettext/libintl/debian/libintl-debian.jar -> ../../../../../../java/libintl-0.23.1.jar
2026-08-23T18:22:39+0530 WARNING container_scanner Skipping symlink var/log/nginx/access.log -> /dev/stdout: [WinError 1314] A required privilege is not held by the client: '../../../dev/stdout' -> 'C:\\Users\\Acer\\AppData\\Local\\Temp\\scanner_fs_temx7975\\rootfs\\var\\log\\nginx\\access.log'
2026-08-23T18:22:39+0530 WARNING container_scanner Skipping symlink var/log/nginx/error.log -> /dev/stderr: [WinError 1314] A required privilege is not held by the client: '../../../dev/stderr' -> 'C:\\Users\\Acer\\AppData\\Local\\Temp\\scanner_fs_temx7975\\rootfs\\var\\log\\nginx\\error.log'
2026-08-23T18:22:39+0530 INFO container_scanner Downloading layer sha256:5508f643...
2026-08-23T18:22:40+0530 INFO container_scanner Extracting 5508f6432d3e4a769c2d9b80749ad50e86f8193d7717e54396d05d1a17b587cf.tar.gz
2026-08-23T18:22:40+0530 INFO container_scanner Downloading layer sha256:5d480233...
2026-08-23T18:22:40+0530 INFO container_scanner Extracting 5d480233f531dc4a1034a4c6ecd3a4e9075aaee812b6be93159b0db4e397b1ab.tar.gz
2026-08-23T18:22:40+0530 INFO container_scanner Downloading layer sha256:f530c3e4...
2026-08-23T18:22:40+0530 INFO container_scanner Extracting f530c3e421fca98fcd8708cc47151916056adc55548deeb5dcd04af38e4b57cf.tar.gz
2026-08-23T18:22:40+0530 INFO container_scanner Downloading layer sha256:128fcc7b...
2026-08-23T18:22:41+0530 INFO container_scanner Extracting 128fcc7b23b0790468195111c98e3300a0d57267108085d886be27b6f48f32a8.tar.gz
2026-08-23T18:22:41+0530 INFO container_scanner Downloading layer sha256:7eb55399...
2026-08-23T18:22:41+0530 INFO container_scanner Extracting 7eb55399d6dea18b22c5aa592fdb03daf75a95cbc4a229acdcfa6ca95cf54fd8.tar.gz
2026-08-23T18:22:41+0530 INFO container_scanner Registry ingestion complete; root filesystem is C:\Users\Acer\AppData\Local\Temp\scanner_fs_temx7975\rootfs
2026-08-23T18:22:41+0530 INFO container_scanner Starting discovery on C:\Users\Acer\AppData\Local\Temp\scanner_fs_temx7975\rootfs
2026-08-23T18:22:41+0530 INFO container_scanner Discovery complete; found 151 packages
2026-08-23T18:22:41+0530 INFO container_scanner Starting vulnerability matching
2026-08-23T18:22:57+0530 DEBUG container_scanner Removed temporary scanner directory C:\Users\Acer\AppData\Local\Temp\scanner_fs_temx7975
2026-08-23T18:24:02+0530 WARNING container_scanner Skipping corrupted npm lockfile C:\Users\Acer\AppData\Local\Temp\pytest-of-Acer\pytest-9\test_parse_corrupted_npm_lockf0\package-lock.json: Expecting property name enclosed in double quotes: line 1 column 2 (char 1)
2026-08-23T18:24:02+0530 INFO container_scanner Starting discovery on C:\Users\Acer\AppData\Local\Temp\pytest-of-Acer\pytest-9\test_discovery_manager_generat0\rootfs
2026-08-23T18:24:02+0530 INFO container_scanner Discovery complete; found 1 packages
2026-08-23T18:24:02+0530 INFO container_scanner Extracting layer.tar.gz
2026-08-23T18:24:02+0530 WARNING container_scanner Skipping symlink etc/alternatives/awk -> /usr/bin/mawk: [WinError 1314] A required privilege is not held by the client: '../../usr/bin/mawk' -> 'C:\\Users\\Acer\\AppData\\Local\\Temp\\pytest-of-Acer\\pytest-9\\test_extractor_handles_absolut0\\rootfs\\etc\\alternatives\\awk'
2026-08-23T18:24:40+0530 INFO container_scanner Starting registry ingestion for nginx:latest
2026-08-23T18:24:42+0530 INFO container_scanner Parsed manifest for library/nginx:latest; found 7 layers
2026-08-23T18:24:42+0530 INFO container_scanner Downloading layer sha256:26c307b5...
2026-08-23T18:24:44+0530 INFO container_scanner Extracting 26c307b5e35a59ce911f5fde5b9458120ec8734e831ea2da5649a9ad14abfd3d.tar.gz
2026-08-23T18:24:44+0530 WARNING container_scanner Skipping symlink bin -> usr/bin: [WinError 1314] A required privilege is not held by the client: 'usr/bin' -> 'C:\\Users\\Acer\\AppData\\Local\\Temp\\scanner_fs_i4qzc315\\rootfs\\bin'
2026-08-23T18:24:44+0530 WARNING container_scanner Skipping symlink etc/alternatives/awk -> /usr/bin/mawk: [WinError 1314] A required privilege is not held by the client: '../../usr/bin/mawk' -> 'C:\\Users\\Acer\\AppData\\Local\\Temp\\scanner_fs_i4qzc315\\rootfs\\etc\\alternatives\\awk'
2026-08-23T18:24:44+0530 WARNING container_scanner Skipping symlink etc/alternatives/awk.1.gz -> /usr/share/man/man1/mawk.1.gz: [WinError 1314] A required privilege is not held by the client: '../../usr/share/man/man1/mawk.1.gz' -> 'C:\\Users\\Acer\\AppData\\Local\\Temp\\scanner_fs_i4qzc315\\rootfs\\etc\\alternatives\\awk.1.gz'
2026-08-23T18:24:44+0530 WARNING container_scanner Skipping symlink etc/alternatives/builtins.7.gz -> /usr/share/man/man7/bash-builtins.7.gz: [WinError 1314] A required privilege is not held by the client: '../../usr/share/man/man7/bash-builtins.7.gz' -> 'C:\\Users\\Acer\\AppData\\Local\\Temp\\scanner_fs_i4qzc315\\rootfs\\etc\\alternatives\\builtins.7.gz'
2026-08-23T18:24:44+0530 WARNING container_scanner Skipping symlink etc/alternatives/nawk -> /usr/bin/mawk: [WinError 1314] A required privilege is not held by the client: '../../usr/bin/mawk' -> 'C:\\Users\\Acer\\AppData\\Local\\Temp\\scanner_fs_i4qzc315\\rootfs\\etc\\alternatives\\nawk'
2026-08-23T18:24:44+0530 WARNING container_scanner Skipping symlink etc/alternatives/nawk.1.gz -> /usr/share/man/man1/mawk.1.gz: [WinError 1314] A required privilege is not held by the client: '../../usr/share/man/man1/mawk.1.gz' -> 'C:\\Users\\Acer\\AppData\\Local\\Temp\\scanner_fs_i4qzc315\\rootfs\\etc\\alternatives\\nawk.1.gz'
2026-08-23T18:24:44+0530 WARNING container_scanner Skipping symlink etc/alternatives/pager -> /bin/more: [WinError 1314] A required privilege is not held by the client: '../../bin/more' -> 'C:\\Users\\Acer\\AppData\\Local\\Temp\\scanner_fs_i4qzc315\\rootfs\\etc\\alternatives\\pager'
2026-08-23T18:24:44+0530 WARNING container_scanner Skipping symlink etc/alternatives/pager.1.gz -> /usr/share/man/man1/more.1.gz: [WinError 1314] A required privilege is not held by the client: '../../usr/share/man/man1/more.1.gz' -> 'C:\\Users\\Acer\\AppData\\Local\\Temp\\scanner_fs_i4qzc315\\rootfs\\etc\\alternatives\\pager.1.gz'
2026-08-23T18:24:44+0530 WARNING container_scanner Skipping symlink etc/alternatives/rmt -> /usr/sbin/rmt-tar: [WinError 1314] A required privilege is not held by the client: '../../usr/sbin/rmt-tar' -> 'C:\\Users\\Acer\\AppData\\Local\\Temp\\scanner_fs_i4qzc315\\rootfs\\etc\\alternatives\\rmt'
2026-08-23T18:24:44+0530 WARNING container_scanner Skipping symlink etc/alternatives/rmt.8.gz -> /usr/share/man/man8/rmt-tar.8.gz: [WinError 1314] A required privilege is not held by the client: '../../usr/share/man/man8/rmt-tar.8.gz' -> 'C:\\Users\\Acer\\AppData\\Local\\Temp\\scanner_fs_i4qzc315\\rootfs\\etc\\alternatives\\rmt.8.gz'
2026-08-23T18:24:44+0530 WARNING container_scanner Skipping symlink etc/alternatives/which -> /usr/bin/which.debianutils: [WinError 1314] A required privilege is not held by the client: '../../usr/bin/which.debianutils' -> 'C:\\Users\\Acer\\AppData\\Local\\Temp\\scanner_fs_i4qzc315\\rootfs\\etc\\alternatives\\which'
2026-08-23T18:24:44+0530 WARNING container_scanner Skipping symlink etc/alternatives/which.1.gz -> /usr/share/man/man1/which.debianutils.1.gz: [WinError 1314] A required privilege is not held by the client: '../../usr/share/man/man1/which.debianutils.1.gz' -> 'C:\\Users\\Acer\\AppData\\Local\\Temp\\scanner_fs_i4qzc315\\rootfs\\etc\\alternatives\\which.1.gz'
2026-08-23T18:24:44+0530 WARNING container_scanner Skipping symlink etc/alternatives/which.de1.gz -> /usr/share/man/de/man1/which.debianutils.1.gz: [WinError 1314] A required privilege is not held by the client: '../../usr/share/man/de/man1/which.debianutils.1.gz' -> 'C:\\Users\\Acer\\AppData\\Local\\Temp\\scanner_fs_i4qzc315\\rootfs\\etc\\alternatives\\which.de1.gz'
2026-08-23T18:24:44+0530 WARNING container_scanner Skipping symlink etc/alternatives/which.es1.gz -> /usr/share/man/es/man1/which.debianutils.1.gz: [WinError 1314] A required privilege is not held by the client: '../../usr/share/man/es/man1/which.debianutils.1.gz' -> 'C:\\Users\\Acer\\AppData\\Local\\Temp\\scanner_fs_i4qzc315\\rootfs\\etc\\alternatives\\which.es1.gz'
2026-08-23T18:24:44+0530 WARNING container_scanner Skipping symlink etc/alternatives/which.fr1.gz -> /usr/share/man/fr/man1/which.debianutils.1.gz: [WinError 1314] A required privilege is not held by the client: '../../usr/share/man/fr/man1/which.debianutils.1.gz' -> 'C:\\Users\\Acer\\AppData\\Local\\Temp\\scanner_fs_i4qzc315\\rootfs\\etc\\alternatives\\which.fr1.gz'
2026-08-23T18:24:44+0530 WARNING container_scanner Skipping symlink etc/alternatives/which.it1.gz -> /usr/share/man/it/man1/which.debianutils.1.gz: [WinError 1314] A required privilege is not held by the client: '../../usr/share/man/it/man1/which.debianutils.1.gz' -> 'C:\\Users\\Acer\\AppData\\Local\\Temp\\scanner_fs_i4qzc315\\rootfs\\etc\\alternatives\\which.it1.gz'
2026-08-23T18:24:44+0530 WARNING container_scanner Skipping symlink etc/alternatives/which.ja1.gz -> /usr/share/man/ja/man1/which.debianutils.1.gz: [WinError 1314] A required privilege is not held by the client: '../../usr/share/man/ja/man1/which.debianutils.1.gz' -> 'C:\\Users\\Acer\\AppData\\Local\\Temp\\scanner_fs_i4qzc315\\rootfs\\etc\\alternatives\\which.ja1.gz'
2026-08-23T18:24:44+0530 WARNING container_scanner Skipping symlink etc/alternatives/which.pl1.gz -> /usr/share/man/pl/man1/which.debianutils.1.gz: [WinError 1314] A required privilege is not held by the client: '../../usr/share/man/pl/man1/which.debianutils.1.gz' -> 'C:\\Users\\Acer\\AppData\\Local\\Temp\\scanner_fs_i4qzc315\\rootfs\\etc\\alternatives\\which.pl1.gz'
2026-08-23T18:24:44+0530 WARNING container_scanner Skipping symlink etc/alternatives/which.sl1.gz -> /usr/share/man/sl/man1/which.debianutils.1.gz: [WinError 1314] A required privilege is not held by the client: '../../usr/share/man/sl/man1/which.debianutils.1.gz' -> 'C:\\Users\\Acer\\AppData\\Local\\Temp\\scanner_fs_i4qzc315\\rootfs\\etc\\alternatives\\which.sl1.gz'
2026-08-23T18:24:44+0530 WARNING container_scanner Skipping symlink etc/dpkg/origins/default -> debian: [WinError 1314] A required privilege is not held by the client: 'debian' -> 'C:\\Users\\Acer\\AppData\\Local\\Temp\\scanner_fs_i4qzc315\\rootfs\\etc\\dpkg\\origins\\default'
2026-08-23T18:24:44+0530 WARNING container_scanner Skipping symlink etc/localtime -> /usr/share/zoneinfo/Etc/UTC: [WinError 1314] A required privilege is not held by the client: '../usr/share/zoneinfo/Etc/UTC' -> 'C:\\Users\\Acer\\AppData\\Local\\Temp\\scanner_fs_i4qzc315\\rootfs\\etc\\localtime'
2026-08-23T18:24:44+0530 WARNING container_scanner Skipping unsafe symlink etc/os-release -> ../usr/lib/os-release
2026-08-23T18:24:45+0530 WARNING container_scanner Skipping symlink etc/rmt -> /usr/sbin/rmt: [WinError 1314] A required privilege is not held by the client: '../usr/sbin/rmt' -> 'C:\\Users\\Acer\\AppData\\Local\\Temp\\scanner_fs_i4qzc315\\rootfs\\etc\\rmt'
2026-08-23T18:24:45+0530 WARNING container_scanner Skipping symlink etc/systemd/system/timers.target.wants/apt-daily-upgrade.timer -> /lib/systemd/system/apt-daily-upgrade.timer: [WinError 1314] A required privilege is not held by the client: '../../../../lib/systemd/system/apt-daily-upgrade.timer' -> 'C:\\Users\\Acer\\AppData\\Local\\Temp\\scanner_fs_i4qzc315\\rootfs\\etc\\systemd\\system\\timers.target.wants\\apt-daily-upgrade.timer'
2026-08-23T18:24:45+0530 WARNING container_scanner Skipping symlink etc/systemd/system/timers.target.wants/apt-daily.timer -> /lib/systemd/system/apt-daily.timer: [WinError 1314] A required privilege is not held by the client: '../../../../lib/systemd/system/apt-daily.timer' -> 'C:\\Users\\Acer\\AppData\\Local\\Temp\\scanner_fs_i4qzc315\\rootfs\\etc\\systemd\\system\\timers.target.wants\\apt-daily.timer'
2026-08-23T18:24:45+0530 WARNING container_scanner Skipping symlink etc/systemd/system/timers.target.wants/dpkg-db-backup.timer -> /lib/systemd/system/dpkg-db-backup.timer: [WinError 1314] A required privilege is not held by the client: '../../../../lib/systemd/system/dpkg-db-backup.timer' -> 'C:\\Users\\Acer\\AppData\\Local\\Temp\\scanner_fs_i4qzc315\\rootfs\\etc\\systemd\\system\\timers.target.wants\\dpkg-db-backup.timer'
2026-08-23T18:24:45+0530 WARNING container_scanner Skipping symlink etc/systemd/system/timers.target.wants/fstrim.timer -> /lib/systemd/system/fstrim.timer: [WinError 1314] A required privilege is not held by the client: '../../../../lib/systemd/system/fstrim.timer' -> 'C:\\Users\\Acer\\AppData\\Local\\Temp\\scanner_fs_i4qzc315\\rootfs\\etc\\systemd\\system\\timers.target.wants\\fstrim.timer'
2026-08-23T18:24:45+0530 WARNING container_scanner Skipping symlink lib -> usr/lib: [WinError 1314] A required privilege is not held by the client: 'usr/lib' -> 'C:\\Users\\Acer\\AppData\\Local\\Temp\\scanner_fs_i4qzc315\\rootfs\\lib'
2026-08-23T18:24:45+0530 WARNING container_scanner Skipping symlink lib64 -> usr/lib64: [WinError 1314] A required privilege is not held by the client: 'usr/lib64' -> 'C:\\Users\\Acer\\AppData\\Local\\Temp\\scanner_fs_i4qzc315\\rootfs\\lib64'
2026-08-23T18:24:45+0530 WARNING container_scanner Skipping symlink sbin -> usr/sbin: [WinError 1314] A required privilege is not held by the client: 'usr/sbin' -> 'C:\\Users\\Acer\\AppData\\Local\\Temp\\scanner_fs_i4qzc315\\rootfs\\sbin'
2026-08-23T18:24:45+0530 WARNING container_scanner Skipping symlink usr/bin/awk -> /etc/alternatives/awk: [WinError 1314] A required privilege is not held by the client: '../../etc/alternatives/awk' -> 'C:\\Users\\Acer\\AppData\\Local\\Temp\\scanner_fs_i4qzc315\\rootfs\\usr\\bin\\awk'
2026-08-23T18:24:45+0530 WARNING container_scanner Skipping symlink usr/bin/captoinfo -> tic: [WinError 1314] A required privilege is not held by the client: 'tic' -> 'C:\\Users\\Acer\\AppData\\Local\\Temp\\scanner_fs_i4qzc315\\rootfs\\usr\\bin\\captoinfo'
2026-08-23T18:24:45+0530 WARNING container_scanner Skipping symlink usr/bin/dnsdomainname -> hostname: [WinError 1314] A required privilege is not held by the client: 'hostname' -> 'C:\\Users\\Acer\\AppData\\Local\\Temp\\scanner_fs_i4qzc315\\rootfs\\usr\\bin\\dnsdomainname'
2026-08-23T18:24:45+0530 WARNING container_scanner Skipping symlink usr/bin/domainname -> hostname: [WinError 1314] A required privilege is not held by the client: 'hostname' -> 'C:\\Users\\Acer\\AppData\\Local\\Temp\\scanner_fs_i4qzc315\\rootfs\\usr\\bin\\domainname'
2026-08-23T18:24:45+0530 WARNING container_scanner Skipping symlink usr/bin/i386 -> setarch: [WinError 1314] A required privilege is not held by the client: 'setarch' -> 'C:\\Users\\Acer\\AppData\\Local\\Temp\\scanner_fs_i4qzc315\\rootfs\\usr\\bin\\i386'
2026-08-23T18:24:45+0530 WARNING container_scanner Skipping symlink usr/bin/infotocap -> tic: [WinError 1314] A required privilege is not held by the client: 'tic' -> 'C:\\Users\\Acer\\AppData\\Local\\Temp\\scanner_fs_i4qzc315\\rootfs\\usr\\bin\\infotocap'
2026-08-23T18:24:45+0530 WARNING container_scanner Skipping unsafe symlink usr/bin/ld.so -> ../lib64/ld-linux-x86-64.so.2
2026-08-23T18:24:45+0530 WARNING container_scanner Skipping symlink usr/bin/linux32 -> setarch: [WinError 1314] A required privilege is not held by the client: 'setarch' -> 'C:\\Users\\Acer\\AppData\\Local\\Temp\\scanner_fs_i4qzc315\\rootfs\\usr\\bin\\linux32'
2026-08-23T18:24:45+0530 WARNING container_scanner Skipping symlink usr/bin/linux64 -> setarch: [WinError 1314] A required privilege is not held by the client: 'setarch' -> 'C:\\Users\\Acer\\AppData\\Local\\Temp\\scanner_fs_i4qzc315\\rootfs\\usr\\bin\\linux64'
2026-08-23T18:24:45+0530 WARNING container_scanner Skipping symlink usr/bin/nawk -> /etc/alternatives/nawk: [WinError 1314] A required privilege is not held by the client: '../../etc/alternatives/nawk' -> 'C:\\Users\\Acer\\AppData\\Local\\Temp\\scanner_fs_i4qzc315\\rootfs\\usr\\bin\\nawk'
2026-08-23T18:24:45+0530 WARNING container_scanner Skipping symlink usr/bin/nisdomainname -> hostname: [WinError 1314] A required privilege is not held by the client: 'hostname' -> 'C:\\Users\\Acer\\AppData\\Local\\Temp\\scanner_fs_i4qzc315\\rootfs\\usr\\bin\\nisdomainname'
2026-08-23T18:24:45+0530 WARNING container_scanner Skipping symlink usr/bin/pager -> /etc/alternatives/pager: [WinError 1314] A required privilege is not held by the client: '../../etc/alternatives/pager' -> 'C:\\Users\\Acer\\AppData\\Local\\Temp\\scanner_fs_i4qzc315\\rootfs\\usr\\bin\\pager'
2026-08-23T18:24:45+0530 WARNING container_scanner Skipping unsafe symlink usr/bin/pidof -> ../sbin/killall5
2026-08-23T18:24:45+0530 WARNING container_scanner Skipping symlink usr/bin/rbash -> bash: [WinError 1314] A required privilege is not held by the client: 'bash' -> 'C:\\Users\\Acer\\AppData\\Local\\Temp\\scanner_fs_i4qzc315\\rootfs\\usr\\bin\\rbash'
2026-08-23T18:24:45+0530 WARNING container_scanner Skipping symlink usr/bin/reset -> tset: [WinError 1314] A required privilege is not held by the client: 'tset' -> 'C:\\Users\\Acer\\AppData\\Local\\Temp\\scanner_fs_i4qzc315\\rootfs\\usr\\bin\\reset'
2026-08-23T18:24:45+0530 WARNING container_scanner Skipping symlink usr/bin/sg -> newgrp: [WinError 1314] A required privilege is not held by the client: 'newgrp' -> 'C:\\Users\\Acer\\AppData\\Local\\Temp\\scanner_fs_i4qzc315\\rootfs\\usr\\bin\\sg'
2026-08-23T18:24:45+0530 WARNING container_scanner Skipping symlink usr/bin/sh -> dash: [WinError 1314] A required privilege is not held by the client: 'dash' -> 'C:\\Users\\Acer\\AppData\\Local\\Temp\\scanner_fs_i4qzc315\\rootfs\\usr\\bin\\sh'
2026-08-23T18:24:45+0530 WARNING container_scanner Skipping symlink usr/bin/uncompress -> gunzip: [WinError 1314] A required privilege is not held by the client: 'gunzip' -> 'C:\\Users\\Acer\\AppData\\Local\\Temp\\scanner_fs_i4qzc315\\rootfs\\usr\\bin\\uncompress'
2026-08-23T18:24:46+0530 WARNING container_scanner Skipping symlink usr/bin/which -> /etc/alternatives/which: [WinError 1314] A required privilege is not held by the client: '../../etc/alternatives/which' -> 'C:\\Users\\Acer\\AppData\\Local\\Temp\\scanner_fs_i4qzc315\\rootfs\\usr\\bin\\which'
2026-08-23T18:24:46+0530 WARNING container_scanner Skipping symlink usr/bin/x86_64 -> setarch: [WinError 1314] A required privilege is not held by the client: 'setarch' -> 'C:\\Users\\Acer\\AppData\\Local\\Temp\\scanner_fs_i4qzc315\\rootfs\\usr\\bin\\x86_64'
2026-08-23T18:24:46+0530 WARNING container_scanner Skipping symlink usr/bin/ypdomainname -> hostname: [WinError 1314] A required privilege is not held by the client: 'hostname' -> 'C:\\Users\\Acer\\AppData\\Local\\Temp\\scanner_fs_i4qzc315\\rootfs\\usr\\bin\\ypdomainname'
2026-08-23T18:24:46+0530 WARNING container_scanner Skipping symlink usr/lib/apt/methods/https -> http: [WinError 1314] A required privilege is not held by the client: 'http' -> 'C:\\Users\\Acer\\AppData\\Local\\Temp\\scanner_fs_i4qzc315\\rootfs\\usr\\lib\\apt\\methods\\https'
2026-08-23T18:24:46+0530 WARNING container_scanner Skipping symlink usr/lib/apt/methods/mirror+copy -> mirror: [WinError 1314] A required privilege is not held by the client: 'mirror' -> 'C:\\Users\\Acer\\AppData\\Local\\Temp\\scanner_fs_i4qzc315\\rootfs\\usr\\lib\\apt\\methods\\mirror+copy'
2026-08-23T18:24:46+0530 WARNING container_scanner Skipping symlink usr/lib/apt/methods/mirror+file -> mirror: [WinError 1314] A required privilege is not held by the client: 'mirror' -> 'C:\\Users\\Acer\\AppData\\Local\\Temp\\scanner_fs_i4qzc315\\rootfs\\usr\\lib\\apt\\methods\\mirror+file'
2026-08-23T18:24:46+0530 WARNING container_scanner Skipping symlink usr/lib/apt/methods/mirror+http -> mirror: [WinError 1314] A required privilege is not held by the client: 'mirror' -> 'C:\\Users\\Acer\\AppData\\Local\\Temp\\scanner_fs_i4qzc315\\rootfs\\usr\\lib\\apt\\methods\\mirror+http'
2026-08-23T18:24:46+0530 WARNING container_scanner Skipping symlink usr/lib/apt/methods/mirror+https -> mirror: [WinError 1314] A required privilege is not held by the client: 'mirror' -> 'C:\\Users\\Acer\\AppData\\Local\\Temp\\scanner_fs_i4qzc315\\rootfs\\usr\\lib\\apt\\methods\\mirror+https'
2026-08-23T18:24:46+0530 WARNING container_scanner Skipping unsafe symlink usr/lib/apt/planners/dump -> ../solvers/dump
2026-08-23T18:24:46+0530 WARNING container_scanner Skipping symlink usr/lib/x86_64-linux-gnu/libacl.so.1 -> libacl.so.1.1.2302: [WinError 1314] A required privilege is not held by the client: 'libacl.so.1.1.2302' -> 'C:\\Users\\Acer\\AppData\\Local\\Temp\\scanner_fs_i4qzc315\\rootfs\\usr\\lib\\x86_64-linux-gnu\\libacl.so.1'
2026-08-23T18:24:46+0530 WARNING container_scanner Skipping symlink usr/lib/x86_64-linux-gnu/libapt-pkg.so.7.0 -> libapt-pkg.so.7.0.0: [WinError 1314] A required privilege is not held by the client: 'libapt-pkg.so.7.0.0' -> 'C:\\Users\\Acer\\AppData\\Local\\Temp\\scanner_fs_i4qzc315\\rootfs\\usr\\lib\\x86_64-linux-gnu\\libapt-pkg.so.7.0'
2026-08-23T18:24:46+0530 WARNING container_scanner Skipping symlink usr/lib/x86_64-linux-gnu/libapt-private.so.0.0 -> libapt-private.so.0.0.0: [WinError 1314] A required privilege is not held by the client: 'libapt-private.so.0.0.0' -> 'C:\\Users\\Acer\\AppData\\Local\\Temp\\scanner_fs_i4qzc315\\rootfs\\usr\\lib\\x86_64-linux-gnu\\libapt-private.so.0.0'
2026-08-23T18:24:47+0530 WARNING container_scanner Skipping symlink usr/lib/x86_64-linux-gnu/libattr.so.1 -> libattr.so.1.1.2502: [WinError 1314] A required privilege is not held by the client: 'libattr.so.1.1.2502' -> 'C:\\Users\\Acer\\AppData\\Local\\Temp\\scanner_fs_i4qzc315\\rootfs\\usr\\lib\\x86_64-linux-gnu\\libattr.so.1'
2026-08-23T18:24:47+0530 WARNING container_scanner Skipping symlink usr/lib/x86_64-linux-gnu/libaudit.so.1 -> libaudit.so.1.0.0: [WinError 1314] A required privilege is not held by the client: 'libaudit.so.1.0.0' -> 'C:\\Users\\Acer\\AppData\\Local\\Temp\\scanner_fs_i4qzc315\\rootfs\\usr\\lib\\x86_64-linux-gnu\\libaudit.so.1'
2026-08-23T18:24:47+0530 WARNING container_scanner Skipping symlink usr/lib/x86_64-linux-gnu/libblkid.so.1 -> libblkid.so.1.1.0: [WinError 1314] A required privilege is not held by the client: 'libblkid.so.1.1.0' -> 'C:\\Users\\Acer\\AppData\\Local\\Temp\\scanner_fs_i4qzc315\\rootfs\\usr\\lib\\x86_64-linux-gnu\\libblkid.so.1'
2026-08-23T18:24:47+0530 WARNING container_scanner Skipping symlink usr/lib/x86_64-linux-gnu/libbsd.so.0 -> libbsd.so.0.12.2: [WinError 1314] A required privilege is not held by the client: 'libbsd.so.0.12.2' -> 'C:\\Users\\Acer\\AppData\\Local\\Temp\\scanner_fs_i4qzc315\\rootfs\\usr\\lib\\x86_64-linux-gnu\\libbsd.so.0'
2026-08-23T18:24:47+0530 WARNING container_scanner Skipping symlink usr/lib/x86_64-linux-gnu/libbz2.so.1 -> libbz2.so.1.0.4: [WinError 1314] A required privilege is not held by the client: 'libbz2.so.1.0.4' -> 'C:\\Users\\Acer\\AppData\\Local\\Temp\\scanner_fs_i4qzc315\\rootfs\\usr\\lib\\x86_64-linux-gnu\\libbz2.so.1'
2026-08-23T18:24:47+0530 WARNING container_scanner Skipping symlink usr/lib/x86_64-linux-gnu/libbz2.so.1.0 -> libbz2.so.1.0.4: [WinError 1314] A required privilege is not held by the client: 'libbz2.so.1.0.4' -> 'C:\\Users\\Acer\\AppData\\Local\\Temp\\scanner_fs_i4qzc315\\rootfs\\usr\\lib\\x86_64-linux-gnu\\libbz2.so.1.0'
2026-08-23T18:24:47+0530 WARNING container_scanner Skipping symlink usr/lib/x86_64-linux-gnu/libcap-ng.so.0 -> libcap-ng.so.0.0.0: [WinError 1314] A required privilege is not held by the client: 'libcap-ng.so.0.0.0' -> 'C:\\Users\\Acer\\AppData\\Local\\Temp\\scanner_fs_i4qzc315\\rootfs\\usr\\lib\\x86_64-linux-gnu\\libcap-ng.so.0'
2026-08-23T18:24:47+0530 WARNING container_scanner Skipping symlink usr/lib/x86_64-linux-gnu/libcap.so.2 -> libcap.so.2.75: [WinError 1314] A required privilege is not held by the client: 'libcap.so.2.75' -> 'C:\\Users\\Acer\\AppData\\Local\\Temp\\scanner_fs_i4qzc315\\rootfs\\usr\\lib\\x86_64-linux-gnu\\libcap.so.2'
2026-08-23T18:24:47+0530 WARNING container_scanner Skipping symlink usr/lib/x86_64-linux-gnu/libcrypt.so.1 -> libcrypt.so.1.1.0: [WinError 1314] A required privilege is not held by the client: 'libcrypt.so.1.1.0' -> 'C:\\Users\\Acer\\AppData\\Local\\Temp\\scanner_fs_i4qzc315\\rootfs\\usr\\lib\\x86_64-linux-gnu\\libcrypt.so.1'
2026-08-23T18:24:47+0530 WARNING container_scanner Skipping symlink usr/lib/x86_64-linux-gnu/libdebconfclient.so.0 -> libdebconfclient.so.0.0.0: [WinError 1314] A required privilege is not held by the client: 'libdebconfclient.so.0.0.0' -> 'C:\\Users\\Acer\\AppData\\Local\\Temp\\scanner_fs_i4qzc315\\rootfs\\usr\\lib\\x86_64-linux-gnu\\libdebconfclient.so.0'
2026-08-23T18:24:47+0530 WARNING container_scanner Skipping symlink usr/lib/x86_64-linux-gnu/libdrop_ambient.so.0 -> libdrop_ambient.so.0.0.0: [WinError 1314] A required privilege is not held by the client: 'libdrop_ambient.so.0.0.0' -> 'C:\\Users\\Acer\\AppData\\Local\\Temp\\scanner_fs_i4qzc315\\rootfs\\usr\\lib\\x86_64-linux-gnu\\libdrop_ambient.so.0'
2026-08-23T18:24:47+0530 WARNING container_scanner Skipping symlink usr/lib/x86_64-linux-gnu/libgmp.so.10 -> libgmp.so.10.5.0: [WinError 1314] A required privilege is not held by the client: 'libgmp.so.10.5.0' -> 'C:\\Users\\Acer\\AppData\\Local\\Temp\\scanner_fs_i4qzc315\\rootfs\\usr\\lib\\x86_64-linux-gnu\\libgmp.so.10'
2026-08-23T18:24:47+0530 WARNING container_scanner Skipping symlink usr/lib/x86_64-linux-gnu/libhogweed.so.6 -> libhogweed.so.6.10: [WinError 1314] A required privilege is not held by the client: 'libhogweed.so.6.10' -> 'C:\\Users\\Acer\\AppData\\Local\\Temp\\scanner_fs_i4qzc315\\rootfs\\usr\\lib\\x86_64-linux-gnu\\libhogweed.so.6'
2026-08-23T18:24:47+0530 WARNING container_scanner Skipping symlink usr/lib/x86_64-linux-gnu/liblastlog2.so.2 -> liblastlog2.so.2.0.0: [WinError 1314] A required privilege is not held by the client: 'liblastlog2.so.2.0.0' -> 'C:\\Users\\Acer\\AppData\\Local\\Temp\\scanner_fs_i4qzc315\\rootfs\\usr\\lib\\x86_64-linux-gnu\\liblastlog2.so.2'
2026-08-23T18:24:47+0530 WARNING container_scanner Skipping symlink usr/lib/x86_64-linux-gnu/liblz4.so.1 -> liblz4.so.1.10.0: [WinError 1314] A required privilege is not held by the client: 'liblz4.so.1.10.0' -> 'C:\\Users\\Acer\\AppData\\Local\\Temp\\scanner_fs_i4qzc315\\rootfs\\usr\\lib\\x86_64-linux-gnu\\liblz4.so.1'
2026-08-23T18:24:47+0530 WARNING container_scanner Skipping symlink usr/lib/x86_64-linux-gnu/liblzma.so.5 -> liblzma.so.5.8.1: [WinError 1314] A required privilege is not held by the client: 'liblzma.so.5.8.1' -> 'C:\\Users\\Acer\\AppData\\Local\\Temp\\scanner_fs_i4qzc315\\rootfs\\usr\\lib\\x86_64-linux-gnu\\liblzma.so.5'
2026-08-23T18:24:47+0530 WARNING container_scanner Skipping symlink usr/lib/x86_64-linux-gnu/libmd.so.0 -> libmd.so.0.1.0: [WinError 1314] A required privilege is not held by the client: 'libmd.so.0.1.0' -> 'C:\\Users\\Acer\\AppData\\Local\\Temp\\scanner_fs_i4qzc315\\rootfs\\usr\\lib\\x86_64-linux-gnu\\libmd.so.0'
2026-08-23T18:24:47+0530 WARNING container_scanner Skipping symlink usr/lib/x86_64-linux-gnu/libmount.so.1 -> libmount.so.1.1.0: [WinError 1314] A required privilege is not held by the client: 'libmount.so.1.1.0' -> 'C:\\Users\\Acer\\AppData\\Local\\Temp\\scanner_fs_i4qzc315\\rootfs\\usr\\lib\\x86_64-linux-gnu\\libmount.so.1'
2026-08-23T18:24:47+0530 WARNING container_scanner Skipping symlink usr/lib/x86_64-linux-gnu/libnettle.so.8 -> libnettle.so.8.10: [WinError 1314] A required privilege is not held by the client: 'libnettle.so.8.10' -> 'C:\\Users\\Acer\\AppData\\Local\\Temp\\scanner_fs_i4qzc315\\rootfs\\usr\\lib\\x86_64-linux-gnu\\libnettle.so.8'
2026-08-23T18:24:47+0530 WARNING container_scanner Skipping symlink usr/lib/x86_64-linux-gnu/libpam.so.0 -> libpam.so.0.85.1: [WinError 1314] A required privilege is not held by the client: 'libpam.so.0.85.1' -> 'C:\\Users\\Acer\\AppData\\Local\\Temp\\scanner_fs_i4qzc315\\rootfs\\usr\\lib\\x86_64-linux-gnu\\libpam.so.0'
2026-08-23T18:24:47+0530 WARNING container_scanner Skipping symlink usr/lib/x86_64-linux-gnu/libpam_misc.so.0 -> libpam_misc.so.0.82.1: [WinError 1314] A required privilege is not held by the client: 'libpam_misc.so.0.82.1' -> 'C:\\Users\\Acer\\AppData\\Local\\Temp\\scanner_fs_i4qzc315\\rootfs\\usr\\lib\\x86_64-linux-gnu\\libpam_misc.so.0'
2026-08-23T18:24:47+0530 WARNING container_scanner Skipping symlink usr/lib/x86_64-linux-gnu/libpamc.so.0 -> libpamc.so.0.82.1: [WinError 1314] A required privilege is not held by the client: 'libpamc.so.0.82.1' -> 'C:\\Users\\Acer\\AppData\\Local\\Temp\\scanner_fs_i4qzc315\\rootfs\\usr\\lib\\x86_64-linux-gnu\\libpamc.so.0'
2026-08-23T18:24:47+0530 WARNING container_scanner Skipping symlink usr/lib/x86_64-linux-gnu/libpcre2-8.so.0 -> libpcre2-8.so.0.14.0: [WinError 1314] A required privilege is not held by the client: 'libpcre2-8.so.0.14.0' -> 'C:\\Users\\Acer\\AppData\\Local\\Temp\\scanner_fs_i4qzc315\\rootfs\\usr\\lib\\x86_64-linux-gnu\\libpcre2-8.so.0'
2026-08-23T18:24:47+0530 WARNING container_scanner Skipping symlink usr/lib/x86_64-linux-gnu/libpsx.so.2 -> libpsx.so.2.75: [WinError 1314] A required privilege is not held by the client: 'libpsx.so.2.75' -> 'C:\\Users\\Acer\\AppData\\Local\\Temp\\scanner_fs_i4qzc315\\rootfs\\usr\\lib\\x86_64-linux-gnu\\libpsx.so.2'
2026-08-23T18:24:47+0530 WARNING container_scanner Skipping symlink usr/lib/x86_64-linux-gnu/libseccomp.so.2 -> libseccomp.so.2.6.0: [WinError 1314] A required privilege is not held by the client: 'libseccomp.so.2.6.0' -> 'C:\\Users\\Acer\\AppData\\Local\\Temp\\scanner_fs_i4qzc315\\rootfs\\usr\\lib\\x86_64-linux-gnu\\libseccomp.so.2'
2026-08-23T18:24:47+0530 WARNING container_scanner Skipping symlink usr/lib/x86_64-linux-gnu/libsmartcols.so.1 -> libsmartcols.so.1.1.0: [WinError 1314] A required privilege is not held by the client: 'libsmartcols.so.1.1.0' -> 'C:\\Users\\Acer\\AppData\\Local\\Temp\\scanner_fs_i4qzc315\\rootfs\\usr\\lib\\x86_64-linux-gnu\\libsmartcols.so.1'
2026-08-23T18:24:47+0530 WARNING container_scanner Skipping symlink usr/lib/x86_64-linux-gnu/libsqlite3.so.0 -> libsqlite3.so.0.8.6: [WinError 1314] A required privilege is not held by the client: 'libsqlite3.so.0.8.6' -> 'C:\\Users\\Acer\\AppData\\Local\\Temp\\scanner_fs_i4qzc315\\rootfs\\usr\\lib\\x86_64-linux-gnu\\libsqlite3.so.0'
2026-08-23T18:24:47+0530 WARNING container_scanner Skipping symlink usr/lib/x86_64-linux-gnu/libstdc++.so.6 -> libstdc++.so.6.0.33: [WinError 1314] A required privilege is not held by the client: 'libstdc++.so.6.0.33' -> 'C:\\Users\\Acer\\AppData\\Local\\Temp\\scanner_fs_i4qzc315\\rootfs\\usr\\lib\\x86_64-linux-gnu\\libstdc++.so.6'
2026-08-23T18:24:47+0530 WARNING container_scanner Skipping symlink usr/lib/x86_64-linux-gnu/libsystemd.so.0 -> libsystemd.so.0.40.0: [WinError 1314] A required privilege is not held by the client: 'libsystemd.so.0.40.0' -> 'C:\\Users\\Acer\\AppData\\Local\\Temp\\scanner_fs_i4qzc315\\rootfs\\usr\\lib\\x86_64-linux-gnu\\libsystemd.so.0'
2026-08-23T18:24:47+0530 WARNING container_scanner Skipping symlink usr/lib/x86_64-linux-gnu/libtic.so.6 -> libtic.so.6.5: [WinError 1314] A required privilege is not held by the client: 'libtic.so.6.5' -> 'C:\\Users\\Acer\\AppData\\Local\\Temp\\scanner_fs_i4qzc315\\rootfs\\usr\\lib\\x86_64-linux-gnu\\libtic.so.6'
2026-08-23T18:24:47+0530 WARNING container_scanner Skipping symlink usr/lib/x86_64-linux-gnu/libtinfo.so.6 -> libtinfo.so.6.5: [WinError 1314] A required privilege is not held by the client: 'libtinfo.so.6.5' -> 'C:\\Users\\Acer\\AppData\\Local\\Temp\\scanner_fs_i4qzc315\\rootfs\\usr\\lib\\x86_64-linux-gnu\\libtinfo.so.6'
2026-08-23T18:24:47+0530 WARNING container_scanner Skipping symlink usr/lib/x86_64-linux-gnu/libudev.so.1 -> libudev.so.1.7.10: [WinError 1314] A required privilege is not held by the client: 'libudev.so.1.7.10' -> 'C:\\Users\\Acer\\AppData\\Local\\Temp\\scanner_fs_i4qzc315\\rootfs\\usr\\lib\\x86_64-linux-gnu\\libudev.so.1'
2026-08-23T18:24:47+0530 WARNING container_scanner Skipping symlink usr/lib/x86_64-linux-gnu/libuuid.so.1 -> libuuid.so.1.3.0: [WinError 1314] A required privilege is not held by the client: 'libuuid.so.1.3.0' -> 'C:\\Users\\Acer\\AppData\\Local\\Temp\\scanner_fs_i4qzc315\\rootfs\\usr\\lib\\x86_64-linux-gnu\\libuuid.so.1'
2026-08-23T18:24:47+0530 WARNING container_scanner Skipping symlink usr/lib/x86_64-linux-gnu/libxxhash.so.0 -> libxxhash.so.0.8.3: [WinError 1314] A required privilege is not held by the client: 'libxxhash.so.0.8.3' -> 'C:\\Users\\Acer\\AppData\\Local\\Temp\\scanner_fs_i4qzc315\\rootfs\\usr\\lib\\x86_64-linux-gnu\\libxxhash.so.0'
2026-08-23T18:24:47+0530 WARNING container_scanner Skipping symlink usr/lib/x86_64-linux-gnu/libz.so.1 -> libz.so.1.3.1: [WinError 1314] A required privilege is not held by the client: 'libz.so.1.3.1' -> 'C:\\Users\\Acer\\AppData\\Local\\Temp\\scanner_fs_i4qzc315\\rootfs\\usr\\lib\\x86_64-linux-gnu\\libz.so.1'
2026-08-23T18:24:47+0530 WARNING container_scanner Skipping symlink usr/lib/x86_64-linux-gnu/libzstd.so.1 -> libzstd.so.1.5.7: [WinError 1314] A required privilege is not held by the client: 'libzstd.so.1.5.7' -> 'C:\\Users\\Acer\\AppData\\Local\\Temp\\scanner_fs_i4qzc315\\rootfs\\usr\\lib\\x86_64-linux-gnu\\libzstd.so.1'
2026-08-23T18:24:49+0530 WARNING container_scanner Skipping unsafe symlink usr/lib64/ld-linux-x86-64.so.2 -> ../lib/x86_64-linux-gnu/ld-linux-x86-64.so.2
2026-08-23T18:24:49+0530 WARNING container_scanner Skipping symlink usr/local/man -> share/man: [WinError 1314] A required privilege is not held by the client: 'share/man' -> 'C:\\Users\\Acer\\AppData\\Local\\Temp\\scanner_fs_i4qzc315\\rootfs\\usr\\local\\man'
2026-08-23T18:24:49+0530 WARNING container_scanner Skipping symlink usr/sbin/getty -> agetty: [WinError 1314] A required privilege is not held by the client: 'agetty' -> 'C:\\Users\\Acer\\AppData\\Local\\Temp\\scanner_fs_i4qzc315\\rootfs\\usr\\sbin\\getty'
2026-08-23T18:24:49+0530 WARNING container_scanner Skipping symlink usr/sbin/rmt -> /etc/alternatives/rmt: [WinError 1314] A required privilege is not held by the client: '../../etc/alternatives/rmt' -> 'C:\\Users\\Acer\\AppData\\Local\\Temp\\scanner_fs_i4qzc315\\rootfs\\usr\\sbin\\rmt'
2026-08-23T18:24:49+0530 WARNING container_scanner Skipping symlink usr/sbin/vigr -> vipw: [WinError 1314] A required privilege is not held by the client: 'vipw' -> 'C:\\Users\\Acer\\AppData\\Local\\Temp\\scanner_fs_i4qzc315\\rootfs\\usr\\sbin\\vigr'
2026-08-23T18:24:49+0530 WARNING container_scanner Skipping symlink usr/share/bash-completion/completions/debconf-show -> debconf: [WinError 1314] A required privilege is not held by the client: 'debconf' -> 'C:\\Users\\Acer\\AppData\\Local\\Temp\\scanner_fs_i4qzc315\\rootfs\\usr\\share\\bash-completion\\completions\\debconf-show'
2026-08-23T18:24:49+0530 WARNING container_scanner Skipping symlink usr/share/bash-completion/completions/runuser -> su: [WinError 1314] A required privilege is not held by the client: 'su' -> 'C:\\Users\\Acer\\AppData\\Local\\Temp\\scanner_fs_i4qzc315\\rootfs\\usr\\share\\bash-completion\\completions\\runuser'
2026-08-23T18:24:49+0530 WARNING container_scanner Skipping symlink usr/share/common-licenses/GFDL -> GFDL-1.3: [WinError 1314] A required privilege is not held by the client: 'GFDL-1.3' -> 'C:\\Users\\Acer\\AppData\\Local\\Temp\\scanner_fs_i4qzc315\\rootfs\\usr\\share\\common-licenses\\GFDL'
2026-08-23T18:24:49+0530 WARNING container_scanner Skipping symlink usr/share/common-licenses/GPL -> GPL-3: [WinError 1314] A required privilege is not held by the client: 'GPL-3' -> 'C:\\Users\\Acer\\AppData\\Local\\Temp\\scanner_fs_i4qzc315\\rootfs\\usr\\share\\common-licenses\\GPL'
2026-08-23T18:24:49+0530 WARNING container_scanner Skipping symlink usr/share/common-licenses/LGPL -> LGPL-3: [WinError 1314] A required privilege is not held by the client: 'LGPL-3' -> 'C:\\Users\\Acer\\AppData\\Local\\Temp\\scanner_fs_i4qzc315\\rootfs\\usr\\share\\common-licenses\\LGPL'
2026-08-23T18:24:49+0530 WARNING container_scanner Skipping symlink usr/share/doc/libgcc-s1 -> gcc-14-base: [WinError 1314] A required privilege is not held by the client: 'gcc-14-base' -> 'C:\\Users\\Acer\\AppData\\Local\\Temp\\scanner_fs_i4qzc315\\rootfs\\usr\\share\\doc\\libgcc-s1'
2026-08-23T18:24:49+0530 WARNING container_scanner Skipping symlink usr/share/doc/libstdc++6 -> gcc-14-base: [WinError 1314] A required privilege is not held by the client: 'gcc-14-base' -> 'C:\\Users\\Acer\\AppData\\Local\\Temp\\scanner_fs_i4qzc315\\rootfs\\usr\\share\\doc\\libstdc++6'
2026-08-23T18:24:50+0530 WARNING container_scanner Skipping symlink usr/share/keyrings/debian-archive-bookworm-automatic.gpg -> debian-archive-bookworm-automatic.pgp: [WinError 1314] A required privilege is not held by the client: 'debian-archive-bookworm-automatic.pgp' -> 'C:\\Users\\Acer\\AppData\\Local\\Temp\\scanner_fs_i4qzc315\\rootfs\\usr\\share\\keyrings\\debian-archive-bookworm-automatic.gpg'
2026-08-23T18:24:50+0530 WARNING container_scanner Skipping symlink usr/share/keyrings/debian-archive-bookworm-security-automatic.gpg -> debian-archive-bookworm-security-automatic.pgp: [WinError 1314] A required privilege is not held by the client: 'debian-archive-bookworm-security-automatic.pgp' -> 'C:\\Users\\Acer\\AppData\\Local\\Temp\\scanner_fs_i4qzc315\\rootfs\\usr\\share\\keyrings\\debian-archive-bookworm-security-automatic.gpg'
2026-08-23T18:24:50+0530 WARNING container_scanner Skipping symlink usr/share/keyrings/debian-archive-bookworm-stable.gpg -> debian-archive-bookworm-stable.pgp: [WinError 1314] A required privilege is not held by the client: 'debian-archive-bookworm-stable.pgp' -> 'C:\\Users\\Acer\\AppData\\Local\\Temp\\scanner_fs_i4qzc315\\rootfs\\usr\\share\\keyrings\\debian-archive-bookworm-stable.gpg'
2026-08-23T18:24:50+0530 WARNING container_scanner Skipping symlink usr/share/keyrings/debian-archive-bullseye-automatic.gpg -> debian-archive-bullseye-automatic.pgp: [WinError 1314] A required privilege is not held by the client: 'debian-archive-bullseye-automatic.pgp' -> 'C:\\Users\\Acer\\AppData\\Local\\Temp\\scanner_fs_i4qzc315\\rootfs\\usr\\share\\keyrings\\debian-archive-bullseye-automatic.gpg'
2026-08-23T18:24:50+0530 WARNING container_scanner Skipping symlink usr/share/keyrings/debian-archive-bullseye-security-automatic.gpg -> debian-archive-bullseye-security-automatic.pgp: [WinError 1314] A required privilege is not held by the client: 'debian-archive-bullseye-security-automatic.pgp' -> 'C:\\Users\\Acer\\AppData\\Local\\Temp\\scanner_fs_i4qzc315\\rootfs\\usr\\share\\keyrings\\debian-archive-bullseye-security-automatic.gpg'
2026-08-23T18:24:50+0530 WARNING container_scanner Skipping symlink usr/share/keyrings/debian-archive-bullseye-stable.gpg -> debian-archive-bullseye-stable.pgp: [WinError 1314] A required privilege is not held by the client: 'debian-archive-bullseye-stable.pgp' -> 'C:\\Users\\Acer\\AppData\\Local\\Temp\\scanner_fs_i4qzc315\\rootfs\\usr\\share\\keyrings\\debian-archive-bullseye-stable.gpg'
2026-08-23T18:24:50+0530 WARNING container_scanner Skipping symlink usr/share/keyrings/debian-archive-keyring.gpg -> debian-archive-keyring.pgp: [WinError 1314] A required privilege is not held by the client: 'debian-archive-keyring.pgp' -> 'C:\\Users\\Acer\\AppData\\Local\\Temp\\scanner_fs_i4qzc315\\rootfs\\usr\\share\\keyrings\\debian-archive-keyring.gpg'
2026-08-23T18:24:50+0530 WARNING container_scanner Skipping symlink usr/share/keyrings/debian-archive-removed-keys.gpg -> debian-archive-removed-keys.pgp: [WinError 1314] A required privilege is not held by the client: 'debian-archive-removed-keys.pgp' -> 'C:\\Users\\Acer\\AppData\\Local\\Temp\\scanner_fs_i4qzc315\\rootfs\\usr\\share\\keyrings\\debian-archive-removed-keys.gpg'
2026-08-23T18:24:50+0530 WARNING container_scanner Skipping symlink usr/share/keyrings/debian-archive-trixie-automatic.gpg -> debian-archive-trixie-automatic.pgp: [WinError 1314] A required privilege is not held by the client: 'debian-archive-trixie-automatic.pgp' -> 'C:\\Users\\Acer\\AppData\\Local\\Temp\\scanner_fs_i4qzc315\\rootfs\\usr\\share\\keyrings\\debian-archive-trixie-automatic.gpg'
2026-08-23T18:24:50+0530 WARNING container_scanner Skipping symlink usr/share/keyrings/debian-archive-trixie-security-automatic.gpg -> debian-archive-trixie-security-automatic.pgp: [WinError 1314] A required privilege is not held by the client: 'debian-archive-trixie-security-automatic.pgp' -> 'C:\\Users\\Acer\\AppData\\Local\\Temp\\scanner_fs_i4qzc315\\rootfs\\usr\\share\\keyrings\\debian-archive-trixie-security-automatic.gpg'
2026-08-23T18:24:50+0530 WARNING container_scanner Skipping symlink usr/share/keyrings/debian-archive-trixie-stable.gpg -> debian-archive-trixie-stable.pgp: [WinError 1314] A required privilege is not held by the client: 'debian-archive-trixie-stable.pgp' -> 'C:\\Users\\Acer\\AppData\\Local\\Temp\\scanner_fs_i4qzc315\\rootfs\\usr\\share\\keyrings\\debian-archive-trixie-stable.gpg'
2026-08-23T18:24:50+0530 WARNING container_scanner Skipping symlink usr/share/terminfo/E/Eterm-color -> Eterm: [WinError 1314] A required privilege is not held by the client: 'Eterm' -> 'C:\\Users\\Acer\\AppData\\Local\\Temp\\scanner_fs_i4qzc315\\rootfs\\usr\\share\\terminfo\\E\\Eterm-color'
2026-08-23T18:24:50+0530 WARNING container_scanner Skipping symlink usr/share/terminfo/r/rxvt-m -> rxvt-basic: [WinError 1314] A required privilege is not held by the client: 'rxvt-basic' -> 'C:\\Users\\Acer\\AppData\\Local\\Temp\\scanner_fs_i4qzc315\\rootfs\\usr\\share\\terminfo\\r\\rxvt-m'
2026-08-23T18:24:50+0530 WARNING container_scanner Skipping symlink usr/share/terminfo/x/xterm-debian -> xterm: [WinError 1314] A required privilege is not held by the client: 'xterm' -> 'C:\\Users\\Acer\\AppData\\Local\\Temp\\scanner_fs_i4qzc315\\rootfs\\usr\\share\\terminfo\\x\\xterm-debian'
2026-08-23T18:24:50+0530 WARNING container_scanner Skipping symlink usr/share/zoneinfo/Africa/Timbuktu -> Bamako: [WinError 1314] A required privilege is not held by the client: 'Bamako' -> 'C:\\Users\\Acer\\AppData\\Local\\Temp\\scanner_fs_i4qzc315\\rootfs\\usr\\share\\zoneinfo\\Africa\\Timbuktu'
2026-08-23T18:24:50+0530 WARNING container_scanner Skipping symlink usr/share/zoneinfo/America/Atka -> Adak: [WinError 1314] A required privilege is not held by the client: 'Adak' -> 'C:\\Users\\Acer\\AppData\\Local\\Temp\\scanner_fs_i4qzc315\\rootfs\\usr\\share\\zoneinfo\\America\\Atka'
2026-08-23T18:24:50+0530 WARNING container_scanner Skipping symlink usr/share/zoneinfo/America/Coral_Harbour -> Atikokan: [WinError 1314] A required privilege is not held by the client: 'Atikokan' -> 'C:\\Users\\Acer\\AppData\\Local\\Temp\\scanner_fs_i4qzc315\\rootfs\\usr\\share\\zoneinfo\\America\\Coral_Harbour'
2026-08-23T18:24:50+0530 WARNING container_scanner Skipping symlink usr/share/zoneinfo/America/Ensenada -> Tijuana: [WinError 1314] A required privilege is not held by the client: 'Tijuana' -> 'C:\\Users\\Acer\\AppData\\Local\\Temp\\scanner_fs_i4qzc315\\rootfs\\usr\\share\\zoneinfo\\America\\Ensenada'
2026-08-23T18:24:51+0530 WARNING container_scanner Skipping symlink usr/share/zoneinfo/America/Kralendijk -> Curacao: [WinError 1314] A required privilege is not held by the client: 'Curacao' -> 'C:\\Users\\Acer\\AppData\\Local\\Temp\\scanner_fs_i4qzc315\\rootfs\\usr\\share\\zoneinfo\\America\\Kralendijk'
2026-08-23T18:24:51+0530 WARNING container_scanner Skipping symlink usr/share/zoneinfo/America/Lower_Princes -> Curacao: [WinError 1314] A required privilege is not held by the client: 'Curacao' -> 'C:\\Users\\Acer\\AppData\\Local\\Temp\\scanner_fs_i4qzc315\\rootfs\\usr\\share\\zoneinfo\\America\\Lower_Princes'
2026-08-23T18:24:51+0530 WARNING container_scanner Skipping symlink usr/share/zoneinfo/America/Marigot -> Port_of_Spain: [WinError 1314] A required privilege is not held by the client: 'Port_of_Spain' -> 'C:\\Users\\Acer\\AppData\\Local\\Temp\\scanner_fs_i4qzc315\\rootfs\\usr\\share\\zoneinfo\\America\\Marigot'
2026-08-23T18:24:51+0530 WARNING container_scanner Skipping symlink usr/share/zoneinfo/America/Montreal -> Toronto: [WinError 1314] A required privilege is not held by the client: 'Toronto' -> 'C:\\Users\\Acer\\AppData\\Local\\Temp\\scanner_fs_i4qzc315\\rootfs\\usr\\share\\zoneinfo\\America\\Montreal'
2026-08-23T18:24:51+0530 WARNING container_scanner Skipping symlink usr/share/zoneinfo/America/Nipigon -> Toronto: [WinError 1314] A required privilege is not held by the client: 'Toronto' -> 'C:\\Users\\Acer\\AppData\\Local\\Temp\\scanner_fs_i4qzc315\\rootfs\\usr\\share\\zoneinfo\\America\\Nipigon'
2026-08-23T18:24:51+0530 WARNING container_scanner Skipping symlink usr/share/zoneinfo/America/Pangnirtung -> Iqaluit: [WinError 1314] A required privilege is not held by the client: 'Iqaluit' -> 'C:\\Users\\Acer\\AppData\\Local\\Temp\\scanner_fs_i4qzc315\\rootfs\\usr\\share\\zoneinfo\\America\\Pangnirtung'
2026-08-23T18:24:51+0530 WARNING container_scanner Skipping symlink usr/share/zoneinfo/America/Porto_Acre -> Rio_Branco: [WinError 1314] A required privilege is not held by the client: 'Rio_Branco' -> 'C:\\Users\\Acer\\AppData\\Local\\Temp\\scanner_fs_i4qzc315\\rootfs\\usr\\share\\zoneinfo\\America\\Porto_Acre'
2026-08-23T18:24:51+0530 WARNING container_scanner Skipping symlink usr/share/zoneinfo/America/Rainy_River -> Winnipeg: [WinError 1314] A required privilege is not held by the client: 'Winnipeg' -> 'C:\\Users\\Acer\\AppData\\Local\\Temp\\scanner_fs_i4qzc315\\rootfs\\usr\\share\\zoneinfo\\America\\Rainy_River'
2026-08-23T18:24:51+0530 WARNING container_scanner Skipping symlink usr/share/zoneinfo/America/Santa_Isabel -> Tijuana: [WinError 1314] A required privilege is not held by the client: 'Tijuana' -> 'C:\\Users\\Acer\\AppData\\Local\\Temp\\scanner_fs_i4qzc315\\rootfs\\usr\\share\\zoneinfo\\America\\Santa_Isabel'
2026-08-23T18:24:51+0530 WARNING container_scanner Skipping symlink usr/share/zoneinfo/America/Shiprock -> Denver: [WinError 1314] A required privilege is not held by the client: 'Denver' -> 'C:\\Users\\Acer\\AppData\\Local\\Temp\\scanner_fs_i4qzc315\\rootfs\\usr\\share\\zoneinfo\\America\\Shiprock'
2026-08-23T18:24:51+0530 WARNING container_scanner Skipping symlink usr/share/zoneinfo/America/St_Barthelemy -> Port_of_Spain: [WinError 1314] A required privilege is not held by the client: 'Port_of_Spain' -> 'C:\\Users\\Acer\\AppData\\Local\\Temp\\scanner_fs_i4qzc315\\rootfs\\usr\\share\\zoneinfo\\America\\St_Barthelemy'
2026-08-23T18:24:51+0530 WARNING container_scanner Skipping symlink usr/share/zoneinfo/America/Thunder_Bay -> Toronto: [WinError 1314] A required privilege is not held by the client: 'Toronto' -> 'C:\\Users\\Acer\\AppData\\Local\\Temp\\scanner_fs_i4qzc315\\rootfs\\usr\\share\\zoneinfo\\America\\Thunder_Bay'
2026-08-23T18:24:51+0530 WARNING container_scanner Skipping symlink usr/share/zoneinfo/America/Virgin -> St_Thomas: [WinError 1314] A required privilege is not held by the client: 'St_Thomas' -> 'C:\\Users\\Acer\\AppData\\Local\\Temp\\scanner_fs_i4qzc315\\rootfs\\usr\\share\\zoneinfo\\America\\Virgin'
2026-08-23T18:24:51+0530 WARNING container_scanner Skipping symlink usr/share/zoneinfo/America/Yellowknife -> Edmonton: [WinError 1314] A required privilege is not held by the client: 'Edmonton' -> 'C:\\Users\\Acer\\AppData\\Local\\Temp\\scanner_fs_i4qzc315\\rootfs\\usr\\share\\zoneinfo\\America\\Yellowknife'
2026-08-23T18:24:51+0530 WARNING container_scanner Skipping unsafe symlink usr/share/zoneinfo/Arctic/Longyearbyen -> ../Europe/Oslo
2026-08-23T18:24:51+0530 WARNING container_scanner Skipping symlink usr/share/zoneinfo/Asia/Chongqing -> Shanghai: [WinError 1314] A required privilege is not held by the client: 'Shanghai' -> 'C:\\Users\\Acer\\AppData\\Local\\Temp\\scanner_fs_i4qzc315\\rootfs\\usr\\share\\zoneinfo\\Asia\\Chongqing'
2026-08-23T18:24:51+0530 WARNING container_scanner Skipping symlink usr/share/zoneinfo/Asia/Harbin -> Shanghai: [WinError 1314] A required privilege is not held by the client: 'Shanghai' -> 'C:\\Users\\Acer\\AppData\\Local\\Temp\\scanner_fs_i4qzc315\\rootfs\\usr\\share\\zoneinfo\\Asia\\Harbin'
2026-08-23T18:24:51+0530 WARNING container_scanner Skipping unsafe symlink usr/share/zoneinfo/Asia/Istanbul -> ../Europe/Istanbul
2026-08-23T18:24:51+0530 WARNING container_scanner Skipping symlink usr/share/zoneinfo/Asia/Kashgar -> Urumqi: [WinError 1314] A required privilege is not held by the client: 'Urumqi' -> 'C:\\Users\\Acer\\AppData\\Local\\Temp\\scanner_fs_i4qzc315\\rootfs\\usr\\share\\zoneinfo\\Asia\\Kashgar'
2026-08-23T18:24:51+0530 WARNING container_scanner Skipping symlink usr/share/zoneinfo/Asia/Tel_Aviv -> Jerusalem: [WinError 1314] A required privilege is not held by the client: 'Jerusalem' -> 'C:\\Users\\Acer\\AppData\\Local\\Temp\\scanner_fs_i4qzc315\\rootfs\\usr\\share\\zoneinfo\\Asia\\Tel_Aviv'
2026-08-23T18:24:51+0530 WARNING container_scanner Skipping unsafe symlink usr/share/zoneinfo/Atlantic/Jan_Mayen -> ../Europe/Oslo
2026-08-23T18:24:51+0530 WARNING container_scanner Skipping symlink usr/share/zoneinfo/Australia/Canberra -> Sydney: [WinError 1314] A required privilege is not held by the client: 'Sydney' -> 'C:\\Users\\Acer\\AppData\\Local\\Temp\\scanner_fs_i4qzc315\\rootfs\\usr\\share\\zoneinfo\\Australia\\Canberra'
2026-08-23T18:24:51+0530 WARNING container_scanner Skipping symlink usr/share/zoneinfo/Australia/Currie -> Hobart: [WinError 1314] A required privilege is not held by the client: 'Hobart' -> 'C:\\Users\\Acer\\AppData\\Local\\Temp\\scanner_fs_i4qzc315\\rootfs\\usr\\share\\zoneinfo\\Australia\\Currie'
2026-08-23T18:24:51+0530 WARNING container_scanner Skipping symlink usr/share/zoneinfo/Australia/Yancowinna -> Broken_Hill: [WinError 1314] A required privilege is not held by the client: 'Broken_Hill' -> 'C:\\Users\\Acer\\AppData\\Local\\Temp\\scanner_fs_i4qzc315\\rootfs\\usr\\share\\zoneinfo\\Australia\\Yancowinna'
2026-08-23T18:24:51+0530 WARNING container_scanner Skipping symlink usr/share/zoneinfo/Etc/GMT+0 -> GMT: [WinError 1314] A required privilege is not held by the client: 'GMT' -> 'C:\\Users\\Acer\\AppData\\Local\\Temp\\scanner_fs_i4qzc315\\rootfs\\usr\\share\\zoneinfo\\Etc\\GMT+0'
2026-08-23T18:24:51+0530 WARNING container_scanner Skipping symlink usr/share/zoneinfo/Etc/GMT-0 -> GMT: [WinError 1314] A required privilege is not held by the client: 'GMT' -> 'C:\\Users\\Acer\\AppData\\Local\\Temp\\scanner_fs_i4qzc315\\rootfs\\usr\\share\\zoneinfo\\Etc\\GMT-0'
2026-08-23T18:24:51+0530 WARNING container_scanner Skipping symlink usr/share/zoneinfo/Etc/GMT0 -> GMT: [WinError 1314] A required privilege is not held by the client: 'GMT' -> 'C:\\Users\\Acer\\AppData\\Local\\Temp\\scanner_fs_i4qzc315\\rootfs\\usr\\share\\zoneinfo\\Etc\\GMT0'
2026-08-23T18:24:51+0530 WARNING container_scanner Skipping symlink usr/share/zoneinfo/Etc/Greenwich -> GMT: [WinError 1314] A required privilege is not held by the client: 'GMT' -> 'C:\\Users\\Acer\\AppData\\Local\\Temp\\scanner_fs_i4qzc315\\rootfs\\usr\\share\\zoneinfo\\Etc\\Greenwich'
2026-08-23T18:24:51+0530 WARNING container_scanner Skipping symlink usr/share/zoneinfo/Etc/UCT -> UTC: [WinError 1314] A required privilege is not held by the client: 'UTC' -> 'C:\\Users\\Acer\\AppData\\Local\\Temp\\scanner_fs_i4qzc315\\rootfs\\usr\\share\\zoneinfo\\Etc\\UCT'
2026-08-23T18:24:51+0530 WARNING container_scanner Skipping symlink usr/share/zoneinfo/Etc/Universal -> UTC: [WinError 1314] A required privilege is not held by the client: 'UTC' -> 'C:\\Users\\Acer\\AppData\\Local\\Temp\\scanner_fs_i4qzc315\\rootfs\\usr\\share\\zoneinfo\\Etc\\Universal'
2026-08-23T18:24:51+0530 WARNING container_scanner Skipping symlink usr/share/zoneinfo/Etc/Zulu -> UTC: [WinError 1314] A required privilege is not held by the client: 'UTC' -> 'C:\\Users\\Acer\\AppData\\Local\\Temp\\scanner_fs_i4qzc315\\rootfs\\usr\\share\\zoneinfo\\Etc\\Zulu'
2026-08-23T18:24:51+0530 WARNING container_scanner Skipping symlink usr/share/zoneinfo/Europe/Belfast -> London: [WinError 1314] A required privilege is not held by the client: 'London' -> 'C:\\Users\\Acer\\AppData\\Local\\Temp\\scanner_fs_i4qzc315\\rootfs\\usr\\share\\zoneinfo\\Europe\\Belfast'
2026-08-23T18:24:51+0530 WARNING container_scanner Skipping symlink usr/share/zoneinfo/Europe/Bratislava -> Prague: [WinError 1314] A required privilege is not held by the client: 'Prague' -> 'C:\\Users\\Acer\\AppData\\Local\\Temp\\scanner_fs_i4qzc315\\rootfs\\usr\\share\\zoneinfo\\Europe\\Bratislava'
2026-08-23T18:24:51+0530 WARNING container_scanner Skipping symlink usr/share/zoneinfo/Europe/Busingen -> Zurich: [WinError 1314] A required privilege is not held by the client: 'Zurich' -> 'C:\\Users\\Acer\\AppData\\Local\\Temp\\scanner_fs_i4qzc315\\rootfs\\usr\\share\\zoneinfo\\Europe\\Busingen'
2026-08-23T18:24:51+0530 WARNING container_scanner Skipping symlink usr/share/zoneinfo/Europe/Mariehamn -> Helsinki: [WinError 1314] A required privilege is not held by the client: 'Helsinki' -> 'C:\\Users\\Acer\\AppData\\Local\\Temp\\scanner_fs_i4qzc315\\rootfs\\usr\\share\\zoneinfo\\Europe\\Mariehamn'
2026-08-23T18:24:51+0530 WARNING container_scanner Skipping unsafe symlink usr/share/zoneinfo/Europe/Nicosia -> ../Asia/Nicosia
2026-08-23T18:24:51+0530 WARNING container_scanner Skipping symlink usr/share/zoneinfo/Europe/Podgorica -> Belgrade: [WinError 1314] A required privilege is not held by the client: 'Belgrade' -> 'C:\\Users\\Acer\\AppData\\Local\\Temp\\scanner_fs_i4qzc315\\rootfs\\usr\\share\\zoneinfo\\Europe\\Podgorica'
2026-08-23T18:24:51+0530 WARNING container_scanner Skipping symlink usr/share/zoneinfo/Europe/San_Marino -> Rome: [WinError 1314] A required privilege is not held by the client: 'Rome' -> 'C:\\Users\\Acer\\AppData\\Local\\Temp\\scanner_fs_i4qzc315\\rootfs\\usr\\share\\zoneinfo\\Europe\\San_Marino'
2026-08-23T18:24:51+0530 WARNING container_scanner Skipping symlink usr/share/zoneinfo/Europe/Tiraspol -> Chisinau: [WinError 1314] A required privilege is not held by the client: 'Chisinau' -> 'C:\\Users\\Acer\\AppData\\Local\\Temp\\scanner_fs_i4qzc315\\rootfs\\usr\\share\\zoneinfo\\Europe\\Tiraspol'
2026-08-23T18:24:51+0530 WARNING container_scanner Skipping symlink usr/share/zoneinfo/Europe/Vatican -> Rome: [WinError 1314] A required privilege is not held by the client: 'Rome' -> 'C:\\Users\\Acer\\AppData\\Local\\Temp\\scanner_fs_i4qzc315\\rootfs\\usr\\share\\zoneinfo\\Europe\\Vatican'
2026-08-23T18:24:51+0530 WARNING container_scanner Skipping symlink usr/share/zoneinfo/GMT -> Etc/GMT: [WinError 1314] A required privilege is not held by the client: 'Etc/GMT' -> 'C:\\Users\\Acer\\AppData\\Local\\Temp\\scanner_fs_i4qzc315\\rootfs\\usr\\share\\zoneinfo\\GMT'
2026-08-23T18:24:51+0530 WARNING container_scanner Skipping symlink usr/share/zoneinfo/Pacific/Johnston -> Honolulu: [WinError 1314] A required privilege is not held by the client: 'Honolulu' -> 'C:\\Users\\Acer\\AppData\\Local\\Temp\\scanner_fs_i4qzc315\\rootfs\\usr\\share\\zoneinfo\\Pacific\\Johnston'
2026-08-23T18:24:51+0530 WARNING container_scanner Skipping symlink usr/share/zoneinfo/Pacific/Samoa -> Pago_Pago: [WinError 1314] A required privilege is not held by the client: 'Pago_Pago' -> 'C:\\Users\\Acer\\AppData\\Local\\Temp\\scanner_fs_i4qzc315\\rootfs\\usr\\share\\zoneinfo\\Pacific\\Samoa'
2026-08-23T18:24:51+0530 WARNING container_scanner Skipping symlink usr/share/zoneinfo/Pacific/Yap -> Chuuk: [WinError 1314] A required privilege is not held by the client: 'Chuuk' -> 'C:\\Users\\Acer\\AppData\\Local\\Temp\\scanner_fs_i4qzc315\\rootfs\\usr\\share\\zoneinfo\\Pacific\\Yap'
2026-08-23T18:24:51+0530 WARNING container_scanner Skipping symlink usr/share/zoneinfo/UTC -> Etc/UTC: [WinError 1314] A required privilege is not held by the client: 'Etc/UTC' -> 'C:\\Users\\Acer\\AppData\\Local\\Temp\\scanner_fs_i4qzc315\\rootfs\\usr\\share\\zoneinfo\\UTC'
2026-08-23T18:24:51+0530 WARNING container_scanner Skipping symlink usr/share/zoneinfo/localtime -> /etc/localtime: [WinError 1314] A required privilege is not held by the client: '../../../etc/localtime' -> 'C:\\Users\\Acer\\AppData\\Local\\Temp\\scanner_fs_i4qzc315\\rootfs\\usr\\share\\zoneinfo\\localtime'
2026-08-23T18:24:51+0530 WARNING container_scanner Skipping symlink usr/share/zoneinfo/posixrules -> America/New_York: [WinError 1314] A required privilege is not held by the client: 'America/New_York' -> 'C:\\Users\\Acer\\AppData\\Local\\Temp\\scanner_fs_i4qzc315\\rootfs\\usr\\share\\zoneinfo\\posixrules'
2026-08-23T18:24:53+0530 WARNING container_scanner Skipping symlink var/lock -> /run/lock: [WinError 1314] A required privilege is not held by the client: '../run/lock' -> 'C:\\Users\\Acer\\AppData\\Local\\Temp\\scanner_fs_i4qzc315\\rootfs\\var\\lock'
2026-08-23T18:24:53+0530 WARNING container_scanner Skipping symlink var/run -> /run: [WinError 1314] A required privilege is not held by the client: '../run' -> 'C:\\Users\\Acer\\AppData\\Local\\Temp\\scanner_fs_i4qzc315\\rootfs\\var\\run'
2026-08-23T18:24:53+0530 WARNING container_scanner Skipping unsafe symlink var/spool/mail -> ../mail
2026-08-23T18:24:53+0530 INFO container_scanner Downloading layer sha256:746b934a...
2026-08-23T18:24:54+0530 INFO container_scanner Extracting 746b934a89606425f83753d36c89bf2ed6f83fb4fc03ee69cf30e96873e86397.tar.gz
2026-08-23T18:24:55+0530 WARNING container_scanner Skipping symlink etc/fonts/conf.d/10-hinting-slight.conf -> /usr/share/fontconfig/conf.avail/10-hinting-slight.conf: [WinError 1314] A required privilege is not held by the client: '../../../usr/share/fontconfig/conf.avail/10-hinting-slight.conf' -> 'C:\\Users\\Acer\\AppData\\Local\\Temp\\scanner_fs_i4qzc315\\rootfs\\etc\\fonts\\conf.d\\10-hinting-slight.conf'
2026-08-23T18:24:55+0530 WARNING container_scanner Skipping symlink etc/fonts/conf.d/10-scale-bitmap-fonts.conf -> /usr/share/fontconfig/conf.avail/10-scale-bitmap-fonts.conf: [WinError 1314] A required privilege is not held by the client: '../../../usr/share/fontconfig/conf.avail/10-scale-bitmap-fonts.conf' -> 'C:\\Users\\Acer\\AppData\\Local\\Temp\\scanner_fs_i4qzc315\\rootfs\\etc\\fonts\\conf.d\\10-scale-bitmap-fonts.conf'
2026-08-23T18:24:55+0530 WARNING container_scanner Skipping symlink etc/fonts/conf.d/10-sub-pixel-none.conf -> /usr/share/fontconfig/conf.avail/10-sub-pixel-none.conf: [WinError 1314] A required privilege is not held by the client: '../../../usr/share/fontconfig/conf.avail/10-sub-pixel-none.conf' -> 'C:\\Users\\Acer\\AppData\\Local\\Temp\\scanner_fs_i4qzc315\\rootfs\\etc\\fonts\\conf.d\\10-sub-pixel-none.conf'
2026-08-23T18:24:55+0530 WARNING container_scanner Skipping symlink etc/fonts/conf.d/10-yes-antialias.conf -> /usr/share/fontconfig/conf.avail/10-yes-antialias.conf: [WinError 1314] A required privilege is not held by the client: '../../../usr/share/fontconfig/conf.avail/10-yes-antialias.conf' -> 'C:\\Users\\Acer\\AppData\\Local\\Temp\\scanner_fs_i4qzc315\\rootfs\\etc\\fonts\\conf.d\\10-yes-antialias.conf'
2026-08-23T18:24:55+0530 WARNING container_scanner Skipping symlink etc/fonts/conf.d/11-lcdfilter-default.conf -> /usr/share/fontconfig/conf.avail/11-lcdfilter-default.conf: [WinError 1314] A required privilege is not held by the client: '../../../usr/share/fontconfig/conf.avail/11-lcdfilter-default.conf' -> 'C:\\Users\\Acer\\AppData\\Local\\Temp\\scanner_fs_i4qzc315\\rootfs\\etc\\fonts\\conf.d\\11-lcdfilter-default.conf'
2026-08-23T18:24:55+0530 WARNING container_scanner Skipping unsafe symlink etc/fonts/conf.d/20-unhint-small-dejavu-lgc-sans-mono.conf -> ../conf.avail/20-unhint-small-dejavu-lgc-sans-mono.conf
2026-08-23T18:24:55+0530 WARNING container_scanner Skipping unsafe symlink etc/fonts/conf.d/20-unhint-small-dejavu-lgc-sans.conf -> ../conf.avail/20-unhint-small-dejavu-lgc-sans.conf
2026-08-23T18:24:55+0530 WARNING container_scanner Skipping unsafe symlink etc/fonts/conf.d/20-unhint-small-dejavu-lgc-serif.conf -> ../conf.avail/20-unhint-small-dejavu-lgc-serif.conf
2026-08-23T18:24:55+0530 WARNING container_scanner Skipping unsafe symlink etc/fonts/conf.d/20-unhint-small-dejavu-sans-mono.conf -> ../conf.avail/20-unhint-small-dejavu-sans-mono.conf
2026-08-23T18:24:55+0530 WARNING container_scanner Skipping unsafe symlink etc/fonts/conf.d/20-unhint-small-dejavu-sans.conf -> ../conf.avail/20-unhint-small-dejavu-sans.conf
2026-08-23T18:24:55+0530 WARNING container_scanner Skipping unsafe symlink etc/fonts/conf.d/20-unhint-small-dejavu-serif.conf -> ../conf.avail/20-unhint-small-dejavu-serif.conf
2026-08-23T18:24:55+0530 WARNING container_scanner Skipping symlink etc/fonts/conf.d/20-unhint-small-vera.conf -> /usr/share/fontconfig/conf.avail/20-unhint-small-vera.conf: [WinError 1314] A required privilege is not held by the client: '../../../usr/share/fontconfig/conf.avail/20-unhint-small-vera.conf' -> 'C:\\Users\\Acer\\AppData\\Local\\Temp\\scanner_fs_i4qzc315\\rootfs\\etc\\fonts\\conf.d\\20-unhint-small-vera.conf'
2026-08-23T18:24:55+0530 WARNING container_scanner Skipping symlink etc/fonts/conf.d/30-metric-aliases.conf -> /usr/share/fontconfig/conf.avail/30-metric-aliases.conf: [WinError 1314] A required privilege is not held by the client: '../../../usr/share/fontconfig/conf.avail/30-metric-aliases.conf' -> 'C:\\Users\\Acer\\AppData\\Local\\Temp\\scanner_fs_i4qzc315\\rootfs\\etc\\fonts\\conf.d\\30-metric-aliases.conf'
2026-08-23T18:24:55+0530 WARNING container_scanner Skipping symlink etc/fonts/conf.d/40-nonlatin.conf -> /usr/share/fontconfig/conf.avail/40-nonlatin.conf: [WinError 1314] A required privilege is not held by the client: '../../../usr/share/fontconfig/conf.avail/40-nonlatin.conf' -> 'C:\\Users\\Acer\\AppData\\Local\\Temp\\scanner_fs_i4qzc315\\rootfs\\etc\\fonts\\conf.d\\40-nonlatin.conf'
2026-08-23T18:24:55+0530 WARNING container_scanner Skipping symlink etc/fonts/conf.d/45-generic.conf -> /usr/share/fontconfig/conf.avail/45-generic.conf: [WinError 1314] A required privilege is not held by the client: '../../../usr/share/fontconfig/conf.avail/45-generic.conf' -> 'C:\\Users\\Acer\\AppData\\Local\\Temp\\scanner_fs_i4qzc315\\rootfs\\etc\\fonts\\conf.d\\45-generic.conf'
2026-08-23T18:24:55+0530 WARNING container_scanner Skipping symlink etc/fonts/conf.d/45-latin.conf -> /usr/share/fontconfig/conf.avail/45-latin.conf: [WinError 1314] A required privilege is not held by the client: '../../../usr/share/fontconfig/conf.avail/45-latin.conf' -> 'C:\\Users\\Acer\\AppData\\Local\\Temp\\scanner_fs_i4qzc315\\rootfs\\etc\\fonts\\conf.d\\45-latin.conf'
2026-08-23T18:24:55+0530 WARNING container_scanner Skipping symlink etc/fonts/conf.d/48-spacing.conf -> /usr/share/fontconfig/conf.avail/48-spacing.conf: [WinError 1314] A required privilege is not held by the client: '../../../usr/share/fontconfig/conf.avail/48-spacing.conf' -> 'C:\\Users\\Acer\\AppData\\Local\\Temp\\scanner_fs_i4qzc315\\rootfs\\etc\\fonts\\conf.d\\48-spacing.conf'
2026-08-23T18:24:55+0530 WARNING container_scanner Skipping symlink etc/fonts/conf.d/49-sansserif.conf -> /usr/share/fontconfig/conf.avail/49-sansserif.conf: [WinError 1314] A required privilege is not held by the client: '../../../usr/share/fontconfig/conf.avail/49-sansserif.conf' -> 'C:\\Users\\Acer\\AppData\\Local\\Temp\\scanner_fs_i4qzc315\\rootfs\\etc\\fonts\\conf.d\\49-sansserif.conf'
2026-08-23T18:24:55+0530 WARNING container_scanner Skipping symlink etc/fonts/conf.d/50-user.conf -> /usr/share/fontconfig/conf.avail/50-user.conf: [WinError 1314] A required privilege is not held by the client: '../../../usr/share/fontconfig/conf.avail/50-user.conf' -> 'C:\\Users\\Acer\\AppData\\Local\\Temp\\scanner_fs_i4qzc315\\rootfs\\etc\\fonts\\conf.d\\50-user.conf'
2026-08-23T18:24:55+0530 WARNING container_scanner Skipping symlink etc/fonts/conf.d/51-local.conf -> /usr/share/fontconfig/conf.avail/51-local.conf: [WinError 1314] A required privilege is not held by the client: '../../../usr/share/fontconfig/conf.avail/51-local.conf' -> 'C:\\Users\\Acer\\AppData\\Local\\Temp\\scanner_fs_i4qzc315\\rootfs\\etc\\fonts\\conf.d\\51-local.conf'
2026-08-23T18:24:55+0530 WARNING container_scanner Skipping unsafe symlink etc/fonts/conf.d/57-dejavu-sans-mono.conf -> ../conf.avail/57-dejavu-sans-mono.conf
2026-08-23T18:24:55+0530 WARNING container_scanner Skipping unsafe symlink etc/fonts/conf.d/57-dejavu-sans.conf -> ../conf.avail/57-dejavu-sans.conf
2026-08-23T18:24:55+0530 WARNING container_scanner Skipping unsafe symlink etc/fonts/conf.d/57-dejavu-serif.conf -> ../conf.avail/57-dejavu-serif.conf
2026-08-23T18:24:55+0530 WARNING container_scanner Skipping unsafe symlink etc/fonts/conf.d/58-dejavu-lgc-sans-mono.conf -> ../conf.avail/58-dejavu-lgc-sans-mono.conf
2026-08-23T18:24:55+0530 WARNING container_scanner Skipping unsafe symlink etc/fonts/conf.d/58-dejavu-lgc-sans.conf -> ../conf.avail/58-dejavu-lgc-sans.conf
2026-08-23T18:24:55+0530 WARNING container_scanner Skipping unsafe symlink etc/fonts/conf.d/58-dejavu-lgc-serif.conf -> ../conf.avail/58-dejavu-lgc-serif.conf
2026-08-23T18:24:55+0530 WARNING container_scanner Skipping symlink etc/fonts/conf.d/60-generic.conf -> /usr/share/fontconfig/conf.avail/60-generic.conf: [WinError 1314] A required privilege is not held by the client: '../../../usr/share/fontconfig/conf.avail/60-generic.conf' -> 'C:\\Users\\Acer\\AppData\\Local\\Temp\\scanner_fs_i4qzc315\\rootfs\\etc\\fonts\\conf.d\\60-generic.conf'
2026-08-23T18:24:55+0530 WARNING container_scanner Skipping symlink etc/fonts/conf.d/60-latin.conf -> /usr/share/fontconfig/conf.avail/60-latin.conf: [WinError 1314] A required privilege is not held by the client: '../../../usr/share/fontconfig/conf.avail/60-latin.conf' -> 'C:\\Users\\Acer\\AppData\\Local\\Temp\\scanner_fs_i4qzc315\\rootfs\\etc\\fonts\\conf.d\\60-latin.conf'
2026-08-23T18:24:55+0530 WARNING container_scanner Skipping symlink etc/fonts/conf.d/65-fonts-persian.conf -> /usr/share/fontconfig/conf.avail/65-fonts-persian.conf: [WinError 1314] A required privilege is not held by the client: '../../../usr/share/fontconfig/conf.avail/65-fonts-persian.conf' -> 'C:\\Users\\Acer\\AppData\\Local\\Temp\\scanner_fs_i4qzc315\\rootfs\\etc\\fonts\\conf.d\\65-fonts-persian.conf'
2026-08-23T18:24:55+0530 WARNING container_scanner Skipping symlink etc/fonts/conf.d/65-nonlatin.conf -> /usr/share/fontconfig/conf.avail/65-nonlatin.conf: [WinError 1314] A required privilege is not held by the client: '../../../usr/share/fontconfig/conf.avail/65-nonlatin.conf' -> 'C:\\Users\\Acer\\AppData\\Local\\Temp\\scanner_fs_i4qzc315\\rootfs\\etc\\fonts\\conf.d\\65-nonlatin.conf'
2026-08-23T18:24:55+0530 WARNING container_scanner Skipping symlink etc/fonts/conf.d/69-unifont.conf -> /usr/share/fontconfig/conf.avail/69-unifont.conf: [WinError 1314] A required privilege is not held by the client: '../../../usr/share/fontconfig/conf.avail/69-unifont.conf' -> 'C:\\Users\\Acer\\AppData\\Local\\Temp\\scanner_fs_i4qzc315\\rootfs\\etc\\fonts\\conf.d\\69-unifont.conf'
2026-08-23T18:24:55+0530 WARNING container_scanner Skipping symlink etc/fonts/conf.d/70-no-bitmaps-except-emoji.conf -> /usr/share/fontconfig/conf.avail/70-no-bitmaps-except-emoji.conf: [WinError 1314] A required privilege is not held by the client: '../../../usr/share/fontconfig/conf.avail/70-no-bitmaps-except-emoji.conf' -> 'C:\\Users\\Acer\\AppData\\Local\\Temp\\scanner_fs_i4qzc315\\rootfs\\etc\\fonts\\conf.d\\70-no-bitmaps-except-emoji.conf'
2026-08-23T18:24:55+0530 WARNING container_scanner Skipping symlink etc/fonts/conf.d/80-delicious.conf -> /usr/share/fontconfig/conf.avail/80-delicious.conf: [WinError 1314] A required privilege is not held by the client: '../../../usr/share/fontconfig/conf.avail/80-delicious.conf' -> 'C:\\Users\\Acer\\AppData\\Local\\Temp\\scanner_fs_i4qzc315\\rootfs\\etc\\fonts\\conf.d\\80-delicious.conf'
2026-08-23T18:24:55+0530 WARNING container_scanner Skipping symlink etc/fonts/conf.d/90-synthetic.conf -> /usr/share/fontconfig/conf.avail/90-synthetic.conf: [WinError 1314] A required privilege is not held by the client: '../../../usr/share/fontconfig/conf.avail/90-synthetic.conf' -> 'C:\\Users\\Acer\\AppData\\Local\\Temp\\scanner_fs_i4qzc315\\rootfs\\etc\\fonts\\conf.d\\90-synthetic.conf'
2026-08-23T18:24:55+0530 WARNING container_scanner Skipping symlink etc/nginx/modules -> /usr/lib/nginx/modules: [WinError 1314] A required privilege is not held by the client: '../../usr/lib/nginx/modules' -> 'C:\\Users\\Acer\\AppData\\Local\\Temp\\scanner_fs_i4qzc315\\rootfs\\etc\\nginx\\modules'
2026-08-23T18:24:55+0530 WARNING container_scanner Skipping unsafe symlink etc/rc0.d/K01nginx -> ../init.d/nginx
2026-08-23T18:24:55+0530 WARNING container_scanner Skipping unsafe symlink etc/rc1.d/K01nginx -> ../init.d/nginx
2026-08-23T18:24:55+0530 WARNING container_scanner Skipping unsafe symlink etc/rc2.d/S01nginx -> ../init.d/nginx
2026-08-23T18:24:55+0530 WARNING container_scanner Skipping unsafe symlink etc/rc3.d/S01nginx -> ../init.d/nginx
2026-08-23T18:24:55+0530 WARNING container_scanner Skipping unsafe symlink etc/rc4.d/S01nginx -> ../init.d/nginx
2026-08-23T18:24:55+0530 WARNING container_scanner Skipping unsafe symlink etc/rc5.d/S01nginx -> ../init.d/nginx
2026-08-23T18:24:55+0530 WARNING container_scanner Skipping unsafe symlink etc/rc6.d/K01nginx -> ../init.d/nginx
2026-08-23T18:24:55+0530 WARNING container_scanner Skipping symlink etc/ssl/certs/002c0b4f.0 -> GlobalSign_Root_R46.pem: [WinError 1314] A required privilege is not held by the client: 'GlobalSign_Root_R46.pem' -> 'C:\\Users\\Acer\\AppData\\Local\\Temp\\scanner_fs_i4qzc315\\rootfs\\etc\\ssl\\certs\\002c0b4f.0'
2026-08-23T18:24:55+0530 WARNING container_scanner Skipping symlink etc/ssl/certs/0179095f.0 -> BJCA_Global_Root_CA1.pem: [WinError 1314] A required privilege is not held by the client: 'BJCA_Global_Root_CA1.pem' -> 'C:\\Users\\Acer\\AppData\\Local\\Temp\\scanner_fs_i4qzc315\\rootfs\\etc\\ssl\\certs\\0179095f.0'
2026-08-23T18:24:55+0530 WARNING container_scanner Skipping symlink etc/ssl/certs/02265526.0 -> Entrust_Root_Certification_Authority_-_G2.pem: [WinError 1314] A required privilege is not held by the client: 'Entrust_Root_Certification_Authority_-_G2.pem' -> 'C:\\Users\\Acer\\AppData\\Local\\Temp\\scanner_fs_i4qzc315\\rootfs\\etc\\ssl\\certs\\02265526.0'
2026-08-23T18:24:55+0530 WARNING container_scanner Skipping symlink etc/ssl/certs/062cdee6.0 -> GlobalSign_Root_CA_-_R3.pem: [WinError 1314] A required privilege is not held by the client: 'GlobalSign_Root_CA_-_R3.pem' -> 'C:\\Users\\Acer\\AppData\\Local\\Temp\\scanner_fs_i4qzc315\\rootfs\\etc\\ssl\\certs\\062cdee6.0'
2026-08-23T18:24:55+0530 WARNING container_scanner Skipping symlink etc/ssl/certs/064e0aa9.0 -> QuoVadis_Root_CA_2_G3.pem: [WinError 1314] A required privilege is not held by the client: 'QuoVadis_Root_CA_2_G3.pem' -> 'C:\\Users\\Acer\\AppData\\Local\\Temp\\scanner_fs_i4qzc315\\rootfs\\etc\\ssl\\certs\\064e0aa9.0'
2026-08-23T18:24:55+0530 WARNING container_scanner Skipping symlink etc/ssl/certs/06dc52d5.0 -> SSL.com_EV_Root_Certification_Authority_RSA_R2.pem: [WinError 1314] A required privilege is not held by the client: 'SSL.com_EV_Root_Certification_Authority_RSA_R2.pem' -> 'C:\\Users\\Acer\\AppData\\Local\\Temp\\scanner_fs_i4qzc315\\rootfs\\etc\\ssl\\certs\\06dc52d5.0'
2026-08-23T18:24:55+0530 WARNING container_scanner Skipping symlink etc/ssl/certs/09789157.0 -> Starfield_Services_Root_Certificate_Authority_-_G2.pem: [WinError 1314] A required privilege is not held by the client: 'Starfield_Services_Root_Certificate_Authority_-_G2.pem' -> 'C:\\Users\\Acer\\AppData\\Local\\Temp\\scanner_fs_i4qzc315\\rootfs\\etc\\ssl\\certs\\09789157.0'
2026-08-23T18:24:55+0530 WARNING container_scanner Skipping symlink etc/ssl/certs/0a775a30.0 -> GTS_Root_R3.pem: [WinError 1314] A required privilege is not held by the client: 'GTS_Root_R3.pem' -> 'C:\\Users\\Acer\\AppData\\Local\\Temp\\scanner_fs_i4qzc315\\rootfs\\etc\\ssl\\certs\\0a775a30.0'
2026-08-23T18:24:55+0530 WARNING container_scanner Skipping symlink etc/ssl/certs/0b1b94ef.0 -> CFCA_EV_ROOT.pem: [WinError 1314] A required privilege is not held by the client: 'CFCA_EV_ROOT.pem' -> 'C:\\Users\\Acer\\AppData\\Local\\Temp\\scanner_fs_i4qzc315\\rootfs\\etc\\ssl\\certs\\0b1b94ef.0'
2026-08-23T18:24:55+0530 WARNING container_scanner Skipping symlink etc/ssl/certs/0b9bc432.0 -> ISRG_Root_X2.pem: [WinError 1314] A required privilege is not held by the client: 'ISRG_Root_X2.pem' -> 'C:\\Users\\Acer\\AppData\\Local\\Temp\\scanner_fs_i4qzc315\\rootfs\\etc\\ssl\\certs\\0b9bc432.0'
2026-08-23T18:24:55+0530 WARNING container_scanner Skipping symlink etc/ssl/certs/0bf05006.0 -> SSL.com_Root_Certification_Authority_ECC.pem: [WinError 1314] A required privilege is not held by the client: 'SSL.com_Root_Certification_Authority_ECC.pem' -> 'C:\\Users\\Acer\\AppData\\Local\\Temp\\scanner_fs_i4qzc315\\rootfs\\etc\\ssl\\certs\\0bf05006.0'
2026-08-23T18:24:55+0530 WARNING container_scanner Skipping symlink etc/ssl/certs/0f5dc4f3.0 -> UCA_Extended_Validation_Root.pem: [WinError 1314] A required privilege is not held by the client: 'UCA_Extended_Validation_Root.pem' -> 'C:\\Users\\Acer\\AppData\\Local\\Temp\\scanner_fs_i4qzc315\\rootfs\\etc\\ssl\\certs\\0f5dc4f3.0'
2026-08-23T18:24:55+0530 WARNING container_scanner Skipping symlink etc/ssl/certs/0f6fa695.0 -> GDCA_TrustAUTH_R5_ROOT.pem: [WinError 1314] A required privilege is not held by the client: 'GDCA_TrustAUTH_R5_ROOT.pem' -> 'C:\\Users\\Acer\\AppData\\Local\\Temp\\scanner_fs_i4qzc315\\rootfs\\etc\\ssl\\certs\\0f6fa695.0'
2026-08-23T18:24:55+0530 WARNING container_scanner Skipping symlink etc/ssl/certs/1001acf7.0 -> GTS_Root_R1.pem: [WinError 1314] A required privilege is not held by the client: 'GTS_Root_R1.pem' -> 'C:\\Users\\Acer\\AppData\\Local\\Temp\\scanner_fs_i4qzc315\\rootfs\\etc\\ssl\\certs\\1001acf7.0'
2026-08-23T18:24:55+0530 WARNING container_scanner Skipping symlink etc/ssl/certs/106f3e4d.0 -> Entrust_Root_Certification_Authority_-_EC1.pem: [WinError 1314] A required privilege is not held by the client: 'Entrust_Root_Certification_Authority_-_EC1.pem' -> 'C:\\Users\\Acer\\AppData\\Local\\Temp\\scanner_fs_i4qzc315\\rootfs\\etc\\ssl\\certs\\106f3e4d.0'
2026-08-23T18:24:55+0530 WARNING container_scanner Skipping symlink etc/ssl/certs/14bc7599.0 -> emSign_ECC_Root_CA_-_G3.pem: [WinError 1314] A required privilege is not held by the client: 'emSign_ECC_Root_CA_-_G3.pem' -> 'C:\\Users\\Acer\\AppData\\Local\\Temp\\scanner_fs_i4qzc315\\rootfs\\etc\\ssl\\certs\\14bc7599.0'
2026-08-23T18:24:55+0530 WARNING container_scanner Skipping symlink etc/ssl/certs/1cef98f5.0 -> TrustAsia_Global_Root_CA_G4.pem: [WinError 1314] A required privilege is not held by the client: 'TrustAsia_Global_Root_CA_G4.pem' -> 'C:\\Users\\Acer\\AppData\\Local\\Temp\\scanner_fs_i4qzc315\\rootfs\\etc\\ssl\\certs\\1cef98f5.0'
2026-08-23T18:24:55+0530 WARNING container_scanner Skipping symlink etc/ssl/certs/1d3472b9.0 -> GlobalSign_ECC_Root_CA_-_R5.pem: [WinError 1314] A required privilege is not held by the client: 'GlobalSign_ECC_Root_CA_-_R5.pem' -> 'C:\\Users\\Acer\\AppData\\Local\\Temp\\scanner_fs_i4qzc315\\rootfs\\etc\\ssl\\certs\\1d3472b9.0'
2026-08-23T18:24:55+0530 WARNING container_scanner Skipping symlink etc/ssl/certs/1e08bfd1.0 -> IdenTrust_Public_Sector_Root_CA_1.pem: [WinError 1314] A required privilege is not held by the client: 'IdenTrust_Public_Sector_Root_CA_1.pem' -> 'C:\\Users\\Acer\\AppData\\Local\\Temp\\scanner_fs_i4qzc315\\rootfs\\etc\\ssl\\certs\\1e08bfd1.0'
2026-08-23T18:24:55+0530 WARNING container_scanner Skipping symlink etc/ssl/certs/1e09d511.0 -> T-TeleSec_GlobalRoot_Class_2.pem: [WinError 1314] A required privilege is not held by the client: 'T-TeleSec_GlobalRoot_Class_2.pem' -> 'C:\\Users\\Acer\\AppData\\Local\\Temp\\scanner_fs_i4qzc315\\rootfs\\etc\\ssl\\certs\\1e09d511.0'
2026-08-23T18:24:55+0530 WARNING container_scanner Skipping symlink etc/ssl/certs/228f89db.0 -> CommScope_Public_Trust_ECC_Root-01.pem: [WinError 1314] A required privilege is not held by the client: 'CommScope_Public_Trust_ECC_Root-01.pem' -> 'C:\\Users\\Acer\\AppData\\Local\\Temp\\scanner_fs_i4qzc315\\rootfs\\etc\\ssl\\certs\\228f89db.0'
2026-08-23T18:24:55+0530 WARNING container_scanner Skipping symlink etc/ssl/certs/244b5494.0 -> DigiCert_High_Assurance_EV_Root_CA.pem: [WinError 1314] A required privilege is not held by the client: 'DigiCert_High_Assurance_EV_Root_CA.pem' -> 'C:\\Users\\Acer\\AppData\\Local\\Temp\\scanner_fs_i4qzc315\\rootfs\\etc\\ssl\\certs\\244b5494.0'
2026-08-23T18:24:55+0530 WARNING container_scanner Skipping symlink etc/ssl/certs/2923b3f9.0 -> emSign_Root_CA_-_G1.pem: [WinError 1314] A required privilege is not held by the client: 'emSign_Root_CA_-_G1.pem' -> 'C:\\Users\\Acer\\AppData\\Local\\Temp\\scanner_fs_i4qzc315\\rootfs\\etc\\ssl\\certs\\2923b3f9.0'
2026-08-23T18:24:55+0530 WARNING container_scanner Skipping symlink etc/ssl/certs/2ae6433e.0 -> CA_Disig_Root_R2.pem: [WinError 1314] A required privilege is not held by the client: 'CA_Disig_Root_R2.pem' -> 'C:\\Users\\Acer\\AppData\\Local\\Temp\\scanner_fs_i4qzc315\\rootfs\\etc\\ssl\\certs\\2ae6433e.0'
2026-08-23T18:24:55+0530 WARNING container_scanner Skipping symlink etc/ssl/certs/2b349938.0 -> AffirmTrust_Commercial.pem: [WinError 1314] A required privilege is not held by the client: 'AffirmTrust_Commercial.pem' -> 'C:\\Users\\Acer\\AppData\\Local\\Temp\\scanner_fs_i4qzc315\\rootfs\\etc\\ssl\\certs\\2b349938.0'
2026-08-23T18:24:55+0530 WARNING container_scanner Skipping symlink etc/ssl/certs/32888f65.0 -> Hellenic_Academic_and_Research_Institutions_RootCA_2015.pem: [WinError 1314] A required privilege is not held by the client: 'Hellenic_Academic_and_Research_Institutions_RootCA_2015.pem' -> 'C:\\Users\\Acer\\AppData\\Local\\Temp\\scanner_fs_i4qzc315\\rootfs\\etc\\ssl\\certs\\32888f65.0'
2026-08-23T18:24:55+0530 WARNING container_scanner Skipping symlink etc/ssl/certs/3513523f.0 -> DigiCert_Global_Root_CA.pem: [WinError 1314] A required privilege is not held by the client: 'DigiCert_Global_Root_CA.pem' -> 'C:\\Users\\Acer\\AppData\\Local\\Temp\\scanner_fs_i4qzc315\\rootfs\\etc\\ssl\\certs\\3513523f.0'
2026-08-23T18:24:55+0530 WARNING container_scanner Skipping symlink etc/ssl/certs/3bde41ac.0 -> Autoridad_de_Certificacion_Firmaprofesional_CIF_A62634068.pem: [WinError 1314] A required privilege is not held by the client: 'Autoridad_de_Certificacion_Firmaprofesional_CIF_A62634068.pem' -> 'C:\\Users\\Acer\\AppData\\Local\\Temp\\scanner_fs_i4qzc315\\rootfs\\etc\\ssl\\certs\\3bde41ac.0'
2026-08-23T18:24:55+0530 WARNING container_scanner Skipping symlink etc/ssl/certs/3e359ba6.0 -> BJCA_Global_Root_CA2.pem: [WinError 1314] A required privilege is not held by the client: 'BJCA_Global_Root_CA2.pem' -> 'C:\\Users\\Acer\\AppData\\Local\\Temp\\scanner_fs_i4qzc315\\rootfs\\etc\\ssl\\certs\\3e359ba6.0'
2026-08-23T18:24:55+0530 WARNING container_scanner Skipping symlink etc/ssl/certs/3fb36b73.0 -> NAVER_Global_Root_Certification_Authority.pem: [WinError 1314] A required privilege is not held by the client: 'NAVER_Global_Root_Certification_Authority.pem' -> 'C:\\Users\\Acer\\AppData\\Local\\Temp\\scanner_fs_i4qzc315\\rootfs\\etc\\ssl\\certs\\3fb36b73.0'
2026-08-23T18:24:55+0530 WARNING container_scanner Skipping symlink etc/ssl/certs/40193066.0 -> Certum_Trusted_Network_CA_2.pem: [WinError 1314] A required privilege is not held by the client: 'Certum_Trusted_Network_CA_2.pem' -> 'C:\\Users\\Acer\\AppData\\Local\\Temp\\scanner_fs_i4qzc315\\rootfs\\etc\\ssl\\certs\\40193066.0'
2026-08-23T18:24:55+0530 WARNING container_scanner Skipping symlink etc/ssl/certs/4042bcee.0 -> ISRG_Root_X1.pem: [WinError 1314] A required privilege is not held by the client: 'ISRG_Root_X1.pem' -> 'C:\\Users\\Acer\\AppData\\Local\\Temp\\scanner_fs_i4qzc315\\rootfs\\etc\\ssl\\certs\\4042bcee.0'
2026-08-23T18:24:55+0530 WARNING container_scanner Skipping symlink etc/ssl/certs/40547a79.0 -> COMODO_Certification_Authority.pem: [WinError 1314] A required privilege is not held by the client: 'COMODO_Certification_Authority.pem' -> 'C:\\Users\\Acer\\AppData\\Local\\Temp\\scanner_fs_i4qzc315\\rootfs\\etc\\ssl\\certs\\40547a79.0'
2026-08-23T18:24:55+0530 WARNING container_scanner Skipping symlink etc/ssl/certs/406c9bb1.0 -> emSign_Root_CA_-_C1.pem: [WinError 1314] A required privilege is not held by the client: 'emSign_Root_CA_-_C1.pem' -> 'C:\\Users\\Acer\\AppData\\Local\\Temp\\scanner_fs_i4qzc315\\rootfs\\etc\\ssl\\certs\\406c9bb1.0'
2026-08-23T18:24:55+0530 WARNING container_scanner Skipping symlink etc/ssl/certs/48bec511.0 -> Certum_Trusted_Network_CA.pem: [WinError 1314] A required privilege is not held by the client: 'Certum_Trusted_Network_CA.pem' -> 'C:\\Users\\Acer\\AppData\\Local\\Temp\\scanner_fs_i4qzc315\\rootfs\\etc\\ssl\\certs\\48bec511.0'
2026-08-23T18:24:55+0530 WARNING container_scanner Skipping symlink etc/ssl/certs/4b718d9b.0 -> emSign_ECC_Root_CA_-_C3.pem: [WinError 1314] A required privilege is not held by the client: 'emSign_ECC_Root_CA_-_C3.pem' -> 'C:\\Users\\Acer\\AppData\\Local\\Temp\\scanner_fs_i4qzc315\\rootfs\\etc\\ssl\\certs\\4b718d9b.0'
2026-08-23T18:24:55+0530 WARNING container_scanner Skipping symlink etc/ssl/certs/4bfab552.0 -> Starfield_Root_Certificate_Authority_-_G2.pem: [WinError 1314] A required privilege is not held by the client: 'Starfield_Root_Certificate_Authority_-_G2.pem' -> 'C:\\Users\\Acer\\AppData\\Local\\Temp\\scanner_fs_i4qzc315\\rootfs\\etc\\ssl\\certs\\4bfab552.0'
2026-08-23T18:24:55+0530 WARNING container_scanner Skipping symlink etc/ssl/certs/4f316efb.0 -> SwissSign_Gold_CA_-_G2.pem: [WinError 1314] A required privilege is not held by the client: 'SwissSign_Gold_CA_-_G2.pem' -> 'C:\\Users\\Acer\\AppData\\Local\\Temp\\scanner_fs_i4qzc315\\rootfs\\etc\\ssl\\certs\\4f316efb.0'
2026-08-23T18:24:55+0530 WARNING container_scanner Skipping symlink etc/ssl/certs/4fd49c6c.0 -> CommScope_Public_Trust_RSA_Root-02.pem: [WinError 1314] A required privilege is not held by the client: 'CommScope_Public_Trust_RSA_Root-02.pem' -> 'C:\\Users\\Acer\\AppData\\Local\\Temp\\scanner_fs_i4qzc315\\rootfs\\etc\\ssl\\certs\\4fd49c6c.0'
2026-08-23T18:24:55+0530 WARNING container_scanner Skipping symlink etc/ssl/certs/5443e9e3.0 -> T-TeleSec_GlobalRoot_Class_3.pem: [WinError 1314] A required privilege is not held by the client: 'T-TeleSec_GlobalRoot_Class_3.pem' -> 'C:\\Users\\Acer\\AppData\\Local\\Temp\\scanner_fs_i4qzc315\\rootfs\\etc\\ssl\\certs\\5443e9e3.0'
2026-08-23T18:24:55+0530 WARNING container_scanner Skipping symlink etc/ssl/certs/54657681.0 -> Buypass_Class_2_Root_CA.pem: [WinError 1314] A required privilege is not held by the client: 'Buypass_Class_2_Root_CA.pem' -> 'C:\\Users\\Acer\\AppData\\Local\\Temp\\scanner_fs_i4qzc315\\rootfs\\etc\\ssl\\certs\\54657681.0'
2026-08-23T18:24:55+0530 WARNING container_scanner Skipping symlink etc/ssl/certs/5860aaa6.0 -> Security_Communication_ECC_RootCA1.pem: [WinError 1314] A required privilege is not held by the client: 'Security_Communication_ECC_RootCA1.pem' -> 'C:\\Users\\Acer\\AppData\\Local\\Temp\\scanner_fs_i4qzc315\\rootfs\\etc\\ssl\\certs\\5860aaa6.0'
2026-08-23T18:24:55+0530 WARNING container_scanner Skipping symlink etc/ssl/certs/5931b5bc.0 -> D-TRUST_EV_Root_CA_1_2020.pem: [WinError 1314] A required privilege is not held by the client: 'D-TRUST_EV_Root_CA_1_2020.pem' -> 'C:\\Users\\Acer\\AppData\\Local\\Temp\\scanner_fs_i4qzc315\\rootfs\\etc\\ssl\\certs\\5931b5bc.0'
2026-08-23T18:24:55+0530 WARNING container_scanner Skipping symlink etc/ssl/certs/5ad8a5d6.0 -> GlobalSign_Root_CA.pem: [WinError 1314] A required privilege is not held by the client: 'GlobalSign_Root_CA.pem' -> 'C:\\Users\\Acer\\AppData\\Local\\Temp\\scanner_fs_i4qzc315\\rootfs\\etc\\ssl\\certs\\5ad8a5d6.0'
2026-08-23T18:24:55+0530 WARNING container_scanner Skipping symlink etc/ssl/certs/5cd81ad7.0 -> TeliaSonera_Root_CA_v1.pem: [WinError 1314] A required privilege is not held by the client: 'TeliaSonera_Root_CA_v1.pem' -> 'C:\\Users\\Acer\\AppData\\Local\\Temp\\scanner_fs_i4qzc315\\rootfs\\etc\\ssl\\certs\\5cd81ad7.0'
2026-08-23T18:24:55+0530 WARNING container_scanner Skipping symlink etc/ssl/certs/5f15c80c.0 -> TWCA_Global_Root_CA.pem: [WinError 1314] A required privilege is not held by the client: 'TWCA_Global_Root_CA.pem' -> 'C:\\Users\\Acer\\AppData\\Local\\Temp\\scanner_fs_i4qzc315\\rootfs\\etc\\ssl\\certs\\5f15c80c.0'
2026-08-23T18:24:55+0530 WARNING container_scanner Skipping symlink etc/ssl/certs/5f618aec.0 -> certSIGN_Root_CA_G2.pem: [WinError 1314] A required privilege is not held by the client: 'certSIGN_Root_CA_G2.pem' -> 'C:\\Users\\Acer\\AppData\\Local\\Temp\\scanner_fs_i4qzc315\\rootfs\\etc\\ssl\\certs\\5f618aec.0'
2026-08-23T18:24:55+0530 WARNING container_scanner Skipping symlink etc/ssl/certs/607986c7.0 -> DigiCert_Global_Root_G2.pem: [WinError 1314] A required privilege is not held by the client: 'DigiCert_Global_Root_G2.pem' -> 'C:\\Users\\Acer\\AppData\\Local\\Temp\\scanner_fs_i4qzc315\\rootfs\\etc\\ssl\\certs\\607986c7.0'
2026-08-23T18:24:55+0530 WARNING container_scanner Skipping symlink etc/ssl/certs/616816f6.0 -> SecureSign_Root_CA12.pem: [WinError 1314] A required privilege is not held by the client: 'SecureSign_Root_CA12.pem' -> 'C:\\Users\\Acer\\AppData\\Local\\Temp\\scanner_fs_i4qzc315\\rootfs\\etc\\ssl\\certs\\616816f6.0'
2026-08-23T18:24:55+0530 WARNING container_scanner Skipping symlink etc/ssl/certs/626dceaf.0 -> GTS_Root_R2.pem: [WinError 1314] A required privilege is not held by the client: 'GTS_Root_R2.pem' -> 'C:\\Users\\Acer\\AppData\\Local\\Temp\\scanner_fs_i4qzc315\\rootfs\\etc\\ssl\\certs\\626dceaf.0'
2026-08-23T18:24:55+0530 WARNING container_scanner Skipping symlink etc/ssl/certs/653b494a.0 -> Baltimore_CyberTrust_Root.pem: [WinError 1314] A required privilege is not held by the client: 'Baltimore_CyberTrust_Root.pem' -> 'C:\\Users\\Acer\\AppData\\Local\\Temp\\scanner_fs_i4qzc315\\rootfs\\etc\\ssl\\certs\\653b494a.0'
2026-08-23T18:24:55+0530 WARNING container_scanner Skipping symlink etc/ssl/certs/68dd7389.0 -> Hongkong_Post_Root_CA_3.pem: [WinError 1314] A required privilege is not held by the client: 'Hongkong_Post_Root_CA_3.pem' -> 'C:\\Users\\Acer\\AppData\\Local\\Temp\\scanner_fs_i4qzc315\\rootfs\\etc\\ssl\\certs\\68dd7389.0'
2026-08-23T18:24:55+0530 WARNING container_scanner Skipping symlink etc/ssl/certs/6a9bdba3.0 -> SecureSign_Root_CA15.pem: [WinError 1314] A required privilege is not held by the client: 'SecureSign_Root_CA15.pem' -> 'C:\\Users\\Acer\\AppData\\Local\\Temp\\scanner_fs_i4qzc315\\rootfs\\etc\\ssl\\certs\\6a9bdba3.0'
2026-08-23T18:24:55+0530 WARNING container_scanner Skipping symlink etc/ssl/certs/6b99d060.0 -> Entrust_Root_Certification_Authority.pem: [WinError 1314] A required privilege is not held by the client: 'Entrust_Root_Certification_Authority.pem' -> 'C:\\Users\\Acer\\AppData\\Local\\Temp\\scanner_fs_i4qzc315\\rootfs\\etc\\ssl\\certs\\6b99d060.0'
2026-08-23T18:24:55+0530 WARNING container_scanner Skipping symlink etc/ssl/certs/6d41d539.0 -> Amazon_Root_CA_2.pem: [WinError 1314] A required privilege is not held by the client: 'Amazon_Root_CA_2.pem' -> 'C:\\Users\\Acer\\AppData\\Local\\Temp\\scanner_fs_i4qzc315\\rootfs\\etc\\ssl\\certs\\6d41d539.0'
2026-08-23T18:24:55+0530 WARNING container_scanner Skipping symlink etc/ssl/certs/6fa5da56.0 -> SSL.com_Root_Certification_Authority_RSA.pem: [WinError 1314] A required privilege is not held by the client: 'SSL.com_Root_Certification_Authority_RSA.pem' -> 'C:\\Users\\Acer\\AppData\\Local\\Temp\\scanner_fs_i4qzc315\\rootfs\\etc\\ssl\\certs\\6fa5da56.0'
2026-08-23T18:24:55+0530 WARNING container_scanner Skipping symlink etc/ssl/certs/706f604c.0 -> XRamp_Global_CA_Root.pem: [WinError 1314] A required privilege is not held by the client: 'XRamp_Global_CA_Root.pem' -> 'C:\\Users\\Acer\\AppData\\Local\\Temp\\scanner_fs_i4qzc315\\rootfs\\etc\\ssl\\certs\\706f604c.0'
2026-08-23T18:24:55+0530 WARNING container_scanner Skipping symlink etc/ssl/certs/749e9e03.0 -> QuoVadis_Root_CA_1_G3.pem: [WinError 1314] A required privilege is not held by the client: 'QuoVadis_Root_CA_1_G3.pem' -> 'C:\\Users\\Acer\\AppData\\Local\\Temp\\scanner_fs_i4qzc315\\rootfs\\etc\\ssl\\certs\\749e9e03.0'
2026-08-23T18:24:55+0530 WARNING container_scanner Skipping symlink etc/ssl/certs/75d1b2ed.0 -> DigiCert_Trusted_Root_G4.pem: [WinError 1314] A required privilege is not held by the client: 'DigiCert_Trusted_Root_G4.pem' -> 'C:\\Users\\Acer\\AppData\\Local\\Temp\\scanner_fs_i4qzc315\\rootfs\\etc\\ssl\\certs\\75d1b2ed.0'
2026-08-23T18:24:55+0530 WARNING container_scanner Skipping symlink etc/ssl/certs/76faf6c0.0 -> QuoVadis_Root_CA_3.pem: [WinError 1314] A required privilege is not held by the client: 'QuoVadis_Root_CA_3.pem' -> 'C:\\Users\\Acer\\AppData\\Local\\Temp\\scanner_fs_i4qzc315\\rootfs\\etc\\ssl\\certs\\76faf6c0.0'
2026-08-23T18:24:55+0530 WARNING container_scanner Skipping symlink etc/ssl/certs/7719f463.0 -> Hellenic_Academic_and_Research_Institutions_ECC_RootCA_2015.pem: [WinError 1314] A required privilege is not held by the client: 'Hellenic_Academic_and_Research_Institutions_ECC_RootCA_2015.pem' -> 'C:\\Users\\Acer\\AppData\\Local\\Temp\\scanner_fs_i4qzc315\\rootfs\\etc\\ssl\\certs\\7719f463.0'
2026-08-23T18:24:55+0530 WARNING container_scanner Skipping symlink etc/ssl/certs/773e07ad.0 -> OISTE_WISeKey_Global_Root_GC_CA.pem: [WinError 1314] A required privilege is not held by the client: 'OISTE_WISeKey_Global_Root_GC_CA.pem' -> 'C:\\Users\\Acer\\AppData\\Local\\Temp\\scanner_fs_i4qzc315\\rootfs\\etc\\ssl\\certs\\773e07ad.0'
2026-08-23T18:24:55+0530 WARNING container_scanner Skipping symlink etc/ssl/certs/7a3adc42.0 -> vTrus_Root_CA.pem: [WinError 1314] A required privilege is not held by the client: 'vTrus_Root_CA.pem' -> 'C:\\Users\\Acer\\AppData\\Local\\Temp\\scanner_fs_i4qzc315\\rootfs\\etc\\ssl\\certs\\7a3adc42.0'
2026-08-23T18:24:55+0530 WARNING container_scanner Skipping symlink etc/ssl/certs/7a780d93.0 -> Certainly_Root_R1.pem: [WinError 1314] A required privilege is not held by the client: 'Certainly_Root_R1.pem' -> 'C:\\Users\\Acer\\AppData\\Local\\Temp\\scanner_fs_i4qzc315\\rootfs\\etc\\ssl\\certs\\7a780d93.0'
2026-08-23T18:24:55+0530 WARNING container_scanner Skipping symlink etc/ssl/certs/7f3d5d1d.0 -> DigiCert_Assured_ID_Root_G3.pem: [WinError 1314] A required privilege is not held by the client: 'DigiCert_Assured_ID_Root_G3.pem' -> 'C:\\Users\\Acer\\AppData\\Local\\Temp\\scanner_fs_i4qzc315\\rootfs\\etc\\ssl\\certs\\7f3d5d1d.0'
2026-08-23T18:24:55+0530 WARNING container_scanner Skipping symlink etc/ssl/certs/7fa05551.0 -> Telekom_Security_TLS_RSA_Root_2023.pem: [WinError 1314] A required privilege is not held by the client: 'Telekom_Security_TLS_RSA_Root_2023.pem' -> 'C:\\Users\\Acer\\AppData\\Local\\Temp\\scanner_fs_i4qzc315\\rootfs\\etc\\ssl\\certs\\7fa05551.0'
2026-08-23T18:24:55+0530 WARNING container_scanner Skipping symlink etc/ssl/certs/8160b96c.0 -> Microsec_e-Szigno_Root_CA_2009.pem: [WinError 1314] A required privilege is not held by the client: 'Microsec_e-Szigno_Root_CA_2009.pem' -> 'C:\\Users\\Acer\\AppData\\Local\\Temp\\scanner_fs_i4qzc315\\rootfs\\etc\\ssl\\certs\\8160b96c.0'
2026-08-23T18:24:55+0530 WARNING container_scanner Skipping symlink etc/ssl/certs/81f2d2b1.0 -> CommScope_Public_Trust_ECC_Root-02.pem: [WinError 1314] A required privilege is not held by the client: 'CommScope_Public_Trust_ECC_Root-02.pem' -> 'C:\\Users\\Acer\\AppData\\Local\\Temp\\scanner_fs_i4qzc315\\rootfs\\etc\\ssl\\certs\\81f2d2b1.0'
2026-08-23T18:24:55+0530 WARNING container_scanner Skipping symlink etc/ssl/certs/8312c4c1.0 -> CommScope_Public_Trust_RSA_Root-01.pem: [WinError 1314] A required privilege is not held by the client: 'CommScope_Public_Trust_RSA_Root-01.pem' -> 'C:\\Users\\Acer\\AppData\\Local\\Temp\\scanner_fs_i4qzc315\\rootfs\\etc\\ssl\\certs\\8312c4c1.0'
2026-08-23T18:24:55+0530 WARNING container_scanner Skipping symlink etc/ssl/certs/8508e720.0 -> Certainly_Root_E1.pem: [WinError 1314] A required privilege is not held by the client: 'Certainly_Root_E1.pem' -> 'C:\\Users\\Acer\\AppData\\Local\\Temp\\scanner_fs_i4qzc315\\rootfs\\etc\\ssl\\certs\\8508e720.0'
2026-08-23T18:24:55+0530 WARNING container_scanner Skipping symlink etc/ssl/certs/865fbdf9.0 -> SSL.com_TLS_ECC_Root_CA_2022.pem: [WinError 1314] A required privilege is not held by the client: 'SSL.com_TLS_ECC_Root_CA_2022.pem' -> 'C:\\Users\\Acer\\AppData\\Local\\Temp\\scanner_fs_i4qzc315\\rootfs\\etc\\ssl\\certs\\865fbdf9.0'
2026-08-23T18:24:55+0530 WARNING container_scanner Skipping symlink etc/ssl/certs/878d9bca.0 -> SecureSign_Root_CA14.pem: [WinError 1314] A required privilege is not held by the client: 'SecureSign_Root_CA14.pem' -> 'C:\\Users\\Acer\\AppData\\Local\\Temp\\scanner_fs_i4qzc315\\rootfs\\etc\\ssl\\certs\\878d9bca.0'
2026-08-23T18:24:55+0530 WARNING container_scanner Skipping symlink etc/ssl/certs/8cb5ee0f.0 -> Amazon_Root_CA_3.pem: [WinError 1314] A required privilege is not held by the client: 'Amazon_Root_CA_3.pem' -> 'C:\\Users\\Acer\\AppData\\Local\\Temp\\scanner_fs_i4qzc315\\rootfs\\etc\\ssl\\certs\\8cb5ee0f.0'
2026-08-23T18:24:55+0530 WARNING container_scanner Skipping symlink etc/ssl/certs/8d86cdd1.0 -> certSIGN_ROOT_CA.pem: [WinError 1314] A required privilege is not held by the client: 'certSIGN_ROOT_CA.pem' -> 'C:\\Users\\Acer\\AppData\\Local\\Temp\\scanner_fs_i4qzc315\\rootfs\\etc\\ssl\\certs\\8d86cdd1.0'
2026-08-23T18:24:55+0530 WARNING container_scanner Skipping symlink etc/ssl/certs/8d89cda1.0 -> Microsoft_ECC_Root_Certificate_Authority_2017.pem: [WinError 1314] A required privilege is not held by the client: 'Microsoft_ECC_Root_Certificate_Authority_2017.pem' -> 'C:\\Users\\Acer\\AppData\\Local\\Temp\\scanner_fs_i4qzc315\\rootfs\\etc\\ssl\\certs\\8d89cda1.0'
2026-08-23T18:24:55+0530 WARNING container_scanner Skipping symlink etc/ssl/certs/8f103249.0 -> Telia_Root_CA_v2.pem: [WinError 1314] A required privilege is not held by the client: 'Telia_Root_CA_v2.pem' -> 'C:\\Users\\Acer\\AppData\\Local\\Temp\\scanner_fs_i4qzc315\\rootfs\\etc\\ssl\\certs\\8f103249.0'
2026-08-23T18:24:55+0530 WARNING container_scanner Skipping symlink etc/ssl/certs/9046744a.0 -> Sectigo_Public_Server_Authentication_Root_R46.pem: [WinError 1314] A required privilege is not held by the client: 'Sectigo_Public_Server_Authentication_Root_R46.pem' -> 'C:\\Users\\Acer\\AppData\\Local\\Temp\\scanner_fs_i4qzc315\\rootfs\\etc\\ssl\\certs\\9046744a.0'
2026-08-23T18:24:55+0530 WARNING container_scanner Skipping symlink etc/ssl/certs/90c5a3c8.0 -> HiPKI_Root_CA_-_G1.pem: [WinError 1314] A required privilege is not held by the client: 'HiPKI_Root_CA_-_G1.pem' -> 'C:\\Users\\Acer\\AppData\\Local\\Temp\\scanner_fs_i4qzc315\\rootfs\\etc\\ssl\\certs\\90c5a3c8.0'
2026-08-23T18:24:55+0530 WARNING container_scanner Skipping symlink etc/ssl/certs/930ac5d2.0 -> Actalis_Authentication_Root_CA.pem: [WinError 1314] A required privilege is not held by the client: 'Actalis_Authentication_Root_CA.pem' -> 'C:\\Users\\Acer\\AppData\\Local\\Temp\\scanner_fs_i4qzc315\\rootfs\\etc\\ssl\\certs\\930ac5d2.0'
2026-08-23T18:24:55+0530 WARNING container_scanner Skipping symlink etc/ssl/certs/93bc0acc.0 -> AffirmTrust_Networking.pem: [WinError 1314] A required privilege is not held by the client: 'AffirmTrust_Networking.pem' -> 'C:\\Users\\Acer\\AppData\\Local\\Temp\\scanner_fs_i4qzc315\\rootfs\\etc\\ssl\\certs\\93bc0acc.0'
2026-08-23T18:24:55+0530 WARNING container_scanner Skipping symlink etc/ssl/certs/9482e63a.0 -> Certum_EC-384_CA.pem: [WinError 1314] A required privilege is not held by the client: 'Certum_EC-384_CA.pem' -> 'C:\\Users\\Acer\\AppData\\Local\\Temp\\scanner_fs_i4qzc315\\rootfs\\etc\\ssl\\certs\\9482e63a.0'
2026-08-23T18:24:55+0530 WARNING container_scanner Skipping symlink etc/ssl/certs/9846683b.0 -> DigiCert_TLS_ECC_P384_Root_G5.pem: [WinError 1314] A required privilege is not held by the client: 'DigiCert_TLS_ECC_P384_Root_G5.pem' -> 'C:\\Users\\Acer\\AppData\\Local\\Temp\\scanner_fs_i4qzc315\\rootfs\\etc\\ssl\\certs\\9846683b.0'
2026-08-23T18:24:55+0530 WARNING container_scanner Skipping symlink etc/ssl/certs/988a38cb.0 -> NetLock_Arany_=Class_Gold=_Főtanúsítvány.pem: [WinError 1314] A required privilege is not held by the client: 'NetLock_Arany_=Class_Gold=_Főtanúsítvány.pem' -> 'C:\\Users\\Acer\\AppData\\Local\\Temp\\scanner_fs_i4qzc315\\rootfs\\etc\\ssl\\certs\\988a38cb.0'
2026-08-23T18:24:55+0530 WARNING container_scanner Skipping symlink etc/ssl/certs/9b46e03d.0 -> Atos_TrustedRoot_Root_CA_RSA_TLS_2021.pem: [WinError 1314] A required privilege is not held by the client: 'Atos_TrustedRoot_Root_CA_RSA_TLS_2021.pem' -> 'C:\\Users\\Acer\\AppData\\Local\\Temp\\scanner_fs_i4qzc315\\rootfs\\etc\\ssl\\certs\\9b46e03d.0'
2026-08-23T18:24:55+0530 WARNING container_scanner Skipping symlink etc/ssl/certs/9b5697b0.0 -> Trustwave_Global_ECC_P256_Certification_Authority.pem: [WinError 1314] A required privilege is not held by the client: 'Trustwave_Global_ECC_P256_Certification_Authority.pem' -> 'C:\\Users\\Acer\\AppData\\Local\\Temp\\scanner_fs_i4qzc315\\rootfs\\etc\\ssl\\certs\\9b5697b0.0'
2026-08-23T18:24:55+0530 WARNING container_scanner Skipping symlink etc/ssl/certs/9bf03295.0 -> TrustAsia_Global_Root_CA_G3.pem: [WinError 1314] A required privilege is not held by the client: 'TrustAsia_Global_Root_CA_G3.pem' -> 'C:\\Users\\Acer\\AppData\\Local\\Temp\\scanner_fs_i4qzc315\\rootfs\\etc\\ssl\\certs\\9bf03295.0'
2026-08-23T18:24:55+0530 WARNING container_scanner Skipping symlink etc/ssl/certs/9c8dfbd4.0 -> AffirmTrust_Premium_ECC.pem: [WinError 1314] A required privilege is not held by the client: 'AffirmTrust_Premium_ECC.pem' -> 'C:\\Users\\Acer\\AppData\\Local\\Temp\\scanner_fs_i4qzc315\\rootfs\\etc\\ssl\\certs\\9c8dfbd4.0'
2026-08-23T18:24:55+0530 WARNING container_scanner Skipping symlink etc/ssl/certs/9d04f354.0 -> DigiCert_Assured_ID_Root_G2.pem: [WinError 1314] A required privilege is not held by the client: 'DigiCert_Assured_ID_Root_G2.pem' -> 'C:\\Users\\Acer\\AppData\\Local\\Temp\\scanner_fs_i4qzc315\\rootfs\\etc\\ssl\\certs\\9d04f354.0'
2026-08-23T18:24:55+0530 WARNING container_scanner Skipping symlink etc/ssl/certs/9ef4a08a.0 -> D-TRUST_BR_Root_CA_1_2020.pem: [WinError 1314] A required privilege is not held by the client: 'D-TRUST_BR_Root_CA_1_2020.pem' -> 'C:\\Users\\Acer\\AppData\\Local\\Temp\\scanner_fs_i4qzc315\\rootfs\\etc\\ssl\\certs\\9ef4a08a.0'
2026-08-23T18:24:55+0530 WARNING container_scanner Skipping symlink etc/ssl/certs/9f727ac7.0 -> HARICA_TLS_RSA_Root_CA_2021.pem: [WinError 1314] A required privilege is not held by the client: 'HARICA_TLS_RSA_Root_CA_2021.pem' -> 'C:\\Users\\Acer\\AppData\\Local\\Temp\\scanner_fs_i4qzc315\\rootfs\\etc\\ssl\\certs\\9f727ac7.0'
2026-08-23T18:24:55+0530 WARNING container_scanner Skipping symlink etc/ssl/certs/ACCVRAIZ1.pem -> /usr/share/ca-certificates/mozilla/ACCVRAIZ1.crt: [WinError 1314] A required privilege is not held by the client: '../../../usr/share/ca-certificates/mozilla/ACCVRAIZ1.crt' -> 'C:\\Users\\Acer\\AppData\\Local\\Temp\\scanner_fs_i4qzc315\\rootfs\\etc\\ssl\\certs\\ACCVRAIZ1.pem'
2026-08-23T18:24:55+0530 WARNING container_scanner Skipping symlink etc/ssl/certs/AC_RAIZ_FNMT-RCM.pem -> /usr/share/ca-certificates/mozilla/AC_RAIZ_FNMT-RCM.crt: [WinError 1314] A required privilege is not held by the client: '../../../usr/share/ca-certificates/mozilla/AC_RAIZ_FNMT-RCM.crt' -> 'C:\\Users\\Acer\\AppData\\Local\\Temp\\scanner_fs_i4qzc315\\rootfs\\etc\\ssl\\certs\\AC_RAIZ_FNMT-RCM.pem'
2026-08-23T18:24:55+0530 WARNING container_scanner Skipping symlink etc/ssl/certs/AC_RAIZ_FNMT-RCM_SERVIDORES_SEGUROS.pem -> /usr/share/ca-certificates/mozilla/AC_RAIZ_FNMT-RCM_SERVIDORES_SEGUROS.crt: [WinError 1314] A required privilege is not held by the client: '../../../usr/share/ca-certificates/mozilla/AC_RAIZ_FNMT-RCM_SERVIDORES_SEGUROS.crt' -> 'C:\\Users\\Acer\\AppData\\Local\\Temp\\scanner_fs_i4qzc315\\rootfs\\etc\\ssl\\certs\\AC_RAIZ_FNMT-RCM_SERVIDORES_SEGUROS.pem'
2026-08-23T18:24:55+0530 WARNING container_scanner Skipping symlink etc/ssl/certs/ANF_Secure_Server_Root_CA.pem -> /usr/share/ca-certificates/mozilla/ANF_Secure_Server_Root_CA.crt: [WinError 1314] A required privilege is not held by the client: '../../../usr/share/ca-certificates/mozilla/ANF_Secure_Server_Root_CA.crt' -> 'C:\\Users\\Acer\\AppData\\Local\\Temp\\scanner_fs_i4qzc315\\rootfs\\etc\\ssl\\certs\\ANF_Secure_Server_Root_CA.pem'
2026-08-23T18:24:55+0530 WARNING container_scanner Skipping symlink etc/ssl/certs/Actalis_Authentication_Root_CA.pem -> /usr/share/ca-certificates/mozilla/Actalis_Authentication_Root_CA.crt: [WinError 1314] A required privilege is not held by the client: '../../../usr/share/ca-certificates/mozilla/Actalis_Authentication_Root_CA.crt' -> 'C:\\Users\\Acer\\AppData\\Local\\Temp\\scanner_fs_i4qzc315\\rootfs\\etc\\ssl\\certs\\Actalis_Authentication_Root_CA.pem'
2026-08-23T18:24:55+0530 WARNING container_scanner Skipping symlink etc/ssl/certs/AffirmTrust_Commercial.pem -> /usr/share/ca-certificates/mozilla/AffirmTrust_Commercial.crt: [WinError 1314] A required privilege is not held by the client: '../../../usr/share/ca-certificates/mozilla/AffirmTrust_Commercial.crt' -> 'C:\\Users\\Acer\\AppData\\Local\\Temp\\scanner_fs_i4qzc315\\rootfs\\etc\\ssl\\certs\\AffirmTrust_Commercial.pem'
2026-08-23T18:24:55+0530 WARNING container_scanner Skipping symlink etc/ssl/certs/AffirmTrust_Networking.pem -> /usr/share/ca-certificates/mozilla/AffirmTrust_Networking.crt: [WinError 1314] A required privilege is not held by the client: '../../../usr/share/ca-certificates/mozilla/AffirmTrust_Networking.crt' -> 'C:\\Users\\Acer\\AppData\\Local\\Temp\\scanner_fs_i4qzc315\\rootfs\\etc\\ssl\\certs\\AffirmTrust_Networking.pem'
2026-08-23T18:24:55+0530 WARNING container_scanner Skipping symlink etc/ssl/certs/AffirmTrust_Premium.pem -> /usr/share/ca-certificates/mozilla/AffirmTrust_Premium.crt: [WinError 1314] A required privilege is not held by the client: '../../../usr/share/ca-certificates/mozilla/AffirmTrust_Premium.crt' -> 'C:\\Users\\Acer\\AppData\\Local\\Temp\\scanner_fs_i4qzc315\\rootfs\\etc\\ssl\\certs\\AffirmTrust_Premium.pem'
2026-08-23T18:24:55+0530 WARNING container_scanner Skipping symlink etc/ssl/certs/AffirmTrust_Premium_ECC.pem -> /usr/share/ca-certificates/mozilla/AffirmTrust_Premium_ECC.crt: [WinError 1314] A required privilege is not held by the client: '../../../usr/share/ca-certificates/mozilla/AffirmTrust_Premium_ECC.crt' -> 'C:\\Users\\Acer\\AppData\\Local\\Temp\\scanner_fs_i4qzc315\\rootfs\\etc\\ssl\\certs\\AffirmTrust_Premium_ECC.pem'
2026-08-23T18:24:55+0530 WARNING container_scanner Skipping symlink etc/ssl/certs/Amazon_Root_CA_1.pem -> /usr/share/ca-certificates/mozilla/Amazon_Root_CA_1.crt: [WinError 1314] A required privilege is not held by the client: '../../../usr/share/ca-certificates/mozilla/Amazon_Root_CA_1.crt' -> 'C:\\Users\\Acer\\AppData\\Local\\Temp\\scanner_fs_i4qzc315\\rootfs\\etc\\ssl\\certs\\Amazon_Root_CA_1.pem'
2026-08-23T18:24:55+0530 WARNING container_scanner Skipping symlink etc/ssl/certs/Amazon_Root_CA_2.pem -> /usr/share/ca-certificates/mozilla/Amazon_Root_CA_2.crt: [WinError 1314] A required privilege is not held by the client: '../../../usr/share/ca-certificates/mozilla/Amazon_Root_CA_2.crt' -> 'C:\\Users\\Acer\\AppData\\Local\\Temp\\scanner_fs_i4qzc315\\rootfs\\etc\\ssl\\certs\\Amazon_Root_CA_2.pem'
2026-08-23T18:24:55+0530 WARNING container_scanner Skipping symlink etc/ssl/certs/Amazon_Root_CA_3.pem -> /usr/share/ca-certificates/mozilla/Amazon_Root_CA_3.crt: [WinError 1314] A required privilege is not held by the client: '../../../usr/share/ca-certificates/mozilla/Amazon_Root_CA_3.crt' -> 'C:\\Users\\Acer\\AppData\\Local\\Temp\\scanner_fs_i4qzc315\\rootfs\\etc\\ssl\\certs\\Amazon_Root_CA_3.pem'
2026-08-23T18:24:55+0530 WARNING container_scanner Skipping symlink etc/ssl/certs/Amazon_Root_CA_4.pem -> /usr/share/ca-certificates/mozilla/Amazon_Root_CA_4.crt: [WinError 1314] A required privilege is not held by the client: '../../../usr/share/ca-certificates/mozilla/Amazon_Root_CA_4.crt' -> 'C:\\Users\\Acer\\AppData\\Local\\Temp\\scanner_fs_i4qzc315\\rootfs\\etc\\ssl\\certs\\Amazon_Root_CA_4.pem'
2026-08-23T18:24:55+0530 WARNING container_scanner Skipping symlink etc/ssl/certs/Atos_TrustedRoot_2011.pem -> /usr/share/ca-certificates/mozilla/Atos_TrustedRoot_2011.crt: [WinError 1314] A required privilege is not held by the client: '../../../usr/share/ca-certificates/mozilla/Atos_TrustedRoot_2011.crt' -> 'C:\\Users\\Acer\\AppData\\Local\\Temp\\scanner_fs_i4qzc315\\rootfs\\etc\\ssl\\certs\\Atos_TrustedRoot_2011.pem'
2026-08-23T18:24:55+0530 WARNING container_scanner Skipping symlink etc/ssl/certs/Atos_TrustedRoot_Root_CA_ECC_TLS_2021.pem -> /usr/share/ca-certificates/mozilla/Atos_TrustedRoot_Root_CA_ECC_TLS_2021.crt: [WinError 1314] A required privilege is not held by the client: '../../../usr/share/ca-certificates/mozilla/Atos_TrustedRoot_Root_CA_ECC_TLS_2021.crt' -> 'C:\\Users\\Acer\\AppData\\Local\\Temp\\scanner_fs_i4qzc315\\rootfs\\etc\\ssl\\certs\\Atos_TrustedRoot_Root_CA_ECC_TLS_2021.pem'
2026-08-23T18:24:55+0530 WARNING container_scanner Skipping symlink etc/ssl/certs/Atos_TrustedRoot_Root_CA_RSA_TLS_2021.pem -> /usr/share/ca-certificates/mozilla/Atos_TrustedRoot_Root_CA_RSA_TLS_2021.crt: [WinError 1314] A required privilege is not held by the client: '../../../usr/share/ca-certificates/mozilla/Atos_TrustedRoot_Root_CA_RSA_TLS_2021.crt' -> 'C:\\Users\\Acer\\AppData\\Local\\Temp\\scanner_fs_i4qzc315\\rootfs\\etc\\ssl\\certs\\Atos_TrustedRoot_Root_CA_RSA_TLS_2021.pem'
2026-08-23T18:24:55+0530 WARNING container_scanner Skipping symlink etc/ssl/certs/Autoridad_de_Certificacion_Firmaprofesional_CIF_A62634068.pem -> /usr/share/ca-certificates/mozilla/Autoridad_de_Certificacion_Firmaprofesional_CIF_A62634068.crt: [WinError 1314] A required privilege is not held by the client: '../../../usr/share/ca-certificates/mozilla/Autoridad_de_Certificacion_Firmaprofesional_CIF_A62634068.crt' -> 'C:\\Users\\Acer\\AppData\\Local\\Temp\\scanner_fs_i4qzc315\\rootfs\\etc\\ssl\\certs\\Autoridad_de_Certificacion_Firmaprofesional_CIF_A62634068.pem'
2026-08-23T18:24:55+0530 WARNING container_scanner Skipping symlink etc/ssl/certs/BJCA_Global_Root_CA1.pem -> /usr/share/ca-certificates/mozilla/BJCA_Global_Root_CA1.crt: [WinError 1314] A required privilege is not held by the client: '../../../usr/share/ca-certificates/mozilla/BJCA_Global_Root_CA1.crt' -> 'C:\\Users\\Acer\\AppData\\Local\\Temp\\scanner_fs_i4qzc315\\rootfs\\etc\\ssl\\certs\\BJCA_Global_Root_CA1.pem'
2026-08-23T18:24:55+0530 WARNING container_scanner Skipping symlink etc/ssl/certs/BJCA_Global_Root_CA2.pem -> /usr/share/ca-certificates/mozilla/BJCA_Global_Root_CA2.crt: [WinError 1314] A required privilege is not held by the client: '../../../usr/share/ca-certificates/mozilla/BJCA_Global_Root_CA2.crt' -> 'C:\\Users\\Acer\\AppData\\Local\\Temp\\scanner_fs_i4qzc315\\rootfs\\etc\\ssl\\certs\\BJCA_Global_Root_CA2.pem'
2026-08-23T18:24:55+0530 WARNING container_scanner Skipping symlink etc/ssl/certs/Baltimore_CyberTrust_Root.pem -> /usr/share/ca-certificates/mozilla/Baltimore_CyberTrust_Root.crt: [WinError 1314] A required privilege is not held by the client: '../../../usr/share/ca-certificates/mozilla/Baltimore_CyberTrust_Root.crt' -> 'C:\\Users\\Acer\\AppData\\Local\\Temp\\scanner_fs_i4qzc315\\rootfs\\etc\\ssl\\certs\\Baltimore_CyberTrust_Root.pem'
2026-08-23T18:24:55+0530 WARNING container_scanner Skipping symlink etc/ssl/certs/Buypass_Class_2_Root_CA.pem -> /usr/share/ca-certificates/mozilla/Buypass_Class_2_Root_CA.crt: [WinError 1314] A required privilege is not held by the client: '../../../usr/share/ca-certificates/mozilla/Buypass_Class_2_Root_CA.crt' -> 'C:\\Users\\Acer\\AppData\\Local\\Temp\\scanner_fs_i4qzc315\\rootfs\\etc\\ssl\\certs\\Buypass_Class_2_Root_CA.pem'
2026-08-23T18:24:55+0530 WARNING container_scanner Skipping symlink etc/ssl/certs/Buypass_Class_3_Root_CA.pem -> /usr/share/ca-certificates/mozilla/Buypass_Class_3_Root_CA.crt: [WinError 1314] A required privilege is not held by the client: '../../../usr/share/ca-certificates/mozilla/Buypass_Class_3_Root_CA.crt' -> 'C:\\Users\\Acer\\AppData\\Local\\Temp\\scanner_fs_i4qzc315\\rootfs\\etc\\ssl\\certs\\Buypass_Class_3_Root_CA.pem'
2026-08-23T18:24:55+0530 WARNING container_scanner Skipping symlink etc/ssl/certs/CA_Disig_Root_R2.pem -> /usr/share/ca-certificates/mozilla/CA_Disig_Root_R2.crt: [WinError 1314] A required privilege is not held by the client: '../../../usr/share/ca-certificates/mozilla/CA_Disig_Root_R2.crt' -> 'C:\\Users\\Acer\\AppData\\Local\\Temp\\scanner_fs_i4qzc315\\rootfs\\etc\\ssl\\certs\\CA_Disig_Root_R2.pem'
2026-08-23T18:24:55+0530 WARNING container_scanner Skipping symlink etc/ssl/certs/CFCA_EV_ROOT.pem -> /usr/share/ca-certificates/mozilla/CFCA_EV_ROOT.crt: [WinError 1314] A required privilege is not held by the client: '../../../usr/share/ca-certificates/mozilla/CFCA_EV_ROOT.crt' -> 'C:\\Users\\Acer\\AppData\\Local\\Temp\\scanner_fs_i4qzc315\\rootfs\\etc\\ssl\\certs\\CFCA_EV_ROOT.pem'
2026-08-23T18:24:55+0530 WARNING container_scanner Skipping symlink etc/ssl/certs/COMODO_Certification_Authority.pem -> /usr/share/ca-certificates/mozilla/COMODO_Certification_Authority.crt: [WinError 1314] A required privilege is not held by the client: '../../../usr/share/ca-certificates/mozilla/COMODO_Certification_Authority.crt' -> 'C:\\Users\\Acer\\AppData\\Local\\Temp\\scanner_fs_i4qzc315\\rootfs\\etc\\ssl\\certs\\COMODO_Certification_Authority.pem'
2026-08-23T18:24:55+0530 WARNING container_scanner Skipping symlink etc/ssl/certs/COMODO_ECC_Certification_Authority.pem -> /usr/share/ca-certificates/mozilla/COMODO_ECC_Certification_Authority.crt: [WinError 1314] A required privilege is not held by the client: '../../../usr/share/ca-certificates/mozilla/COMODO_ECC_Certification_Authority.crt' -> 'C:\\Users\\Acer\\AppData\\Local\\Temp\\scanner_fs_i4qzc315\\rootfs\\etc\\ssl\\certs\\COMODO_ECC_Certification_Authority.pem'
2026-08-23T18:24:55+0530 WARNING container_scanner Skipping symlink etc/ssl/certs/COMODO_RSA_Certification_Authority.pem -> /usr/share/ca-certificates/mozilla/COMODO_RSA_Certification_Authority.crt: [WinError 1314] A required privilege is not held by the client: '../../../usr/share/ca-certificates/mozilla/COMODO_RSA_Certification_Authority.crt' -> 'C:\\Users\\Acer\\AppData\\Local\\Temp\\scanner_fs_i4qzc315\\rootfs\\etc\\ssl\\certs\\COMODO_RSA_Certification_Authority.pem'
2026-08-23T18:24:55+0530 WARNING container_scanner Skipping symlink etc/ssl/certs/Certainly_Root_E1.pem -> /usr/share/ca-certificates/mozilla/Certainly_Root_E1.crt: [WinError 1314] A required privilege is not held by the client: '../../../usr/share/ca-certificates/mozilla/Certainly_Root_E1.crt' -> 'C:\\Users\\Acer\\AppData\\Local\\Temp\\scanner_fs_i4qzc315\\rootfs\\etc\\ssl\\certs\\Certainly_Root_E1.pem'
2026-08-23T18:24:55+0530 WARNING container_scanner Skipping symlink etc/ssl/certs/Certainly_Root_R1.pem -> /usr/share/ca-certificates/mozilla/Certainly_Root_R1.crt: [WinError 1314] A required privilege is not held by the client: '../../../usr/share/ca-certificates/mozilla/Certainly_Root_R1.crt' -> 'C:\\Users\\Acer\\AppData\\Local\\Temp\\scanner_fs_i4qzc315\\rootfs\\etc\\ssl\\certs\\Certainly_Root_R1.pem'
2026-08-23T18:24:55+0530 WARNING container_scanner Skipping symlink etc/ssl/certs/Certigna.pem -> /usr/share/ca-certificates/mozilla/Certigna.crt: [WinError 1314] A required privilege is not held by the client: '../../../usr/share/ca-certificates/mozilla/Certigna.crt' -> 'C:\\Users\\Acer\\AppData\\Local\\Temp\\scanner_fs_i4qzc315\\rootfs\\etc\\ssl\\certs\\Certigna.pem'
2026-08-23T18:24:55+0530 WARNING container_scanner Skipping symlink etc/ssl/certs/Certigna_Root_CA.pem -> /usr/share/ca-certificates/mozilla/Certigna_Root_CA.crt: [WinError 1314] A required privilege is not held by the client: '../../../usr/share/ca-certificates/mozilla/Certigna_Root_CA.crt' -> 'C:\\Users\\Acer\\AppData\\Local\\Temp\\scanner_fs_i4qzc315\\rootfs\\etc\\ssl\\certs\\Certigna_Root_CA.pem'
2026-08-23T18:24:55+0530 WARNING container_scanner Skipping symlink etc/ssl/certs/Certum_EC-384_CA.pem -> /usr/share/ca-certificates/mozilla/Certum_EC-384_CA.crt: [WinError 1314] A required privilege is not held by the client: '../../../usr/share/ca-certificates/mozilla/Certum_EC-384_CA.crt' -> 'C:\\Users\\Acer\\AppData\\Local\\Temp\\scanner_fs_i4qzc315\\rootfs\\etc\\ssl\\certs\\Certum_EC-384_CA.pem'
2026-08-23T18:24:55+0530 WARNING container_scanner Skipping symlink etc/ssl/certs/Certum_Trusted_Network_CA.pem -> /usr/share/ca-certificates/mozilla/Certum_Trusted_Network_CA.crt: [WinError 1314] A required privilege is not held by the client: '../../../usr/share/ca-certificates/mozilla/Certum_Trusted_Network_CA.crt' -> 'C:\\Users\\Acer\\AppData\\Local\\Temp\\scanner_fs_i4qzc315\\rootfs\\etc\\ssl\\certs\\Certum_Trusted_Network_CA.pem'
2026-08-23T18:24:55+0530 WARNING container_scanner Skipping symlink etc/ssl/certs/Certum_Trusted_Network_CA_2.pem -> /usr/share/ca-certificates/mozilla/Certum_Trusted_Network_CA_2.crt: [WinError 1314] A required privilege is not held by the client: '../../../usr/share/ca-certificates/mozilla/Certum_Trusted_Network_CA_2.crt' -> 'C:\\Users\\Acer\\AppData\\Local\\Temp\\scanner_fs_i4qzc315\\rootfs\\etc\\ssl\\certs\\Certum_Trusted_Network_CA_2.pem'
2026-08-23T18:24:55+0530 WARNING container_scanner Skipping symlink etc/ssl/certs/Certum_Trusted_Root_CA.pem -> /usr/share/ca-certificates/mozilla/Certum_Trusted_Root_CA.crt: [WinError 1314] A required privilege is not held by the client: '../../../usr/share/ca-certificates/mozilla/Certum_Trusted_Root_CA.crt' -> 'C:\\Users\\Acer\\AppData\\Local\\Temp\\scanner_fs_i4qzc315\\rootfs\\etc\\ssl\\certs\\Certum_Trusted_Root_CA.pem'
2026-08-23T18:24:55+0530 WARNING container_scanner Skipping symlink etc/ssl/certs/CommScope_Public_Trust_ECC_Root-01.pem -> /usr/share/ca-certificates/mozilla/CommScope_Public_Trust_ECC_Root-01.crt: [WinError 1314] A required privilege is not held by the client: '../../../usr/share/ca-certificates/mozilla/CommScope_Public_Trust_ECC_Root-01.crt' -> 'C:\\Users\\Acer\\AppData\\Local\\Temp\\scanner_fs_i4qzc315\\rootfs\\etc\\ssl\\certs\\CommScope_Public_Trust_ECC_Root-01.pem'
2026-08-23T18:24:55+0530 WARNING container_scanner Skipping symlink etc/ssl/certs/CommScope_Public_Trust_ECC_Root-02.pem -> /usr/share/ca-certificates/mozilla/CommScope_Public_Trust_ECC_Root-02.crt: [WinError 1314] A required privilege is not held by the client: '../../../usr/share/ca-certificates/mozilla/CommScope_Public_Trust_ECC_Root-02.crt' -> 'C:\\Users\\Acer\\AppData\\Local\\Temp\\scanner_fs_i4qzc315\\rootfs\\etc\\ssl\\certs\\CommScope_Public_Trust_ECC_Root-02.pem'
2026-08-23T18:24:55+0530 WARNING container_scanner Skipping symlink etc/ssl/certs/CommScope_Public_Trust_RSA_Root-01.pem -> /usr/share/ca-certificates/mozilla/CommScope_Public_Trust_RSA_Root-01.crt: [WinError 1314] A required privilege is not held by the client: '../../../usr/share/ca-certificates/mozilla/CommScope_Public_Trust_RSA_Root-01.crt' -> 'C:\\Users\\Acer\\AppData\\Local\\Temp\\scanner_fs_i4qzc315\\rootfs\\etc\\ssl\\certs\\CommScope_Public_Trust_RSA_Root-01.pem'
2026-08-23T18:24:55+0530 WARNING container_scanner Skipping symlink etc/ssl/certs/CommScope_Public_Trust_RSA_Root-02.pem -> /usr/share/ca-certificates/mozilla/CommScope_Public_Trust_RSA_Root-02.crt: [WinError 1314] A required privilege is not held by the client: '../../../usr/share/ca-certificates/mozilla/CommScope_Public_Trust_RSA_Root-02.crt' -> 'C:\\Users\\Acer\\AppData\\Local\\Temp\\scanner_fs_i4qzc315\\rootfs\\etc\\ssl\\certs\\CommScope_Public_Trust_RSA_Root-02.pem'
2026-08-23T18:24:55+0530 WARNING container_scanner Skipping symlink etc/ssl/certs/Comodo_AAA_Services_root.pem -> /usr/share/ca-certificates/mozilla/Comodo_AAA_Services_root.crt: [WinError 1314] A required privilege is not held by the client: '../../../usr/share/ca-certificates/mozilla/Comodo_AAA_Services_root.crt' -> 'C:\\Users\\Acer\\AppData\\Local\\Temp\\scanner_fs_i4qzc315\\rootfs\\etc\\ssl\\certs\\Comodo_AAA_Services_root.pem'
2026-08-23T18:24:55+0530 WARNING container_scanner Skipping symlink etc/ssl/certs/D-TRUST_BR_Root_CA_1_2020.pem -> /usr/share/ca-certificates/mozilla/D-TRUST_BR_Root_CA_1_2020.crt: [WinError 1314] A required privilege is not held by the client: '../../../usr/share/ca-certificates/mozilla/D-TRUST_BR_Root_CA_1_2020.crt' -> 'C:\\Users\\Acer\\AppData\\Local\\Temp\\scanner_fs_i4qzc315\\rootfs\\etc\\ssl\\certs\\D-TRUST_BR_Root_CA_1_2020.pem'
2026-08-23T18:24:55+0530 WARNING container_scanner Skipping symlink etc/ssl/certs/D-TRUST_BR_Root_CA_2_2023.pem -> /usr/share/ca-certificates/mozilla/D-TRUST_BR_Root_CA_2_2023.crt: [WinError 1314] A required privilege is not held by the client: '../../../usr/share/ca-certificates/mozilla/D-TRUST_BR_Root_CA_2_2023.crt' -> 'C:\\Users\\Acer\\AppData\\Local\\Temp\\scanner_fs_i4qzc315\\rootfs\\etc\\ssl\\certs\\D-TRUST_BR_Root_CA_2_2023.pem'
2026-08-23T18:24:55+0530 WARNING container_scanner Skipping symlink etc/ssl/certs/D-TRUST_EV_Root_CA_1_2020.pem -> /usr/share/ca-certificates/mozilla/D-TRUST_EV_Root_CA_1_2020.crt: [WinError 1314] A required privilege is not held by the client: '../../../usr/share/ca-certificates/mozilla/D-TRUST_EV_Root_CA_1_2020.crt' -> 'C:\\Users\\Acer\\AppData\\Local\\Temp\\scanner_fs_i4qzc315\\rootfs\\etc\\ssl\\certs\\D-TRUST_EV_Root_CA_1_2020.pem'
2026-08-23T18:24:55+0530 WARNING container_scanner Skipping symlink etc/ssl/certs/D-TRUST_EV_Root_CA_2_2023.pem -> /usr/share/ca-certificates/mozilla/D-TRUST_EV_Root_CA_2_2023.crt: [WinError 1314] A required privilege is not held by the client: '../../../usr/share/ca-certificates/mozilla/D-TRUST_EV_Root_CA_2_2023.crt' -> 'C:\\Users\\Acer\\AppData\\Local\\Temp\\scanner_fs_i4qzc315\\rootfs\\etc\\ssl\\certs\\D-TRUST_EV_Root_CA_2_2023.pem'
2026-08-23T18:24:55+0530 WARNING container_scanner Skipping symlink etc/ssl/certs/D-TRUST_Root_Class_3_CA_2_2009.pem -> /usr/share/ca-certificates/mozilla/D-TRUST_Root_Class_3_CA_2_2009.crt: [WinError 1314] A required privilege is not held by the client: '../../../usr/share/ca-certificates/mozilla/D-TRUST_Root_Class_3_CA_2_2009.crt' -> 'C:\\Users\\Acer\\AppData\\Local\\Temp\\scanner_fs_i4qzc315\\rootfs\\etc\\ssl\\certs\\D-TRUST_Root_Class_3_CA_2_2009.pem'
2026-08-23T18:24:55+0530 WARNING container_scanner Skipping symlink etc/ssl/certs/D-TRUST_Root_Class_3_CA_2_EV_2009.pem -> /usr/share/ca-certificates/mozilla/D-TRUST_Root_Class_3_CA_2_EV_2009.crt: [WinError 1314] A required privilege is not held by the client: '../../../usr/share/ca-certificates/mozilla/D-TRUST_Root_Class_3_CA_2_EV_2009.crt' -> 'C:\\Users\\Acer\\AppData\\Local\\Temp\\scanner_fs_i4qzc315\\rootfs\\etc\\ssl\\certs\\D-TRUST_Root_Class_3_CA_2_EV_2009.pem'
2026-08-23T18:24:55+0530 WARNING container_scanner Skipping symlink etc/ssl/certs/DigiCert_Assured_ID_Root_CA.pem -> /usr/share/ca-certificates/mozilla/DigiCert_Assured_ID_Root_CA.crt: [WinError 1314] A required privilege is not held by the client: '../../../usr/share/ca-certificates/mozilla/DigiCert_Assured_ID_Root_CA.crt' -> 'C:\\Users\\Acer\\AppData\\Local\\Temp\\scanner_fs_i4qzc315\\rootfs\\etc\\ssl\\certs\\DigiCert_Assured_ID_Root_CA.pem'
2026-08-23T18:24:55+0530 WARNING container_scanner Skipping symlink etc/ssl/certs/DigiCert_Assured_ID_Root_G2.pem -> /usr/share/ca-certificates/mozilla/DigiCert_Assured_ID_Root_G2.crt: [WinError 1314] A required privilege is not held by the client: '../../../usr/share/ca-certificates/mozilla/DigiCert_Assured_ID_Root_G2.crt' -> 'C:\\Users\\Acer\\AppData\\Local\\Temp\\scanner_fs_i4qzc315\\rootfs\\etc\\ssl\\certs\\DigiCert_Assured_ID_Root_G2.pem'
2026-08-23T18:24:55+0530 WARNING container_scanner Skipping symlink etc/ssl/certs/DigiCert_Assured_ID_Root_G3.pem -> /usr/share/ca-certificates/mozilla/DigiCert_Assured_ID_Root_G3.crt: [WinError 1314] A required privilege is not held by the client: '../../../usr/share/ca-certificates/mozilla/DigiCert_Assured_ID_Root_G3.crt' -> 'C:\\Users\\Acer\\AppData\\Local\\Temp\\scanner_fs_i4qzc315\\rootfs\\etc\\ssl\\certs\\DigiCert_Assured_ID_Root_G3.pem'
2026-08-23T18:24:55+0530 WARNING container_scanner Skipping symlink etc/ssl/certs/DigiCert_Global_Root_CA.pem -> /usr/share/ca-certificates/mozilla/DigiCert_Global_Root_CA.crt: [WinError 1314] A required privilege is not held by the client: '../../../usr/share/ca-certificates/mozilla/DigiCert_Global_Root_CA.crt' -> 'C:\\Users\\Acer\\AppData\\Local\\Temp\\scanner_fs_i4qzc315\\rootfs\\etc\\ssl\\certs\\DigiCert_Global_Root_CA.pem'
2026-08-23T18:24:55+0530 WARNING container_scanner Skipping symlink etc/ssl/certs/DigiCert_Global_Root_G2.pem -> /usr/share/ca-certificates/mozilla/DigiCert_Global_Root_G2.crt: [WinError 1314] A required privilege is not held by the client: '../../../usr/share/ca-certificates/mozilla/DigiCert_Global_Root_G2.crt' -> 'C:\\Users\\Acer\\AppData\\Local\\Temp\\scanner_fs_i4qzc315\\rootfs\\etc\\ssl\\certs\\DigiCert_Global_Root_G2.pem'
2026-08-23T18:24:55+0530 WARNING container_scanner Skipping symlink etc/ssl/certs/DigiCert_Global_Root_G3.pem -> /usr/share/ca-certificates/mozilla/DigiCert_Global_Root_G3.crt: [WinError 1314] A required privilege is not held by the client: '../../../usr/share/ca-certificates/mozilla/DigiCert_Global_Root_G3.crt' -> 'C:\\Users\\Acer\\AppData\\Local\\Temp\\scanner_fs_i4qzc315\\rootfs\\etc\\ssl\\certs\\DigiCert_Global_Root_G3.pem'
2026-08-23T18:24:55+0530 WARNING container_scanner Skipping symlink etc/ssl/certs/DigiCert_High_Assurance_EV_Root_CA.pem -> /usr/share/ca-certificates/mozilla/DigiCert_High_Assurance_EV_Root_CA.crt: [WinError 1314] A required privilege is not held by the client: '../../../usr/share/ca-certificates/mozilla/DigiCert_High_Assurance_EV_Root_CA.crt' -> 'C:\\Users\\Acer\\AppData\\Local\\Temp\\scanner_fs_i4qzc315\\rootfs\\etc\\ssl\\certs\\DigiCert_High_Assurance_EV_Root_CA.pem'
2026-08-23T18:24:55+0530 WARNING container_scanner Skipping symlink etc/ssl/certs/DigiCert_TLS_ECC_P384_Root_G5.pem -> /usr/share/ca-certificates/mozilla/DigiCert_TLS_ECC_P384_Root_G5.crt: [WinError 1314] A required privilege is not held by the client: '../../../usr/share/ca-certificates/mozilla/DigiCert_TLS_ECC_P384_Root_G5.crt' -> 'C:\\Users\\Acer\\AppData\\Local\\Temp\\scanner_fs_i4qzc315\\rootfs\\etc\\ssl\\certs\\DigiCert_TLS_ECC_P384_Root_G5.pem'
2026-08-23T18:24:55+0530 WARNING container_scanner Skipping symlink etc/ssl/certs/DigiCert_TLS_RSA4096_Root_G5.pem -> /usr/share/ca-certificates/mozilla/DigiCert_TLS_RSA4096_Root_G5.crt: [WinError 1314] A required privilege is not held by the client: '../../../usr/share/ca-certificates/mozilla/DigiCert_TLS_RSA4096_Root_G5.crt' -> 'C:\\Users\\Acer\\AppData\\Local\\Temp\\scanner_fs_i4qzc315\\rootfs\\etc\\ssl\\certs\\DigiCert_TLS_RSA4096_Root_G5.pem'
2026-08-23T18:24:56+0530 WARNING container_scanner Skipping symlink etc/ssl/certs/DigiCert_Trusted_Root_G4.pem -> /usr/share/ca-certificates/mozilla/DigiCert_Trusted_Root_G4.crt: [WinError 1314] A required privilege is not held by the client: '../../../usr/share/ca-certificates/mozilla/DigiCert_Trusted_Root_G4.crt' -> 'C:\\Users\\Acer\\AppData\\Local\\Temp\\scanner_fs_i4qzc315\\rootfs\\etc\\ssl\\certs\\DigiCert_Trusted_Root_G4.pem'
2026-08-23T18:24:56+0530 WARNING container_scanner Skipping symlink etc/ssl/certs/Entrust.net_Premium_2048_Secure_Server_CA.pem -> /usr/share/ca-certificates/mozilla/Entrust.net_Premium_2048_Secure_Server_CA.crt: [WinError 1314] A required privilege is not held by the client: '../../../usr/share/ca-certificates/mozilla/Entrust.net_Premium_2048_Secure_Server_CA.crt' -> 'C:\\Users\\Acer\\AppData\\Local\\Temp\\scanner_fs_i4qzc315\\rootfs\\etc\\ssl\\certs\\Entrust.net_Premium_2048_Secure_Server_CA.pem'
2026-08-23T18:24:56+0530 WARNING container_scanner Skipping symlink etc/ssl/certs/Entrust_Root_Certification_Authority.pem -> /usr/share/ca-certificates/mozilla/Entrust_Root_Certification_Authority.crt: [WinError 1314] A required privilege is not held by the client: '../../../usr/share/ca-certificates/mozilla/Entrust_Root_Certification_Authority.crt' -> 'C:\\Users\\Acer\\AppData\\Local\\Temp\\scanner_fs_i4qzc315\\rootfs\\etc\\ssl\\certs\\Entrust_Root_Certification_Authority.pem'
2026-08-23T18:24:56+0530 WARNING container_scanner Skipping symlink etc/ssl/certs/Entrust_Root_Certification_Authority_-_EC1.pem -> /usr/share/ca-certificates/mozilla/Entrust_Root_Certification_Authority_-_EC1.crt: [WinError 1314] A required privilege is not held by the client: '../../../usr/share/ca-certificates/mozilla/Entrust_Root_Certification_Authority_-_EC1.crt' -> 'C:\\Users\\Acer\\AppData\\Local\\Temp\\scanner_fs_i4qzc315\\rootfs\\etc\\ssl\\certs\\Entrust_Root_Certification_Authority_-_EC1.pem'
2026-08-23T18:24:56+0530 WARNING container_scanner Skipping symlink etc/ssl/certs/Entrust_Root_Certification_Authority_-_G2.pem -> /usr/share/ca-certificates/mozilla/Entrust_Root_Certification_Authority_-_G2.crt: [WinError 1314] A required privilege is not held by the client: '../../../usr/share/ca-certificates/mozilla/Entrust_Root_Certification_Authority_-_G2.crt' -> 'C:\\Users\\Acer\\AppData\\Local\\Temp\\scanner_fs_i4qzc315\\rootfs\\etc\\ssl\\certs\\Entrust_Root_Certification_Authority_-_G2.pem'
2026-08-23T18:24:56+0530 WARNING container_scanner Skipping symlink etc/ssl/certs/FIRMAPROFESIONAL_CA_ROOT-A_WEB.pem -> /usr/share/ca-certificates/mozilla/FIRMAPROFESIONAL_CA_ROOT-A_WEB.crt: [WinError 1314] A required privilege is not held by the client: '../../../usr/share/ca-certificates/mozilla/FIRMAPROFESIONAL_CA_ROOT-A_WEB.crt' -> 'C:\\Users\\Acer\\AppData\\Local\\Temp\\scanner_fs_i4qzc315\\rootfs\\etc\\ssl\\certs\\FIRMAPROFESIONAL_CA_ROOT-A_WEB.pem'
2026-08-23T18:24:56+0530 WARNING container_scanner Skipping symlink etc/ssl/certs/GDCA_TrustAUTH_R5_ROOT.pem -> /usr/share/ca-certificates/mozilla/GDCA_TrustAUTH_R5_ROOT.crt: [WinError 1314] A required privilege is not held by the client: '../../../usr/share/ca-certificates/mozilla/GDCA_TrustAUTH_R5_ROOT.crt' -> 'C:\\Users\\Acer\\AppData\\Local\\Temp\\scanner_fs_i4qzc315\\rootfs\\etc\\ssl\\certs\\GDCA_TrustAUTH_R5_ROOT.pem'
2026-08-23T18:24:56+0530 WARNING container_scanner Skipping symlink etc/ssl/certs/GLOBALTRUST_2020.pem -> /usr/share/ca-certificates/mozilla/GLOBALTRUST_2020.crt: [WinError 1314] A required privilege is not held by the client: '../../../usr/share/ca-certificates/mozilla/GLOBALTRUST_2020.crt' -> 'C:\\Users\\Acer\\AppData\\Local\\Temp\\scanner_fs_i4qzc315\\rootfs\\etc\\ssl\\certs\\GLOBALTRUST_2020.pem'
2026-08-23T18:24:56+0530 WARNING container_scanner Skipping symlink etc/ssl/certs/GTS_Root_R1.pem -> /usr/share/ca-certificates/mozilla/GTS_Root_R1.crt: [WinError 1314] A required privilege is not held by the client: '../../../usr/share/ca-certificates/mozilla/GTS_Root_R1.crt' -> 'C:\\Users\\Acer\\AppData\\Local\\Temp\\scanner_fs_i4qzc315\\rootfs\\etc\\ssl\\certs\\GTS_Root_R1.pem'
2026-08-23T18:24:56+0530 WARNING container_scanner Skipping symlink etc/ssl/certs/GTS_Root_R2.pem -> /usr/share/ca-certificates/mozilla/GTS_Root_R2.crt: [WinError 1314] A required privilege is not held by the client: '../../../usr/share/ca-certificates/mozilla/GTS_Root_R2.crt' -> 'C:\\Users\\Acer\\AppData\\Local\\Temp\\scanner_fs_i4qzc315\\rootfs\\etc\\ssl\\certs\\GTS_Root_R2.pem'
2026-08-23T18:24:56+0530 WARNING container_scanner Skipping symlink etc/ssl/certs/GTS_Root_R3.pem -> /usr/share/ca-certificates/mozilla/GTS_Root_R3.crt: [WinError 1314] A required privilege is not held by the client: '../../../usr/share/ca-certificates/mozilla/GTS_Root_R3.crt' -> 'C:\\Users\\Acer\\AppData\\Local\\Temp\\scanner_fs_i4qzc315\\rootfs\\etc\\ssl\\certs\\GTS_Root_R3.pem'
2026-08-23T18:24:56+0530 WARNING container_scanner Skipping symlink etc/ssl/certs/GTS_Root_R4.pem -> /usr/share/ca-certificates/mozilla/GTS_Root_R4.crt: [WinError 1314] A required privilege is not held by the client: '../../../usr/share/ca-certificates/mozilla/GTS_Root_R4.crt' -> 'C:\\Users\\Acer\\AppData\\Local\\Temp\\scanner_fs_i4qzc315\\rootfs\\etc\\ssl\\certs\\GTS_Root_R4.pem'
2026-08-23T18:24:56+0530 WARNING container_scanner Skipping symlink etc/ssl/certs/GlobalSign_ECC_Root_CA_-_R4.pem -> /usr/share/ca-certificates/mozilla/GlobalSign_ECC_Root_CA_-_R4.crt: [WinError 1314] A required privilege is not held by the client: '../../../usr/share/ca-certificates/mozilla/GlobalSign_ECC_Root_CA_-_R4.crt' -> 'C:\\Users\\Acer\\AppData\\Local\\Temp\\scanner_fs_i4qzc315\\rootfs\\etc\\ssl\\certs\\GlobalSign_ECC_Root_CA_-_R4.pem'
2026-08-23T18:24:56+0530 WARNING container_scanner Skipping symlink etc/ssl/certs/GlobalSign_ECC_Root_CA_-_R5.pem -> /usr/share/ca-certificates/mozilla/GlobalSign_ECC_Root_CA_-_R5.crt: [WinError 1314] A required privilege is not held by the client: '../../../usr/share/ca-certificates/mozilla/GlobalSign_ECC_Root_CA_-_R5.crt' -> 'C:\\Users\\Acer\\AppData\\Local\\Temp\\scanner_fs_i4qzc315\\rootfs\\etc\\ssl\\certs\\GlobalSign_ECC_Root_CA_-_R5.pem'
2026-08-23T18:24:56+0530 WARNING container_scanner Skipping symlink etc/ssl/certs/GlobalSign_Root_CA.pem -> /usr/share/ca-certificates/mozilla/GlobalSign_Root_CA.crt: [WinError 1314] A required privilege is not held by the client: '../../../usr/share/ca-certificates/mozilla/GlobalSign_Root_CA.crt' -> 'C:\\Users\\Acer\\AppData\\Local\\Temp\\scanner_fs_i4qzc315\\rootfs\\etc\\ssl\\certs\\GlobalSign_Root_CA.pem'
2026-08-23T18:24:56+0530 WARNING container_scanner Skipping symlink etc/ssl/certs/GlobalSign_Root_CA_-_R3.pem -> /usr/share/ca-certificates/mozilla/GlobalSign_Root_CA_-_R3.crt: [WinError 1314] A required privilege is not held by the client: '../../../usr/share/ca-certificates/mozilla/GlobalSign_Root_CA_-_R3.crt' -> 'C:\\Users\\Acer\\AppData\\Local\\Temp\\scanner_fs_i4qzc315\\rootfs\\etc\\ssl\\certs\\GlobalSign_Root_CA_-_R3.pem'
2026-08-23T18:24:56+0530 WARNING container_scanner Skipping symlink etc/ssl/certs/GlobalSign_Root_CA_-_R6.pem -> /usr/share/ca-certificates/mozilla/GlobalSign_Root_CA_-_R6.crt: [WinError 1314] A required privilege is not held by the client: '../../../usr/share/ca-certificates/mozilla/GlobalSign_Root_CA_-_R6.crt' -> 'C:\\Users\\Acer\\AppData\\Local\\Temp\\scanner_fs_i4qzc315\\rootfs\\etc\\ssl\\certs\\GlobalSign_Root_CA_-_R6.pem'
2026-08-23T18:24:56+0530 WARNING container_scanner Skipping symlink etc/ssl/certs/GlobalSign_Root_E46.pem -> /usr/share/ca-certificates/mozilla/GlobalSign_Root_E46.crt: [WinError 1314] A required privilege is not held by the client: '../../../usr/share/ca-certificates/mozilla/GlobalSign_Root_E46.crt' -> 'C:\\Users\\Acer\\AppData\\Local\\Temp\\scanner_fs_i4qzc315\\rootfs\\etc\\ssl\\certs\\GlobalSign_Root_E46.pem'
2026-08-23T18:24:56+0530 WARNING container_scanner Skipping symlink etc/ssl/certs/GlobalSign_Root_R46.pem -> /usr/share/ca-certificates/mozilla/GlobalSign_Root_R46.crt: [WinError 1314] A required privilege is not held by the client: '../../../usr/share/ca-certificates/mozilla/GlobalSign_Root_R46.crt' -> 'C:\\Users\\Acer\\AppData\\Local\\Temp\\scanner_fs_i4qzc315\\rootfs\\etc\\ssl\\certs\\GlobalSign_Root_R46.pem'
2026-08-23T18:24:56+0530 WARNING container_scanner Skipping symlink etc/ssl/certs/Go_Daddy_Class_2_CA.pem -> /usr/share/ca-certificates/mozilla/Go_Daddy_Class_2_CA.crt: [WinError 1314] A required privilege is not held by the client: '../../../usr/share/ca-certificates/mozilla/Go_Daddy_Class_2_CA.crt' -> 'C:\\Users\\Acer\\AppData\\Local\\Temp\\scanner_fs_i4qzc315\\rootfs\\etc\\ssl\\certs\\Go_Daddy_Class_2_CA.pem'
2026-08-23T18:24:56+0530 WARNING container_scanner Skipping symlink etc/ssl/certs/Go_Daddy_Root_Certificate_Authority_-_G2.pem -> /usr/share/ca-certificates/mozilla/Go_Daddy_Root_Certificate_Authority_-_G2.crt: [WinError 1314] A required privilege is not held by the client: '../../../usr/share/ca-certificates/mozilla/Go_Daddy_Root_Certificate_Authority_-_G2.crt' -> 'C:\\Users\\Acer\\AppData\\Local\\Temp\\scanner_fs_i4qzc315\\rootfs\\etc\\ssl\\certs\\Go_Daddy_Root_Certificate_Authority_-_G2.pem'
2026-08-23T18:24:56+0530 WARNING container_scanner Skipping symlink etc/ssl/certs/HARICA_TLS_ECC_Root_CA_2021.pem -> /usr/share/ca-certificates/mozilla/HARICA_TLS_ECC_Root_CA_2021.crt: [WinError 1314] A required privilege is not held by the client: '../../../usr/share/ca-certificates/mozilla/HARICA_TLS_ECC_Root_CA_2021.crt' -> 'C:\\Users\\Acer\\AppData\\Local\\Temp\\scanner_fs_i4qzc315\\rootfs\\etc\\ssl\\certs\\HARICA_TLS_ECC_Root_CA_2021.pem'
2026-08-23T18:24:56+0530 WARNING container_scanner Skipping symlink etc/ssl/certs/HARICA_TLS_RSA_Root_CA_2021.pem -> /usr/share/ca-certificates/mozilla/HARICA_TLS_RSA_Root_CA_2021.crt: [WinError 1314] A required privilege is not held by the client: '../../../usr/share/ca-certificates/mozilla/HARICA_TLS_RSA_Root_CA_2021.crt' -> 'C:\\Users\\Acer\\AppData\\Local\\Temp\\scanner_fs_i4qzc315\\rootfs\\etc\\ssl\\certs\\HARICA_TLS_RSA_Root_CA_2021.pem'
2026-08-23T18:24:56+0530 WARNING container_scanner Skipping symlink etc/ssl/certs/Hellenic_Academic_and_Research_Institutions_ECC_RootCA_2015.pem -> /usr/share/ca-certificates/mozilla/Hellenic_Academic_and_Research_Institutions_ECC_RootCA_2015.crt: [WinError 1314] A required privilege is not held by the client: '../../../usr/share/ca-certificates/mozilla/Hellenic_Academic_and_Research_Institutions_ECC_RootCA_2015.crt' -> 'C:\\Users\\Acer\\AppData\\Local\\Temp\\scanner_fs_i4qzc315\\rootfs\\etc\\ssl\\certs\\Hellenic_Academic_and_Research_Institutions_ECC_RootCA_2015.pem'
2026-08-23T18:24:56+0530 WARNING container_scanner Skipping symlink etc/ssl/certs/Hellenic_Academic_and_Research_Institutions_RootCA_2015.pem -> /usr/share/ca-certificates/mozilla/Hellenic_Academic_and_Research_Institutions_RootCA_2015.crt: [WinError 1314] A required privilege is not held by the client: '../../../usr/share/ca-certificates/mozilla/Hellenic_Academic_and_Research_Institutions_RootCA_2015.crt' -> 'C:\\Users\\Acer\\AppData\\Local\\Temp\\scanner_fs_i4qzc315\\rootfs\\etc\\ssl\\certs\\Hellenic_Academic_and_Research_Institutions_RootCA_2015.pem'
2026-08-23T18:24:56+0530 WARNING container_scanner Skipping symlink etc/ssl/certs/HiPKI_Root_CA_-_G1.pem -> /usr/share/ca-certificates/mozilla/HiPKI_Root_CA_-_G1.crt: [WinError 1314] A required privilege is not held by the client: '../../../usr/share/ca-certificates/mozilla/HiPKI_Root_CA_-_G1.crt' -> 'C:\\Users\\Acer\\AppData\\Local\\Temp\\scanner_fs_i4qzc315\\rootfs\\etc\\ssl\\certs\\HiPKI_Root_CA_-_G1.pem'
2026-08-23T18:24:56+0530 WARNING container_scanner Skipping symlink etc/ssl/certs/Hongkong_Post_Root_CA_3.pem -> /usr/share/ca-certificates/mozilla/Hongkong_Post_Root_CA_3.crt: [WinError 1314] A required privilege is not held by the client: '../../../usr/share/ca-certificates/mozilla/Hongkong_Post_Root_CA_3.crt' -> 'C:\\Users\\Acer\\AppData\\Local\\Temp\\scanner_fs_i4qzc315\\rootfs\\etc\\ssl\\certs\\Hongkong_Post_Root_CA_3.pem'
2026-08-23T18:24:56+0530 WARNING container_scanner Skipping symlink etc/ssl/certs/ISRG_Root_X1.pem -> /usr/share/ca-certificates/mozilla/ISRG_Root_X1.crt: [WinError 1314] A required privilege is not held by the client: '../../../usr/share/ca-certificates/mozilla/ISRG_Root_X1.crt' -> 'C:\\Users\\Acer\\AppData\\Local\\Temp\\scanner_fs_i4qzc315\\rootfs\\etc\\ssl\\certs\\ISRG_Root_X1.pem'
2026-08-23T18:24:56+0530 WARNING container_scanner Skipping symlink etc/ssl/certs/ISRG_Root_X2.pem -> /usr/share/ca-certificates/mozilla/ISRG_Root_X2.crt: [WinError 1314] A required privilege is not held by the client: '../../../usr/share/ca-certificates/mozilla/ISRG_Root_X2.crt' -> 'C:\\Users\\Acer\\AppData\\Local\\Temp\\scanner_fs_i4qzc315\\rootfs\\etc\\ssl\\certs\\ISRG_Root_X2.pem'
2026-08-23T18:24:56+0530 WARNING container_scanner Skipping symlink etc/ssl/certs/IdenTrust_Commercial_Root_CA_1.pem -> /usr/share/ca-certificates/mozilla/IdenTrust_Commercial_Root_CA_1.crt: [WinError 1314] A required privilege is not held by the client: '../../../usr/share/ca-certificates/mozilla/IdenTrust_Commercial_Root_CA_1.crt' -> 'C:\\Users\\Acer\\AppData\\Local\\Temp\\scanner_fs_i4qzc315\\rootfs\\etc\\ssl\\certs\\IdenTrust_Commercial_Root_CA_1.pem'
2026-08-23T18:24:56+0530 WARNING container_scanner Skipping symlink etc/ssl/certs/IdenTrust_Public_Sector_Root_CA_1.pem -> /usr/share/ca-certificates/mozilla/IdenTrust_Public_Sector_Root_CA_1.crt: [WinError 1314] A required privilege is not held by the client: '../../../usr/share/ca-certificates/mozilla/IdenTrust_Public_Sector_Root_CA_1.crt' -> 'C:\\Users\\Acer\\AppData\\Local\\Temp\\scanner_fs_i4qzc315\\rootfs\\etc\\ssl\\certs\\IdenTrust_Public_Sector_Root_CA_1.pem'
2026-08-23T18:24:56+0530 WARNING container_scanner Skipping symlink etc/ssl/certs/Izenpe.com.pem -> /usr/share/ca-certificates/mozilla/Izenpe.com.crt: [WinError 1314] A required privilege is not held by the client: '../../../usr/share/ca-certificates/mozilla/Izenpe.com.crt' -> 'C:\\Users\\Acer\\AppData\\Local\\Temp\\scanner_fs_i4qzc315\\rootfs\\etc\\ssl\\certs\\Izenpe.com.pem'
2026-08-23T18:24:56+0530 WARNING container_scanner Skipping symlink etc/ssl/certs/Microsec_e-Szigno_Root_CA_2009.pem -> /usr/share/ca-certificates/mozilla/Microsec_e-Szigno_Root_CA_2009.crt: [WinError 1314] A required privilege is not held by the client: '../../../usr/share/ca-certificates/mozilla/Microsec_e-Szigno_Root_CA_2009.crt' -> 'C:\\Users\\Acer\\AppData\\Local\\Temp\\scanner_fs_i4qzc315\\rootfs\\etc\\ssl\\certs\\Microsec_e-Szigno_Root_CA_2009.pem'
2026-08-23T18:24:56+0530 WARNING container_scanner Skipping symlink etc/ssl/certs/Microsoft_ECC_Root_Certificate_Authority_2017.pem -> /usr/share/ca-certificates/mozilla/Microsoft_ECC_Root_Certificate_Authority_2017.crt: [WinError 1314] A required privilege is not held by the client: '../../../usr/share/ca-certificates/mozilla/Microsoft_ECC_Root_Certificate_Authority_2017.crt' -> 'C:\\Users\\Acer\\AppData\\Local\\Temp\\scanner_fs_i4qzc315\\rootfs\\etc\\ssl\\certs\\Microsoft_ECC_Root_Certificate_Authority_2017.pem'
2026-08-23T18:24:56+0530 WARNING container_scanner Skipping symlink etc/ssl/certs/Microsoft_RSA_Root_Certificate_Authority_2017.pem -> /usr/share/ca-certificates/mozilla/Microsoft_RSA_Root_Certificate_Authority_2017.crt: [WinError 1314] A required privilege is not held by the client: '../../../usr/share/ca-certificates/mozilla/Microsoft_RSA_Root_Certificate_Authority_2017.crt' -> 'C:\\Users\\Acer\\AppData\\Local\\Temp\\scanner_fs_i4qzc315\\rootfs\\etc\\ssl\\certs\\Microsoft_RSA_Root_Certificate_Authority_2017.pem'
2026-08-23T18:24:56+0530 WARNING container_scanner Skipping symlink etc/ssl/certs/NAVER_Global_Root_Certification_Authority.pem -> /usr/share/ca-certificates/mozilla/NAVER_Global_Root_Certification_Authority.crt: [WinError 1314] A required privilege is not held by the client: '../../../usr/share/ca-certificates/mozilla/NAVER_Global_Root_Certification_Authority.crt' -> 'C:\\Users\\Acer\\AppData\\Local\\Temp\\scanner_fs_i4qzc315\\rootfs\\etc\\ssl\\certs\\NAVER_Global_Root_Certification_Authority.pem'
2026-08-23T18:24:56+0530 WARNING container_scanner Skipping symlink etc/ssl/certs/NetLock_Arany_=Class_Gold=_Főtanúsítvány.pem -> /usr/share/ca-certificates/mozilla/NetLock_Arany_=Class_Gold=_Főtanúsítvány.crt: [WinError 1314] A required privilege is not held by the client: '../../../usr/share/ca-certificates/mozilla/NetLock_Arany_=Class_Gold=_Főtanúsítvány.crt' -> 'C:\\Users\\Acer\\AppData\\Local\\Temp\\scanner_fs_i4qzc315\\rootfs\\etc\\ssl\\certs\\NetLock_Arany_=Class_Gold=_Főtanúsítvány.pem'
2026-08-23T18:24:56+0530 WARNING container_scanner Skipping symlink etc/ssl/certs/OISTE_WISeKey_Global_Root_GB_CA.pem -> /usr/share/ca-certificates/mozilla/OISTE_WISeKey_Global_Root_GB_CA.crt: [WinError 1314] A required privilege is not held by the client: '../../../usr/share/ca-certificates/mozilla/OISTE_WISeKey_Global_Root_GB_CA.crt' -> 'C:\\Users\\Acer\\AppData\\Local\\Temp\\scanner_fs_i4qzc315\\rootfs\\etc\\ssl\\certs\\OISTE_WISeKey_Global_Root_GB_CA.pem'
2026-08-23T18:24:56+0530 WARNING container_scanner Skipping symlink etc/ssl/certs/OISTE_WISeKey_Global_Root_GC_CA.pem -> /usr/share/ca-certificates/mozilla/OISTE_WISeKey_Global_Root_GC_CA.crt: [WinError 1314] A required privilege is not held by the client: '../../../usr/share/ca-certificates/mozilla/OISTE_WISeKey_Global_Root_GC_CA.crt' -> 'C:\\Users\\Acer\\AppData\\Local\\Temp\\scanner_fs_i4qzc315\\rootfs\\etc\\ssl\\certs\\OISTE_WISeKey_Global_Root_GC_CA.pem'
2026-08-23T18:24:56+0530 WARNING container_scanner Skipping symlink etc/ssl/certs/QuoVadis_Root_CA_1_G3.pem -> /usr/share/ca-certificates/mozilla/QuoVadis_Root_CA_1_G3.crt: [WinError 1314] A required privilege is not held by the client: '../../../usr/share/ca-certificates/mozilla/QuoVadis_Root_CA_1_G3.crt' -> 'C:\\Users\\Acer\\AppData\\Local\\Temp\\scanner_fs_i4qzc315\\rootfs\\etc\\ssl\\certs\\QuoVadis_Root_CA_1_G3.pem'
2026-08-23T18:24:56+0530 WARNING container_scanner Skipping symlink etc/ssl/certs/QuoVadis_Root_CA_2.pem -> /usr/share/ca-certificates/mozilla/QuoVadis_Root_CA_2.crt: [WinError 1314] A required privilege is not held by the client: '../../../usr/share/ca-certificates/mozilla/QuoVadis_Root_CA_2.crt' -> 'C:\\Users\\Acer\\AppData\\Local\\Temp\\scanner_fs_i4qzc315\\rootfs\\etc\\ssl\\certs\\QuoVadis_Root_CA_2.pem'
2026-08-23T18:24:56+0530 WARNING container_scanner Skipping symlink etc/ssl/certs/QuoVadis_Root_CA_2_G3.pem -> /usr/share/ca-certificates/mozilla/QuoVadis_Root_CA_2_G3.crt: [WinError 1314] A required privilege is not held by the client: '../../../usr/share/ca-certificates/mozilla/QuoVadis_Root_CA_2_G3.crt' -> 'C:\\Users\\Acer\\AppData\\Local\\Temp\\scanner_fs_i4qzc315\\rootfs\\etc\\ssl\\certs\\QuoVadis_Root_CA_2_G3.pem'
2026-08-23T18:24:56+0530 WARNING container_scanner Skipping symlink etc/ssl/certs/QuoVadis_Root_CA_3.pem -> /usr/share/ca-certificates/mozilla/QuoVadis_Root_CA_3.crt: [WinError 1314] A required privilege is not held by the client: '../../../usr/share/ca-certificates/mozilla/QuoVadis_Root_CA_3.crt' -> 'C:\\Users\\Acer\\AppData\\Local\\Temp\\scanner_fs_i4qzc315\\rootfs\\etc\\ssl\\certs\\QuoVadis_Root_CA_3.pem'
2026-08-23T18:24:56+0530 WARNING container_scanner Skipping symlink etc/ssl/certs/QuoVadis_Root_CA_3_G3.pem -> /usr/share/ca-certificates/mozilla/QuoVadis_Root_CA_3_G3.crt: [WinError 1314] A required privilege is not held by the client: '../../../usr/share/ca-certificates/mozilla/QuoVadis_Root_CA_3_G3.crt' -> 'C:\\Users\\Acer\\AppData\\Local\\Temp\\scanner_fs_i4qzc315\\rootfs\\etc\\ssl\\certs\\QuoVadis_Root_CA_3_G3.pem'
2026-08-23T18:24:56+0530 WARNING container_scanner Skipping symlink etc/ssl/certs/SSL.com_EV_Root_Certification_Authority_ECC.pem -> /usr/share/ca-certificates/mozilla/SSL.com_EV_Root_Certification_Authority_ECC.crt: [WinError 1314] A required privilege is not held by the client: '../../../usr/share/ca-certificates/mozilla/SSL.com_EV_Root_Certification_Authority_ECC.crt' -> 'C:\\Users\\Acer\\AppData\\Local\\Temp\\scanner_fs_i4qzc315\\rootfs\\etc\\ssl\\certs\\SSL.com_EV_Root_Certification_Authority_ECC.pem'
2026-08-23T18:24:56+0530 WARNING container_scanner Skipping symlink etc/ssl/certs/SSL.com_EV_Root_Certification_Authority_RSA_R2.pem -> /usr/share/ca-certificates/mozilla/SSL.com_EV_Root_Certification_Authority_RSA_R2.crt: [WinError 1314] A required privilege is not held by the client: '../../../usr/share/ca-certificates/mozilla/SSL.com_EV_Root_Certification_Authority_RSA_R2.crt' -> 'C:\\Users\\Acer\\AppData\\Local\\Temp\\scanner_fs_i4qzc315\\rootfs\\etc\\ssl\\certs\\SSL.com_EV_Root_Certification_Authority_RSA_R2.pem'
2026-08-23T18:24:56+0530 WARNING container_scanner Skipping symlink etc/ssl/certs/SSL.com_Root_Certification_Authority_ECC.pem -> /usr/share/ca-certificates/mozilla/SSL.com_Root_Certification_Authority_ECC.crt: [WinError 1314] A required privilege is not held by the client: '../../../usr/share/ca-certificates/mozilla/SSL.com_Root_Certification_Authority_ECC.crt' -> 'C:\\Users\\Acer\\AppData\\Local\\Temp\\scanner_fs_i4qzc315\\rootfs\\etc\\ssl\\certs\\SSL.com_Root_Certification_Authority_ECC.pem'
2026-08-23T18:24:56+0530 WARNING container_scanner Skipping symlink etc/ssl/certs/SSL.com_Root_Certification_Authority_RSA.pem -> /usr/share/ca-certificates/mozilla/SSL.com_Root_Certification_Authority_RSA.crt: [WinError 1314] A required privilege is not held by the client: '../../../usr/share/ca-certificates/mozilla/SSL.com_Root_Certification_Authority_RSA.crt' -> 'C:\\Users\\Acer\\AppData\\Local\\Temp\\scanner_fs_i4qzc315\\rootfs\\etc\\ssl\\certs\\SSL.com_Root_Certification_Authority_RSA.pem'
2026-08-23T18:24:56+0530 WARNING container_scanner Skipping symlink etc/ssl/certs/SSL.com_TLS_ECC_Root_CA_2022.pem -> /usr/share/ca-certificates/mozilla/SSL.com_TLS_ECC_Root_CA_2022.crt: [WinError 1314] A required privilege is not held by the client: '../../../usr/share/ca-certificates/mozilla/SSL.com_TLS_ECC_Root_CA_2022.crt' -> 'C:\\Users\\Acer\\AppData\\Local\\Temp\\scanner_fs_i4qzc315\\rootfs\\etc\\ssl\\certs\\SSL.com_TLS_ECC_Root_CA_2022.pem'
2026-08-23T18:24:56+0530 WARNING container_scanner Skipping symlink etc/ssl/certs/SSL.com_TLS_RSA_Root_CA_2022.pem -> /usr/share/ca-certificates/mozilla/SSL.com_TLS_RSA_Root_CA_2022.crt: [WinError 1314] A required privilege is not held by the client: '../../../usr/share/ca-certificates/mozilla/SSL.com_TLS_RSA_Root_CA_2022.crt' -> 'C:\\Users\\Acer\\AppData\\Local\\Temp\\scanner_fs_i4qzc315\\rootfs\\etc\\ssl\\certs\\SSL.com_TLS_RSA_Root_CA_2022.pem'
2026-08-23T18:24:56+0530 WARNING container_scanner Skipping symlink etc/ssl/certs/SZAFIR_ROOT_CA2.pem -> /usr/share/ca-certificates/mozilla/SZAFIR_ROOT_CA2.crt: [WinError 1314] A required privilege is not held by the client: '../../../usr/share/ca-certificates/mozilla/SZAFIR_ROOT_CA2.crt' -> 'C:\\Users\\Acer\\AppData\\Local\\Temp\\scanner_fs_i4qzc315\\rootfs\\etc\\ssl\\certs\\SZAFIR_ROOT_CA2.pem'
2026-08-23T18:24:56+0530 WARNING container_scanner Skipping symlink etc/ssl/certs/Sectigo_Public_Server_Authentication_Root_E46.pem -> /usr/share/ca-certificates/mozilla/Sectigo_Public_Server_Authentication_Root_E46.crt: [WinError 1314] A required privilege is not held by the client: '../../../usr/share/ca-certificates/mozilla/Sectigo_Public_Server_Authentication_Root_E46.crt' -> 'C:\\Users\\Acer\\AppData\\Local\\Temp\\scanner_fs_i4qzc315\\rootfs\\etc\\ssl\\certs\\Sectigo_Public_Server_Authentication_Root_E46.pem'
2026-08-23T18:24:56+0530 WARNING container_scanner Skipping symlink etc/ssl/certs/Sectigo_Public_Server_Authentication_Root_R46.pem -> /usr/share/ca-certificates/mozilla/Sectigo_Public_Server_Authentication_Root_R46.crt: [WinError 1314] A required privilege is not held by the client: '../../../usr/share/ca-certificates/mozilla/Sectigo_Public_Server_Authentication_Root_R46.crt' -> 'C:\\Users\\Acer\\AppData\\Local\\Temp\\scanner_fs_i4qzc315\\rootfs\\etc\\ssl\\certs\\Sectigo_Public_Server_Authentication_Root_R46.pem'
2026-08-23T18:24:56+0530 WARNING container_scanner Skipping symlink etc/ssl/certs/SecureSign_Root_CA12.pem -> /usr/share/ca-certificates/mozilla/SecureSign_Root_CA12.crt: [WinError 1314] A required privilege is not held by the client: '../../../usr/share/ca-certificates/mozilla/SecureSign_Root_CA12.crt' -> 'C:\\Users\\Acer\\AppData\\Local\\Temp\\scanner_fs_i4qzc315\\rootfs\\etc\\ssl\\certs\\SecureSign_Root_CA12.pem'
2026-08-23T18:24:56+0530 WARNING container_scanner Skipping symlink etc/ssl/certs/SecureSign_Root_CA14.pem -> /usr/share/ca-certificates/mozilla/SecureSign_Root_CA14.crt: [WinError 1314] A required privilege is not held by the client: '../../../usr/share/ca-certificates/mozilla/SecureSign_Root_CA14.crt' -> 'C:\\Users\\Acer\\AppData\\Local\\Temp\\scanner_fs_i4qzc315\\rootfs\\etc\\ssl\\certs\\SecureSign_Root_CA14.pem'
2026-08-23T18:24:56+0530 WARNING container_scanner Skipping symlink etc/ssl/certs/SecureSign_Root_CA15.pem -> /usr/share/ca-certificates/mozilla/SecureSign_Root_CA15.crt: [WinError 1314] A required privilege is not held by the client: '../../../usr/share/ca-certificates/mozilla/SecureSign_Root_CA15.crt' -> 'C:\\Users\\Acer\\AppData\\Local\\Temp\\scanner_fs_i4qzc315\\rootfs\\etc\\ssl\\certs\\SecureSign_Root_CA15.pem'
2026-08-23T18:24:56+0530 WARNING container_scanner Skipping symlink etc/ssl/certs/SecureTrust_CA.pem -> /usr/share/ca-certificates/mozilla/SecureTrust_CA.crt: [WinError 1314] A required privilege is not held by the client: '../../../usr/share/ca-certificates/mozilla/SecureTrust_CA.crt' -> 'C:\\Users\\Acer\\AppData\\Local\\Temp\\scanner_fs_i4qzc315\\rootfs\\etc\\ssl\\certs\\SecureTrust_CA.pem'
2026-08-23T18:24:56+0530 WARNING container_scanner Skipping symlink etc/ssl/certs/Secure_Global_CA.pem -> /usr/share/ca-certificates/mozilla/Secure_Global_CA.crt: [WinError 1314] A required privilege is not held by the client: '../../../usr/share/ca-certificates/mozilla/Secure_Global_CA.crt' -> 'C:\\Users\\Acer\\AppData\\Local\\Temp\\scanner_fs_i4qzc315\\rootfs\\etc\\ssl\\certs\\Secure_Global_CA.pem'
2026-08-23T18:24:56+0530 WARNING container_scanner Skipping symlink etc/ssl/certs/Security_Communication_ECC_RootCA1.pem -> /usr/share/ca-certificates/mozilla/Security_Communication_ECC_RootCA1.crt: [WinError 1314] A required privilege is not held by the client: '../../../usr/share/ca-certificates/mozilla/Security_Communication_ECC_RootCA1.crt' -> 'C:\\Users\\Acer\\AppData\\Local\\Temp\\scanner_fs_i4qzc315\\rootfs\\etc\\ssl\\certs\\Security_Communication_ECC_RootCA1.pem'
2026-08-23T18:24:56+0530 WARNING container_scanner Skipping symlink etc/ssl/certs/Security_Communication_RootCA2.pem -> /usr/share/ca-certificates/mozilla/Security_Communication_RootCA2.crt: [WinError 1314] A required privilege is not held by the client: '../../../usr/share/ca-certificates/mozilla/Security_Communication_RootCA2.crt' -> 'C:\\Users\\Acer\\AppData\\Local\\Temp\\scanner_fs_i4qzc315\\rootfs\\etc\\ssl\\certs\\Security_Communication_RootCA2.pem'
2026-08-23T18:24:56+0530 WARNING container_scanner Skipping symlink etc/ssl/certs/Starfield_Class_2_CA.pem -> /usr/share/ca-certificates/mozilla/Starfield_Class_2_CA.crt: [WinError 1314] A required privilege is not held by the client: '../../../usr/share/ca-certificates/mozilla/Starfield_Class_2_CA.crt' -> 'C:\\Users\\Acer\\AppData\\Local\\Temp\\scanner_fs_i4qzc315\\rootfs\\etc\\ssl\\certs\\Starfield_Class_2_CA.pem'
2026-08-23T18:24:56+0530 WARNING container_scanner Skipping symlink etc/ssl/certs/Starfield_Root_Certificate_Authority_-_G2.pem -> /usr/share/ca-certificates/mozilla/Starfield_Root_Certificate_Authority_-_G2.crt: [WinError 1314] A required privilege is not held by the client: '../../../usr/share/ca-certificates/mozilla/Starfield_Root_Certificate_Authority_-_G2.crt' -> 'C:\\Users\\Acer\\AppData\\Local\\Temp\\scanner_fs_i4qzc315\\rootfs\\etc\\ssl\\certs\\Starfield_Root_Certificate_Authority_-_G2.pem'
2026-08-23T18:24:56+0530 WARNING container_scanner Skipping symlink etc/ssl/certs/Starfield_Services_Root_Certificate_Authority_-_G2.pem -> /usr/share/ca-certificates/mozilla/Starfield_Services_Root_Certificate_Authority_-_G2.crt: [WinError 1314] A required privilege is not held by the client: '../../../usr/share/ca-certificates/mozilla/Starfield_Services_Root_Certificate_Authority_-_G2.crt' -> 'C:\\Users\\Acer\\AppData\\Local\\Temp\\scanner_fs_i4qzc315\\rootfs\\etc\\ssl\\certs\\Starfield_Services_Root_Certificate_Authority_-_G2.pem'
2026-08-23T18:24:56+0530 WARNING container_scanner Skipping symlink etc/ssl/certs/SwissSign_Gold_CA_-_G2.pem -> /usr/share/ca-certificates/mozilla/SwissSign_Gold_CA_-_G2.crt: [WinError 1314] A required privilege is not held by the client: '../../../usr/share/ca-certificates/mozilla/SwissSign_Gold_CA_-_G2.crt' -> 'C:\\Users\\Acer\\AppData\\Local\\Temp\\scanner_fs_i4qzc315\\rootfs\\etc\\ssl\\certs\\SwissSign_Gold_CA_-_G2.pem'
2026-08-23T18:24:56+0530 WARNING container_scanner Skipping symlink etc/ssl/certs/T-TeleSec_GlobalRoot_Class_2.pem -> /usr/share/ca-certificates/mozilla/T-TeleSec_GlobalRoot_Class_2.crt: [WinError 1314] A required privilege is not held by the client: '../../../usr/share/ca-certificates/mozilla/T-TeleSec_GlobalRoot_Class_2.crt' -> 'C:\\Users\\Acer\\AppData\\Local\\Temp\\scanner_fs_i4qzc315\\rootfs\\etc\\ssl\\certs\\T-TeleSec_GlobalRoot_Class_2.pem'
2026-08-23T18:24:56+0530 WARNING container_scanner Skipping symlink etc/ssl/certs/T-TeleSec_GlobalRoot_Class_3.pem -> /usr/share/ca-certificates/mozilla/T-TeleSec_GlobalRoot_Class_3.crt: [WinError 1314] A required privilege is not held by the client: '../../../usr/share/ca-certificates/mozilla/T-TeleSec_GlobalRoot_Class_3.crt' -> 'C:\\Users\\Acer\\AppData\\Local\\Temp\\scanner_fs_i4qzc315\\rootfs\\etc\\ssl\\certs\\T-TeleSec_GlobalRoot_Class_3.pem'
2026-08-23T18:24:56+0530 WARNING container_scanner Skipping symlink etc/ssl/certs/TUBITAK_Kamu_SM_SSL_Kok_Sertifikasi_-_Surum_1.pem -> /usr/share/ca-certificates/mozilla/TUBITAK_Kamu_SM_SSL_Kok_Sertifikasi_-_Surum_1.crt: [WinError 1314] A required privilege is not held by the client: '../../../usr/share/ca-certificates/mozilla/TUBITAK_Kamu_SM_SSL_Kok_Sertifikasi_-_Surum_1.crt' -> 'C:\\Users\\Acer\\AppData\\Local\\Temp\\scanner_fs_i4qzc315\\rootfs\\etc\\ssl\\certs\\TUBITAK_Kamu_SM_SSL_Kok_Sertifikasi_-_Surum_1.pem'
2026-08-23T18:24:56+0530 WARNING container_scanner Skipping symlink etc/ssl/certs/TWCA_CYBER_Root_CA.pem -> /usr/share/ca-certificates/mozilla/TWCA_CYBER_Root_CA.crt: [WinError 1314] A required privilege is not held by the client: '../../../usr/share/ca-certificates/mozilla/TWCA_CYBER_Root_CA.crt' -> 'C:\\Users\\Acer\\AppData\\Local\\Temp\\scanner_fs_i4qzc315\\rootfs\\etc\\ssl\\certs\\TWCA_CYBER_Root_CA.pem'
2026-08-23T18:24:56+0530 WARNING container_scanner Skipping symlink etc/ssl/certs/TWCA_Global_Root_CA.pem -> /usr/share/ca-certificates/mozilla/TWCA_Global_Root_CA.crt: [WinError 1314] A required privilege is not held by the client: '../../../usr/share/ca-certificates/mozilla/TWCA_Global_Root_CA.crt' -> 'C:\\Users\\Acer\\AppData\\Local\\Temp\\scanner_fs_i4qzc315\\rootfs\\etc\\ssl\\certs\\TWCA_Global_Root_CA.pem'
2026-08-23T18:24:56+0530 WARNING container_scanner Skipping symlink etc/ssl/certs/TWCA_Root_Certification_Authority.pem -> /usr/share/ca-certificates/mozilla/TWCA_Root_Certification_Authority.crt: [WinError 1314] A required privilege is not held by the client: '../../../usr/share/ca-certificates/mozilla/TWCA_Root_Certification_Authority.crt' -> 'C:\\Users\\Acer\\AppData\\Local\\Temp\\scanner_fs_i4qzc315\\rootfs\\etc\\ssl\\certs\\TWCA_Root_Certification_Authority.pem'
2026-08-23T18:24:56+0530 WARNING container_scanner Skipping symlink etc/ssl/certs/Telekom_Security_TLS_ECC_Root_2020.pem -> /usr/share/ca-certificates/mozilla/Telekom_Security_TLS_ECC_Root_2020.crt: [WinError 1314] A required privilege is not held by the client: '../../../usr/share/ca-certificates/mozilla/Telekom_Security_TLS_ECC_Root_2020.crt' -> 'C:\\Users\\Acer\\AppData\\Local\\Temp\\scanner_fs_i4qzc315\\rootfs\\etc\\ssl\\certs\\Telekom_Security_TLS_ECC_Root_2020.pem'
2026-08-23T18:24:56+0530 WARNING container_scanner Skipping symlink etc/ssl/certs/Telekom_Security_TLS_RSA_Root_2023.pem -> /usr/share/ca-certificates/mozilla/Telekom_Security_TLS_RSA_Root_2023.crt: [WinError 1314] A required privilege is not held by the client: '../../../usr/share/ca-certificates/mozilla/Telekom_Security_TLS_RSA_Root_2023.crt' -> 'C:\\Users\\Acer\\AppData\\Local\\Temp\\scanner_fs_i4qzc315\\rootfs\\etc\\ssl\\certs\\Telekom_Security_TLS_RSA_Root_2023.pem'
2026-08-23T18:24:56+0530 WARNING container_scanner Skipping symlink etc/ssl/certs/TeliaSonera_Root_CA_v1.pem -> /usr/share/ca-certificates/mozilla/TeliaSonera_Root_CA_v1.crt: [WinError 1314] A required privilege is not held by the client: '../../../usr/share/ca-certificates/mozilla/TeliaSonera_Root_CA_v1.crt' -> 'C:\\Users\\Acer\\AppData\\Local\\Temp\\scanner_fs_i4qzc315\\rootfs\\etc\\ssl\\certs\\TeliaSonera_Root_CA_v1.pem'
2026-08-23T18:24:56+0530 WARNING container_scanner Skipping symlink etc/ssl/certs/Telia_Root_CA_v2.pem -> /usr/share/ca-certificates/mozilla/Telia_Root_CA_v2.crt: [WinError 1314] A required privilege is not held by the client: '../../../usr/share/ca-certificates/mozilla/Telia_Root_CA_v2.crt' -> 'C:\\Users\\Acer\\AppData\\Local\\Temp\\scanner_fs_i4qzc315\\rootfs\\etc\\ssl\\certs\\Telia_Root_CA_v2.pem'
2026-08-23T18:24:56+0530 WARNING container_scanner Skipping symlink etc/ssl/certs/TrustAsia_Global_Root_CA_G3.pem -> /usr/share/ca-certificates/mozilla/TrustAsia_Global_Root_CA_G3.crt: [WinError 1314] A required privilege is not held by the client: '../../../usr/share/ca-certificates/mozilla/TrustAsia_Global_Root_CA_G3.crt' -> 'C:\\Users\\Acer\\AppData\\Local\\Temp\\scanner_fs_i4qzc315\\rootfs\\etc\\ssl\\certs\\TrustAsia_Global_Root_CA_G3.pem'
2026-08-23T18:24:56+0530 WARNING container_scanner Skipping symlink etc/ssl/certs/TrustAsia_Global_Root_CA_G4.pem -> /usr/share/ca-certificates/mozilla/TrustAsia_Global_Root_CA_G4.crt: [WinError 1314] A required privilege is not held by the client: '../../../usr/share/ca-certificates/mozilla/TrustAsia_Global_Root_CA_G4.crt' -> 'C:\\Users\\Acer\\AppData\\Local\\Temp\\scanner_fs_i4qzc315\\rootfs\\etc\\ssl\\certs\\TrustAsia_Global_Root_CA_G4.pem'
2026-08-23T18:24:56+0530 WARNING container_scanner Skipping symlink etc/ssl/certs/Trustwave_Global_Certification_Authority.pem -> /usr/share/ca-certificates/mozilla/Trustwave_Global_Certification_Authority.crt: [WinError 1314] A required privilege is not held by the client: '../../../usr/share/ca-certificates/mozilla/Trustwave_Global_Certification_Authority.crt' -> 'C:\\Users\\Acer\\AppData\\Local\\Temp\\scanner_fs_i4qzc315\\rootfs\\etc\\ssl\\certs\\Trustwave_Global_Certification_Authority.pem'
2026-08-23T18:24:56+0530 WARNING container_scanner Skipping symlink etc/ssl/certs/Trustwave_Global_ECC_P256_Certification_Authority.pem -> /usr/share/ca-certificates/mozilla/Trustwave_Global_ECC_P256_Certification_Authority.crt: [WinError 1314] A required privilege is not held by the client: '../../../usr/share/ca-certificates/mozilla/Trustwave_Global_ECC_P256_Certification_Authority.crt' -> 'C:\\Users\\Acer\\AppData\\Local\\Temp\\scanner_fs_i4qzc315\\rootfs\\etc\\ssl\\certs\\Trustwave_Global_ECC_P256_Certification_Authority.pem'
2026-08-23T18:24:56+0530 WARNING container_scanner Skipping symlink etc/ssl/certs/Trustwave_Global_ECC_P384_Certification_Authority.pem -> /usr/share/ca-certificates/mozilla/Trustwave_Global_ECC_P384_Certification_Authority.crt: [WinError 1314] A required privilege is not held by the client: '../../../usr/share/ca-certificates/mozilla/Trustwave_Global_ECC_P384_Certification_Authority.crt' -> 'C:\\Users\\Acer\\AppData\\Local\\Temp\\scanner_fs_i4qzc315\\rootfs\\etc\\ssl\\certs\\Trustwave_Global_ECC_P384_Certification_Authority.pem'
2026-08-23T18:24:56+0530 WARNING container_scanner Skipping symlink etc/ssl/certs/TunTrust_Root_CA.pem -> /usr/share/ca-certificates/mozilla/TunTrust_Root_CA.crt: [WinError 1314] A required privilege is not held by the client: '../../../usr/share/ca-certificates/mozilla/TunTrust_Root_CA.crt' -> 'C:\\Users\\Acer\\AppData\\Local\\Temp\\scanner_fs_i4qzc315\\rootfs\\etc\\ssl\\certs\\TunTrust_Root_CA.pem'
2026-08-23T18:24:56+0530 WARNING container_scanner Skipping symlink etc/ssl/certs/UCA_Extended_Validation_Root.pem -> /usr/share/ca-certificates/mozilla/UCA_Extended_Validation_Root.crt: [WinError 1314] A required privilege is not held by the client: '../../../usr/share/ca-certificates/mozilla/UCA_Extended_Validation_Root.crt' -> 'C:\\Users\\Acer\\AppData\\Local\\Temp\\scanner_fs_i4qzc315\\rootfs\\etc\\ssl\\certs\\UCA_Extended_Validation_Root.pem'
2026-08-23T18:24:56+0530 WARNING container_scanner Skipping symlink etc/ssl/certs/UCA_Global_G2_Root.pem -> /usr/share/ca-certificates/mozilla/UCA_Global_G2_Root.crt: [WinError 1314] A required privilege is not held by the client: '../../../usr/share/ca-certificates/mozilla/UCA_Global_G2_Root.crt' -> 'C:\\Users\\Acer\\AppData\\Local\\Temp\\scanner_fs_i4qzc315\\rootfs\\etc\\ssl\\certs\\UCA_Global_G2_Root.pem'
2026-08-23T18:24:56+0530 WARNING container_scanner Skipping symlink etc/ssl/certs/USERTrust_ECC_Certification_Authority.pem -> /usr/share/ca-certificates/mozilla/USERTrust_ECC_Certification_Authority.crt: [WinError 1314] A required privilege is not held by the client: '../../../usr/share/ca-certificates/mozilla/USERTrust_ECC_Certification_Authority.crt' -> 'C:\\Users\\Acer\\AppData\\Local\\Temp\\scanner_fs_i4qzc315\\rootfs\\etc\\ssl\\certs\\USERTrust_ECC_Certification_Authority.pem'
2026-08-23T18:24:56+0530 WARNING container_scanner Skipping symlink etc/ssl/certs/USERTrust_RSA_Certification_Authority.pem -> /usr/share/ca-certificates/mozilla/USERTrust_RSA_Certification_Authority.crt: [WinError 1314] A required privilege is not held by the client: '../../../usr/share/ca-certificates/mozilla/USERTrust_RSA_Certification_Authority.crt' -> 'C:\\Users\\Acer\\AppData\\Local\\Temp\\scanner_fs_i4qzc315\\rootfs\\etc\\ssl\\certs\\USERTrust_RSA_Certification_Authority.pem'
2026-08-23T18:24:56+0530 WARNING container_scanner Skipping symlink etc/ssl/certs/XRamp_Global_CA_Root.pem -> /usr/share/ca-certificates/mozilla/XRamp_Global_CA_Root.crt: [WinError 1314] A required privilege is not held by the client: '../../../usr/share/ca-certificates/mozilla/XRamp_Global_CA_Root.crt' -> 'C:\\Users\\Acer\\AppData\\Local\\Temp\\scanner_fs_i4qzc315\\rootfs\\etc\\ssl\\certs\\XRamp_Global_CA_Root.pem'
2026-08-23T18:24:56+0530 WARNING container_scanner Skipping symlink etc/ssl/certs/a09a51ae.0 -> D-TRUST_EV_Root_CA_2_2023.pem: [WinError 1314] A required privilege is not held by the client: 'D-TRUST_EV_Root_CA_2_2023.pem' -> 'C:\\Users\\Acer\\AppData\\Local\\Temp\\scanner_fs_i4qzc315\\rootfs\\etc\\ssl\\certs\\a09a51ae.0'
2026-08-23T18:24:56+0530 WARNING container_scanner Skipping symlink etc/ssl/certs/a3418fda.0 -> GTS_Root_R4.pem: [WinError 1314] A required privilege is not held by the client: 'GTS_Root_R4.pem' -> 'C:\\Users\\Acer\\AppData\\Local\\Temp\\scanner_fs_i4qzc315\\rootfs\\etc\\ssl\\certs\\a3418fda.0'
2026-08-23T18:24:56+0530 WARNING container_scanner Skipping symlink etc/ssl/certs/a89d74c2.0 -> SSL.com_TLS_RSA_Root_CA_2022.pem: [WinError 1314] A required privilege is not held by the client: 'SSL.com_TLS_RSA_Root_CA_2022.pem' -> 'C:\\Users\\Acer\\AppData\\Local\\Temp\\scanner_fs_i4qzc315\\rootfs\\etc\\ssl\\certs\\a89d74c2.0'
2026-08-23T18:24:56+0530 WARNING container_scanner Skipping symlink etc/ssl/certs/a94d09e5.0 -> ACCVRAIZ1.pem: [WinError 1314] A required privilege is not held by the client: 'ACCVRAIZ1.pem' -> 'C:\\Users\\Acer\\AppData\\Local\\Temp\\scanner_fs_i4qzc315\\rootfs\\etc\\ssl\\certs\\a94d09e5.0'
2026-08-23T18:24:56+0530 WARNING container_scanner Skipping symlink etc/ssl/certs/aee5f10d.0 -> Entrust.net_Premium_2048_Secure_Server_CA.pem: [WinError 1314] A required privilege is not held by the client: 'Entrust.net_Premium_2048_Secure_Server_CA.pem' -> 'C:\\Users\\Acer\\AppData\\Local\\Temp\\scanner_fs_i4qzc315\\rootfs\\etc\\ssl\\certs\\aee5f10d.0'
2026-08-23T18:24:56+0530 WARNING container_scanner Skipping symlink etc/ssl/certs/b0e59380.0 -> GlobalSign_ECC_Root_CA_-_R4.pem: [WinError 1314] A required privilege is not held by the client: 'GlobalSign_ECC_Root_CA_-_R4.pem' -> 'C:\\Users\\Acer\\AppData\\Local\\Temp\\scanner_fs_i4qzc315\\rootfs\\etc\\ssl\\certs\\b0e59380.0'
2026-08-23T18:24:56+0530 WARNING container_scanner Skipping symlink etc/ssl/certs/b1159c4c.0 -> DigiCert_Assured_ID_Root_CA.pem: [WinError 1314] A required privilege is not held by the client: 'DigiCert_Assured_ID_Root_CA.pem' -> 'C:\\Users\\Acer\\AppData\\Local\\Temp\\scanner_fs_i4qzc315\\rootfs\\etc\\ssl\\certs\\b1159c4c.0'
2026-08-23T18:24:56+0530 WARNING container_scanner Skipping symlink etc/ssl/certs/b433981b.0 -> ANF_Secure_Server_Root_CA.pem: [WinError 1314] A required privilege is not held by the client: 'ANF_Secure_Server_Root_CA.pem' -> 'C:\\Users\\Acer\\AppData\\Local\\Temp\\scanner_fs_i4qzc315\\rootfs\\etc\\ssl\\certs\\b433981b.0'
2026-08-23T18:24:56+0530 WARNING container_scanner Skipping symlink etc/ssl/certs/b66938e9.0 -> Secure_Global_CA.pem: [WinError 1314] A required privilege is not held by the client: 'Secure_Global_CA.pem' -> 'C:\\Users\\Acer\\AppData\\Local\\Temp\\scanner_fs_i4qzc315\\rootfs\\etc\\ssl\\certs\\b66938e9.0'
2026-08-23T18:24:56+0530 WARNING container_scanner Skipping symlink etc/ssl/certs/b727005e.0 -> AffirmTrust_Premium.pem: [WinError 1314] A required privilege is not held by the client: 'AffirmTrust_Premium.pem' -> 'C:\\Users\\Acer\\AppData\\Local\\Temp\\scanner_fs_i4qzc315\\rootfs\\etc\\ssl\\certs\\b727005e.0'
2026-08-23T18:24:56+0530 WARNING container_scanner Skipping symlink etc/ssl/certs/b7a5b843.0 -> TWCA_Root_Certification_Authority.pem: [WinError 1314] A required privilege is not held by the client: 'TWCA_Root_Certification_Authority.pem' -> 'C:\\Users\\Acer\\AppData\\Local\\Temp\\scanner_fs_i4qzc315\\rootfs\\etc\\ssl\\certs\\b7a5b843.0'
2026-08-23T18:24:56+0530 WARNING container_scanner Skipping symlink etc/ssl/certs/b81b93f0.0 -> AC_RAIZ_FNMT-RCM_SERVIDORES_SEGUROS.pem: [WinError 1314] A required privilege is not held by the client: 'AC_RAIZ_FNMT-RCM_SERVIDORES_SEGUROS.pem' -> 'C:\\Users\\Acer\\AppData\\Local\\Temp\\scanner_fs_i4qzc315\\rootfs\\etc\\ssl\\certs\\b81b93f0.0'
2026-08-23T18:24:56+0530 WARNING container_scanner Skipping symlink etc/ssl/certs/b8d25de6.0 -> TWCA_CYBER_Root_CA.pem: [WinError 1314] A required privilege is not held by the client: 'TWCA_CYBER_Root_CA.pem' -> 'C:\\Users\\Acer\\AppData\\Local\\Temp\\scanner_fs_i4qzc315\\rootfs\\etc\\ssl\\certs\\b8d25de6.0'
2026-08-23T18:24:56+0530 WARNING container_scanner Skipping symlink etc/ssl/certs/ba8887ce.0 -> FIRMAPROFESIONAL_CA_ROOT-A_WEB.pem: [WinError 1314] A required privilege is not held by the client: 'FIRMAPROFESIONAL_CA_ROOT-A_WEB.pem' -> 'C:\\Users\\Acer\\AppData\\Local\\Temp\\scanner_fs_i4qzc315\\rootfs\\etc\\ssl\\certs\\ba8887ce.0'
2026-08-23T18:24:56+0530 WARNING container_scanner Skipping symlink etc/ssl/certs/bf53fb88.0 -> Microsoft_RSA_Root_Certificate_Authority_2017.pem: [WinError 1314] A required privilege is not held by the client: 'Microsoft_RSA_Root_Certificate_Authority_2017.pem' -> 'C:\\Users\\Acer\\AppData\\Local\\Temp\\scanner_fs_i4qzc315\\rootfs\\etc\\ssl\\certs\\bf53fb88.0'
2026-08-23T18:24:56+0530 WARNING container_scanner Skipping symlink etc/ssl/certs/c01eb047.0 -> UCA_Global_G2_Root.pem: [WinError 1314] A required privilege is not held by the client: 'UCA_Global_G2_Root.pem' -> 'C:\\Users\\Acer\\AppData\\Local\\Temp\\scanner_fs_i4qzc315\\rootfs\\etc\\ssl\\certs\\c01eb047.0'
2026-08-23T18:24:56+0530 WARNING container_scanner Skipping symlink etc/ssl/certs/c28a8a30.0 -> D-TRUST_Root_Class_3_CA_2_2009.pem: [WinError 1314] A required privilege is not held by the client: 'D-TRUST_Root_Class_3_CA_2_2009.pem' -> 'C:\\Users\\Acer\\AppData\\Local\\Temp\\scanner_fs_i4qzc315\\rootfs\\etc\\ssl\\certs\\c28a8a30.0'
2026-08-23T18:24:56+0530 WARNING container_scanner Skipping symlink etc/ssl/certs/ca6e4ad9.0 -> ePKI_Root_Certification_Authority.pem: [WinError 1314] A required privilege is not held by the client: 'ePKI_Root_Certification_Authority.pem' -> 'C:\\Users\\Acer\\AppData\\Local\\Temp\\scanner_fs_i4qzc315\\rootfs\\etc\\ssl\\certs\\ca6e4ad9.0'
2026-08-23T18:24:56+0530 WARNING container_scanner Skipping symlink etc/ssl/certs/cbf06781.0 -> Go_Daddy_Root_Certificate_Authority_-_G2.pem: [WinError 1314] A required privilege is not held by the client: 'Go_Daddy_Root_Certificate_Authority_-_G2.pem' -> 'C:\\Users\\Acer\\AppData\\Local\\Temp\\scanner_fs_i4qzc315\\rootfs\\etc\\ssl\\certs\\cbf06781.0'
2026-08-23T18:24:56+0530 WARNING container_scanner Skipping symlink etc/ssl/certs/cc450945.0 -> Izenpe.com.pem: [WinError 1314] A required privilege is not held by the client: 'Izenpe.com.pem' -> 'C:\\Users\\Acer\\AppData\\Local\\Temp\\scanner_fs_i4qzc315\\rootfs\\etc\\ssl\\certs\\cc450945.0'
2026-08-23T18:24:56+0530 WARNING container_scanner Skipping symlink etc/ssl/certs/cd58d51e.0 -> Security_Communication_RootCA2.pem: [WinError 1314] A required privilege is not held by the client: 'Security_Communication_RootCA2.pem' -> 'C:\\Users\\Acer\\AppData\\Local\\Temp\\scanner_fs_i4qzc315\\rootfs\\etc\\ssl\\certs\\cd58d51e.0'
2026-08-23T18:24:56+0530 WARNING container_scanner Skipping symlink etc/ssl/certs/cd8c0d63.0 -> AC_RAIZ_FNMT-RCM.pem: [WinError 1314] A required privilege is not held by the client: 'AC_RAIZ_FNMT-RCM.pem' -> 'C:\\Users\\Acer\\AppData\\Local\\Temp\\scanner_fs_i4qzc315\\rootfs\\etc\\ssl\\certs\\cd8c0d63.0'
2026-08-23T18:24:56+0530 WARNING container_scanner Skipping symlink etc/ssl/certs/ce5e74ef.0 -> Amazon_Root_CA_1.pem: [WinError 1314] A required privilege is not held by the client: 'Amazon_Root_CA_1.pem' -> 'C:\\Users\\Acer\\AppData\\Local\\Temp\\scanner_fs_i4qzc315\\rootfs\\etc\\ssl\\certs\\ce5e74ef.0'
2026-08-23T18:24:56+0530 WARNING container_scanner Skipping symlink etc/ssl/certs/certSIGN_ROOT_CA.pem -> /usr/share/ca-certificates/mozilla/certSIGN_ROOT_CA.crt: [WinError 1314] A required privilege is not held by the client: '../../../usr/share/ca-certificates/mozilla/certSIGN_ROOT_CA.crt' -> 'C:\\Users\\Acer\\AppData\\Local\\Temp\\scanner_fs_i4qzc315\\rootfs\\etc\\ssl\\certs\\certSIGN_ROOT_CA.pem'
2026-08-23T18:24:56+0530 WARNING container_scanner Skipping symlink etc/ssl/certs/certSIGN_Root_CA_G2.pem -> /usr/share/ca-certificates/mozilla/certSIGN_Root_CA_G2.crt: [WinError 1314] A required privilege is not held by the client: '../../../usr/share/ca-certificates/mozilla/certSIGN_Root_CA_G2.crt' -> 'C:\\Users\\Acer\\AppData\\Local\\Temp\\scanner_fs_i4qzc315\\rootfs\\etc\\ssl\\certs\\certSIGN_Root_CA_G2.pem'
2026-08-23T18:24:56+0530 WARNING container_scanner Skipping symlink etc/ssl/certs/d4dae3dd.0 -> D-TRUST_Root_Class_3_CA_2_EV_2009.pem: [WinError 1314] A required privilege is not held by the client: 'D-TRUST_Root_Class_3_CA_2_EV_2009.pem' -> 'C:\\Users\\Acer\\AppData\\Local\\Temp\\scanner_fs_i4qzc315\\rootfs\\etc\\ssl\\certs\\d4dae3dd.0'
2026-08-23T18:24:56+0530 WARNING container_scanner Skipping symlink etc/ssl/certs/d52c538d.0 -> DigiCert_TLS_RSA4096_Root_G5.pem: [WinError 1314] A required privilege is not held by the client: 'DigiCert_TLS_RSA4096_Root_G5.pem' -> 'C:\\Users\\Acer\\AppData\\Local\\Temp\\scanner_fs_i4qzc315\\rootfs\\etc\\ssl\\certs\\d52c538d.0'
2026-08-23T18:24:56+0530 WARNING container_scanner Skipping symlink etc/ssl/certs/d6325660.0 -> COMODO_RSA_Certification_Authority.pem: [WinError 1314] A required privilege is not held by the client: 'COMODO_RSA_Certification_Authority.pem' -> 'C:\\Users\\Acer\\AppData\\Local\\Temp\\scanner_fs_i4qzc315\\rootfs\\etc\\ssl\\certs\\d6325660.0'
2026-08-23T18:24:56+0530 WARNING container_scanner Skipping symlink etc/ssl/certs/d7e8dc79.0 -> QuoVadis_Root_CA_2.pem: [WinError 1314] A required privilege is not held by the client: 'QuoVadis_Root_CA_2.pem' -> 'C:\\Users\\Acer\\AppData\\Local\\Temp\\scanner_fs_i4qzc315\\rootfs\\etc\\ssl\\certs\\d7e8dc79.0'
2026-08-23T18:24:56+0530 WARNING container_scanner Skipping symlink etc/ssl/certs/d887a5bb.0 -> Trustwave_Global_ECC_P384_Certification_Authority.pem: [WinError 1314] A required privilege is not held by the client: 'Trustwave_Global_ECC_P384_Certification_Authority.pem' -> 'C:\\Users\\Acer\\AppData\\Local\\Temp\\scanner_fs_i4qzc315\\rootfs\\etc\\ssl\\certs\\d887a5bb.0'
2026-08-23T18:24:56+0530 WARNING container_scanner Skipping symlink etc/ssl/certs/da0cfd1d.0 -> Sectigo_Public_Server_Authentication_Root_E46.pem: [WinError 1314] A required privilege is not held by the client: 'Sectigo_Public_Server_Authentication_Root_E46.pem' -> 'C:\\Users\\Acer\\AppData\\Local\\Temp\\scanner_fs_i4qzc315\\rootfs\\etc\\ssl\\certs\\da0cfd1d.0'
2026-08-23T18:24:56+0530 WARNING container_scanner Skipping symlink etc/ssl/certs/dc4d6a89.0 -> GlobalSign_Root_CA_-_R6.pem: [WinError 1314] A required privilege is not held by the client: 'GlobalSign_Root_CA_-_R6.pem' -> 'C:\\Users\\Acer\\AppData\\Local\\Temp\\scanner_fs_i4qzc315\\rootfs\\etc\\ssl\\certs\\dc4d6a89.0'
2026-08-23T18:24:56+0530 WARNING container_scanner Skipping symlink etc/ssl/certs/dd8e9d41.0 -> DigiCert_Global_Root_G3.pem: [WinError 1314] A required privilege is not held by the client: 'DigiCert_Global_Root_G3.pem' -> 'C:\\Users\\Acer\\AppData\\Local\\Temp\\scanner_fs_i4qzc315\\rootfs\\etc\\ssl\\certs\\dd8e9d41.0'
2026-08-23T18:24:56+0530 WARNING container_scanner Skipping symlink etc/ssl/certs/ddcda989.0 -> Telekom_Security_TLS_ECC_Root_2020.pem: [WinError 1314] A required privilege is not held by the client: 'Telekom_Security_TLS_ECC_Root_2020.pem' -> 'C:\\Users\\Acer\\AppData\\Local\\Temp\\scanner_fs_i4qzc315\\rootfs\\etc\\ssl\\certs\\ddcda989.0'
2026-08-23T18:24:56+0530 WARNING container_scanner Skipping symlink etc/ssl/certs/de6d66f3.0 -> Amazon_Root_CA_4.pem: [WinError 1314] A required privilege is not held by the client: 'Amazon_Root_CA_4.pem' -> 'C:\\Users\\Acer\\AppData\\Local\\Temp\\scanner_fs_i4qzc315\\rootfs\\etc\\ssl\\certs\\de6d66f3.0'
2026-08-23T18:24:56+0530 WARNING container_scanner Skipping symlink etc/ssl/certs/e-Szigno_Root_CA_2017.pem -> /usr/share/ca-certificates/mozilla/e-Szigno_Root_CA_2017.crt: [WinError 1314] A required privilege is not held by the client: '../../../usr/share/ca-certificates/mozilla/e-Szigno_Root_CA_2017.crt' -> 'C:\\Users\\Acer\\AppData\\Local\\Temp\\scanner_fs_i4qzc315\\rootfs\\etc\\ssl\\certs\\e-Szigno_Root_CA_2017.pem'
2026-08-23T18:24:56+0530 WARNING container_scanner Skipping symlink etc/ssl/certs/e113c810.0 -> Certigna.pem: [WinError 1314] A required privilege is not held by the client: 'Certigna.pem' -> 'C:\\Users\\Acer\\AppData\\Local\\Temp\\scanner_fs_i4qzc315\\rootfs\\etc\\ssl\\certs\\e113c810.0'
2026-08-23T18:24:56+0530 WARNING container_scanner Skipping symlink etc/ssl/certs/e18bfb83.0 -> QuoVadis_Root_CA_3_G3.pem: [WinError 1314] A required privilege is not held by the client: 'QuoVadis_Root_CA_3_G3.pem' -> 'C:\\Users\\Acer\\AppData\\Local\\Temp\\scanner_fs_i4qzc315\\rootfs\\etc\\ssl\\certs\\e18bfb83.0'
2026-08-23T18:24:56+0530 WARNING container_scanner Skipping symlink etc/ssl/certs/e35234b1.0 -> Certum_Trusted_Root_CA.pem: [WinError 1314] A required privilege is not held by the client: 'Certum_Trusted_Root_CA.pem' -> 'C:\\Users\\Acer\\AppData\\Local\\Temp\\scanner_fs_i4qzc315\\rootfs\\etc\\ssl\\certs\\e35234b1.0'
2026-08-23T18:24:56+0530 WARNING container_scanner Skipping symlink etc/ssl/certs/e36a6752.0 -> Atos_TrustedRoot_2011.pem: [WinError 1314] A required privilege is not held by the client: 'Atos_TrustedRoot_2011.pem' -> 'C:\\Users\\Acer\\AppData\\Local\\Temp\\scanner_fs_i4qzc315\\rootfs\\etc\\ssl\\certs\\e36a6752.0'
2026-08-23T18:24:56+0530 WARNING container_scanner Skipping symlink etc/ssl/certs/e73d606e.0 -> OISTE_WISeKey_Global_Root_GB_CA.pem: [WinError 1314] A required privilege is not held by the client: 'OISTE_WISeKey_Global_Root_GB_CA.pem' -> 'C:\\Users\\Acer\\AppData\\Local\\Temp\\scanner_fs_i4qzc315\\rootfs\\etc\\ssl\\certs\\e73d606e.0'
2026-08-23T18:24:56+0530 WARNING container_scanner Skipping symlink etc/ssl/certs/e868b802.0 -> e-Szigno_Root_CA_2017.pem: [WinError 1314] A required privilege is not held by the client: 'e-Szigno_Root_CA_2017.pem' -> 'C:\\Users\\Acer\\AppData\\Local\\Temp\\scanner_fs_i4qzc315\\rootfs\\etc\\ssl\\certs\\e868b802.0'
2026-08-23T18:24:56+0530 WARNING container_scanner Skipping symlink etc/ssl/certs/e8de2f56.0 -> Buypass_Class_3_Root_CA.pem: [WinError 1314] A required privilege is not held by the client: 'Buypass_Class_3_Root_CA.pem' -> 'C:\\Users\\Acer\\AppData\\Local\\Temp\\scanner_fs_i4qzc315\\rootfs\\etc\\ssl\\certs\\e8de2f56.0'
2026-08-23T18:24:56+0530 WARNING container_scanner Skipping symlink etc/ssl/certs/ePKI_Root_Certification_Authority.pem -> /usr/share/ca-certificates/mozilla/ePKI_Root_Certification_Authority.crt: [WinError 1314] A required privilege is not held by the client: '../../../usr/share/ca-certificates/mozilla/ePKI_Root_Certification_Authority.crt' -> 'C:\\Users\\Acer\\AppData\\Local\\Temp\\scanner_fs_i4qzc315\\rootfs\\etc\\ssl\\certs\\ePKI_Root_Certification_Authority.pem'
2026-08-23T18:24:56+0530 WARNING container_scanner Skipping symlink etc/ssl/certs/ecccd8db.0 -> HARICA_TLS_ECC_Root_CA_2021.pem: [WinError 1314] A required privilege is not held by the client: 'HARICA_TLS_ECC_Root_CA_2021.pem' -> 'C:\\Users\\Acer\\AppData\\Local\\Temp\\scanner_fs_i4qzc315\\rootfs\\etc\\ssl\\certs\\ecccd8db.0'
2026-08-23T18:24:56+0530 WARNING container_scanner Skipping symlink etc/ssl/certs/ed858448.0 -> vTrus_ECC_Root_CA.pem: [WinError 1314] A required privilege is not held by the client: 'vTrus_ECC_Root_CA.pem' -> 'C:\\Users\\Acer\\AppData\\Local\\Temp\\scanner_fs_i4qzc315\\rootfs\\etc\\ssl\\certs\\ed858448.0'
2026-08-23T18:24:56+0530 WARNING container_scanner Skipping symlink etc/ssl/certs/ee64a828.0 -> Comodo_AAA_Services_root.pem: [WinError 1314] A required privilege is not held by the client: 'Comodo_AAA_Services_root.pem' -> 'C:\\Users\\Acer\\AppData\\Local\\Temp\\scanner_fs_i4qzc315\\rootfs\\etc\\ssl\\certs\\ee64a828.0'
2026-08-23T18:24:56+0530 WARNING container_scanner Skipping symlink etc/ssl/certs/eed8c118.0 -> COMODO_ECC_Certification_Authority.pem: [WinError 1314] A required privilege is not held by the client: 'COMODO_ECC_Certification_Authority.pem' -> 'C:\\Users\\Acer\\AppData\\Local\\Temp\\scanner_fs_i4qzc315\\rootfs\\etc\\ssl\\certs\\eed8c118.0'
2026-08-23T18:24:56+0530 WARNING container_scanner Skipping symlink etc/ssl/certs/ef954a4e.0 -> IdenTrust_Commercial_Root_CA_1.pem: [WinError 1314] A required privilege is not held by the client: 'IdenTrust_Commercial_Root_CA_1.pem' -> 'C:\\Users\\Acer\\AppData\\Local\\Temp\\scanner_fs_i4qzc315\\rootfs\\etc\\ssl\\certs\\ef954a4e.0'
2026-08-23T18:24:56+0530 WARNING container_scanner Skipping symlink etc/ssl/certs/emSign_ECC_Root_CA_-_C3.pem -> /usr/share/ca-certificates/mozilla/emSign_ECC_Root_CA_-_C3.crt: [WinError 1314] A required privilege is not held by the client: '../../../usr/share/ca-certificates/mozilla/emSign_ECC_Root_CA_-_C3.crt' -> 'C:\\Users\\Acer\\AppData\\Local\\Temp\\scanner_fs_i4qzc315\\rootfs\\etc\\ssl\\certs\\emSign_ECC_Root_CA_-_C3.pem'
2026-08-23T18:24:56+0530 WARNING container_scanner Skipping symlink etc/ssl/certs/emSign_ECC_Root_CA_-_G3.pem -> /usr/share/ca-certificates/mozilla/emSign_ECC_Root_CA_-_G3.crt: [WinError 1314] A required privilege is not held by the client: '../../../usr/share/ca-certificates/mozilla/emSign_ECC_Root_CA_-_G3.crt' -> 'C:\\Users\\Acer\\AppData\\Local\\Temp\\scanner_fs_i4qzc315\\rootfs\\etc\\ssl\\certs\\emSign_ECC_Root_CA_-_G3.pem'
2026-08-23T18:24:56+0530 WARNING container_scanner Skipping symlink etc/ssl/certs/emSign_Root_CA_-_C1.pem -> /usr/share/ca-certificates/mozilla/emSign_Root_CA_-_C1.crt: [WinError 1314] A required privilege is not held by the client: '../../../usr/share/ca-certificates/mozilla/emSign_Root_CA_-_C1.crt' -> 'C:\\Users\\Acer\\AppData\\Local\\Temp\\scanner_fs_i4qzc315\\rootfs\\etc\\ssl\\certs\\emSign_Root_CA_-_C1.pem'
2026-08-23T18:24:56+0530 WARNING container_scanner Skipping symlink etc/ssl/certs/emSign_Root_CA_-_G1.pem -> /usr/share/ca-certificates/mozilla/emSign_Root_CA_-_G1.crt: [WinError 1314] A required privilege is not held by the client: '../../../usr/share/ca-certificates/mozilla/emSign_Root_CA_-_G1.crt' -> 'C:\\Users\\Acer\\AppData\\Local\\Temp\\scanner_fs_i4qzc315\\rootfs\\etc\\ssl\\certs\\emSign_Root_CA_-_G1.pem'
2026-08-23T18:24:56+0530 WARNING container_scanner Skipping symlink etc/ssl/certs/f081611a.0 -> Go_Daddy_Class_2_CA.pem: [WinError 1314] A required privilege is not held by the client: 'Go_Daddy_Class_2_CA.pem' -> 'C:\\Users\\Acer\\AppData\\Local\\Temp\\scanner_fs_i4qzc315\\rootfs\\etc\\ssl\\certs\\f081611a.0'
2026-08-23T18:24:56+0530 WARNING container_scanner Skipping symlink etc/ssl/certs/f0c70a8d.0 -> SSL.com_EV_Root_Certification_Authority_ECC.pem: [WinError 1314] A required privilege is not held by the client: 'SSL.com_EV_Root_Certification_Authority_ECC.pem' -> 'C:\\Users\\Acer\\AppData\\Local\\Temp\\scanner_fs_i4qzc315\\rootfs\\etc\\ssl\\certs\\f0c70a8d.0'
2026-08-23T18:24:56+0530 WARNING container_scanner Skipping symlink etc/ssl/certs/f249de83.0 -> Trustwave_Global_Certification_Authority.pem: [WinError 1314] A required privilege is not held by the client: 'Trustwave_Global_Certification_Authority.pem' -> 'C:\\Users\\Acer\\AppData\\Local\\Temp\\scanner_fs_i4qzc315\\rootfs\\etc\\ssl\\certs\\f249de83.0'
2026-08-23T18:24:56+0530 WARNING container_scanner Skipping symlink etc/ssl/certs/f30dd6ad.0 -> USERTrust_ECC_Certification_Authority.pem: [WinError 1314] A required privilege is not held by the client: 'USERTrust_ECC_Certification_Authority.pem' -> 'C:\\Users\\Acer\\AppData\\Local\\Temp\\scanner_fs_i4qzc315\\rootfs\\etc\\ssl\\certs\\f30dd6ad.0'
2026-08-23T18:24:56+0530 WARNING container_scanner Skipping symlink etc/ssl/certs/f387163d.0 -> Starfield_Class_2_CA.pem: [WinError 1314] A required privilege is not held by the client: 'Starfield_Class_2_CA.pem' -> 'C:\\Users\\Acer\\AppData\\Local\\Temp\\scanner_fs_i4qzc315\\rootfs\\etc\\ssl\\certs\\f387163d.0'
2026-08-23T18:24:56+0530 WARNING container_scanner Skipping symlink etc/ssl/certs/f39fc864.0 -> SecureTrust_CA.pem: [WinError 1314] A required privilege is not held by the client: 'SecureTrust_CA.pem' -> 'C:\\Users\\Acer\\AppData\\Local\\Temp\\scanner_fs_i4qzc315\\rootfs\\etc\\ssl\\certs\\f39fc864.0'
2026-08-23T18:24:56+0530 WARNING container_scanner Skipping symlink etc/ssl/certs/f51bb24c.0 -> Certigna_Root_CA.pem: [WinError 1314] A required privilege is not held by the client: 'Certigna_Root_CA.pem' -> 'C:\\Users\\Acer\\AppData\\Local\\Temp\\scanner_fs_i4qzc315\\rootfs\\etc\\ssl\\certs\\f51bb24c.0'
2026-08-23T18:24:56+0530 WARNING container_scanner Skipping symlink etc/ssl/certs/fa5da96b.0 -> GLOBALTRUST_2020.pem: [WinError 1314] A required privilege is not held by the client: 'GLOBALTRUST_2020.pem' -> 'C:\\Users\\Acer\\AppData\\Local\\Temp\\scanner_fs_i4qzc315\\rootfs\\etc\\ssl\\certs\\fa5da96b.0'
2026-08-23T18:24:56+0530 WARNING container_scanner Skipping symlink etc/ssl/certs/fb717492.0 -> Atos_TrustedRoot_Root_CA_ECC_TLS_2021.pem: [WinError 1314] A required privilege is not held by the client: 'Atos_TrustedRoot_Root_CA_ECC_TLS_2021.pem' -> 'C:\\Users\\Acer\\AppData\\Local\\Temp\\scanner_fs_i4qzc315\\rootfs\\etc\\ssl\\certs\\fb717492.0'
2026-08-23T18:24:56+0530 WARNING container_scanner Skipping symlink etc/ssl/certs/fc5a8f99.0 -> USERTrust_RSA_Certification_Authority.pem: [WinError 1314] A required privilege is not held by the client: 'USERTrust_RSA_Certification_Authority.pem' -> 'C:\\Users\\Acer\\AppData\\Local\\Temp\\scanner_fs_i4qzc315\\rootfs\\etc\\ssl\\certs\\fc5a8f99.0'
2026-08-23T18:24:56+0530 WARNING container_scanner Skipping symlink etc/ssl/certs/fd64f3fc.0 -> TunTrust_Root_CA.pem: [WinError 1314] A required privilege is not held by the client: 'TunTrust_Root_CA.pem' -> 'C:\\Users\\Acer\\AppData\\Local\\Temp\\scanner_fs_i4qzc315\\rootfs\\etc\\ssl\\certs\\fd64f3fc.0'
2026-08-23T18:24:56+0530 WARNING container_scanner Skipping symlink etc/ssl/certs/fe8a2cd8.0 -> SZAFIR_ROOT_CA2.pem: [WinError 1314] A required privilege is not held by the client: 'SZAFIR_ROOT_CA2.pem' -> 'C:\\Users\\Acer\\AppData\\Local\\Temp\\scanner_fs_i4qzc315\\rootfs\\etc\\ssl\\certs\\fe8a2cd8.0'
2026-08-23T18:24:56+0530 WARNING container_scanner Skipping symlink etc/ssl/certs/feffd413.0 -> GlobalSign_Root_E46.pem: [WinError 1314] A required privilege is not held by the client: 'GlobalSign_Root_E46.pem' -> 'C:\\Users\\Acer\\AppData\\Local\\Temp\\scanner_fs_i4qzc315\\rootfs\\etc\\ssl\\certs\\feffd413.0'
2026-08-23T18:24:56+0530 WARNING container_scanner Skipping symlink etc/ssl/certs/ff34af3f.0 -> TUBITAK_Kamu_SM_SSL_Kok_Sertifikasi_-_Surum_1.pem: [WinError 1314] A required privilege is not held by the client: 'TUBITAK_Kamu_SM_SSL_Kok_Sertifikasi_-_Surum_1.pem' -> 'C:\\Users\\Acer\\AppData\\Local\\Temp\\scanner_fs_i4qzc315\\rootfs\\etc\\ssl\\certs\\ff34af3f.0'
2026-08-23T18:24:56+0530 WARNING container_scanner Skipping symlink etc/ssl/certs/ffdd40f9.0 -> D-TRUST_BR_Root_CA_2_2023.pem: [WinError 1314] A required privilege is not held by the client: 'D-TRUST_BR_Root_CA_2_2023.pem' -> 'C:\\Users\\Acer\\AppData\\Local\\Temp\\scanner_fs_i4qzc315\\rootfs\\etc\\ssl\\certs\\ffdd40f9.0'
2026-08-23T18:24:56+0530 WARNING container_scanner Skipping symlink etc/ssl/certs/vTrus_ECC_Root_CA.pem -> /usr/share/ca-certificates/mozilla/vTrus_ECC_Root_CA.crt: [WinError 1314] A required privilege is not held by the client: '../../../usr/share/ca-certificates/mozilla/vTrus_ECC_Root_CA.crt' -> 'C:\\Users\\Acer\\AppData\\Local\\Temp\\scanner_fs_i4qzc315\\rootfs\\etc\\ssl\\certs\\vTrus_ECC_Root_CA.pem'
2026-08-23T18:24:56+0530 WARNING container_scanner Skipping symlink etc/ssl/certs/vTrus_Root_CA.pem -> /usr/share/ca-certificates/mozilla/vTrus_Root_CA.crt: [WinError 1314] A required privilege is not held by the client: '../../../usr/share/ca-certificates/mozilla/vTrus_Root_CA.crt' -> 'C:\\Users\\Acer\\AppData\\Local\\Temp\\scanner_fs_i4qzc315\\rootfs\\etc\\ssl\\certs\\vTrus_Root_CA.pem'
2026-08-23T18:24:56+0530 WARNING container_scanner Skipping symlink etc/systemd/system/multi-user.target.wants/nginx.service -> /lib/systemd/system/nginx.service: [WinError 1314] A required privilege is not held by the client: '../../../../lib/systemd/system/nginx.service' -> 'C:\\Users\\Acer\\AppData\\Local\\Temp\\scanner_fs_i4qzc315\\rootfs\\etc\\systemd\\system\\multi-user.target.wants\\nginx.service'
2026-08-23T18:24:57+0530 WARNING container_scanner Skipping symlink usr/lib/ssl/cert.pem -> /etc/ssl/certs/ca-certificates.crt: [WinError 1314] A required privilege is not held by the client: '../../../etc/ssl/certs/ca-certificates.crt' -> 'C:\\Users\\Acer\\AppData\\Local\\Temp\\scanner_fs_i4qzc315\\rootfs\\usr\\lib\\ssl\\cert.pem'
2026-08-23T18:24:57+0530 WARNING container_scanner Skipping symlink usr/lib/ssl/certs -> /etc/ssl/certs: [WinError 1314] A required privilege is not held by the client: '../../../etc/ssl/certs' -> 'C:\\Users\\Acer\\AppData\\Local\\Temp\\scanner_fs_i4qzc315\\rootfs\\usr\\lib\\ssl\\certs'
2026-08-23T18:24:57+0530 WARNING container_scanner Skipping symlink usr/lib/ssl/misc/tsget -> tsget.pl: [WinError 1314] A required privilege is not held by the client: 'tsget.pl' -> 'C:\\Users\\Acer\\AppData\\Local\\Temp\\scanner_fs_i4qzc315\\rootfs\\usr\\lib\\ssl\\misc\\tsget'
2026-08-23T18:24:57+0530 WARNING container_scanner Skipping symlink usr/lib/ssl/openssl.cnf -> /etc/ssl/openssl.cnf: [WinError 1314] A required privilege is not held by the client: '../../../etc/ssl/openssl.cnf' -> 'C:\\Users\\Acer\\AppData\\Local\\Temp\\scanner_fs_i4qzc315\\rootfs\\usr\\lib\\ssl\\openssl.cnf'
2026-08-23T18:24:57+0530 WARNING container_scanner Skipping symlink usr/lib/ssl/private -> /etc/ssl/private: [WinError 1314] A required privilege is not held by the client: '../../../etc/ssl/private' -> 'C:\\Users\\Acer\\AppData\\Local\\Temp\\scanner_fs_i4qzc315\\rootfs\\usr\\lib\\ssl\\private'
2026-08-23T18:24:57+0530 WARNING container_scanner Skipping symlink usr/lib/x86_64-linux-gnu/libGeoIP.so.1 -> libGeoIP.so.1.6.12: [WinError 1314] A required privilege is not held by the client: 'libGeoIP.so.1.6.12' -> 'C:\\Users\\Acer\\AppData\\Local\\Temp\\scanner_fs_i4qzc315\\rootfs\\usr\\lib\\x86_64-linux-gnu\\libGeoIP.so.1'
2026-08-23T18:24:57+0530 WARNING container_scanner Skipping symlink usr/lib/x86_64-linux-gnu/libSvtAv1Enc.so.2 -> libSvtAv1Enc.so.2.3.0: [WinError 1314] A required privilege is not held by the client: 'libSvtAv1Enc.so.2.3.0' -> 'C:\\Users\\Acer\\AppData\\Local\\Temp\\scanner_fs_i4qzc315\\rootfs\\usr\\lib\\x86_64-linux-gnu\\libSvtAv1Enc.so.2'
2026-08-23T18:24:57+0530 WARNING container_scanner Skipping symlink usr/lib/x86_64-linux-gnu/libX11.so.6 -> libX11.so.6.4.0: [WinError 1314] A required privilege is not held by the client: 'libX11.so.6.4.0' -> 'C:\\Users\\Acer\\AppData\\Local\\Temp\\scanner_fs_i4qzc315\\rootfs\\usr\\lib\\x86_64-linux-gnu\\libX11.so.6'
2026-08-23T18:24:57+0530 WARNING container_scanner Skipping symlink usr/lib/x86_64-linux-gnu/libXau.so.6 -> libXau.so.6.0.0: [WinError 1314] A required privilege is not held by the client: 'libXau.so.6.0.0' -> 'C:\\Users\\Acer\\AppData\\Local\\Temp\\scanner_fs_i4qzc315\\rootfs\\usr\\lib\\x86_64-linux-gnu\\libXau.so.6'
2026-08-23T18:24:57+0530 WARNING container_scanner Skipping symlink usr/lib/x86_64-linux-gnu/libXdmcp.so.6 -> libXdmcp.so.6.0.0: [WinError 1314] A required privilege is not held by the client: 'libXdmcp.so.6.0.0' -> 'C:\\Users\\Acer\\AppData\\Local\\Temp\\scanner_fs_i4qzc315\\rootfs\\usr\\lib\\x86_64-linux-gnu\\libXdmcp.so.6'
2026-08-23T18:24:57+0530 WARNING container_scanner Skipping symlink usr/lib/x86_64-linux-gnu/libXpm.so.4 -> libXpm.so.4.11.0: [WinError 1314] A required privilege is not held by the client: 'libXpm.so.4.11.0' -> 'C:\\Users\\Acer\\AppData\\Local\\Temp\\scanner_fs_i4qzc315\\rootfs\\usr\\lib\\x86_64-linux-gnu\\libXpm.so.4'
2026-08-23T18:24:57+0530 WARNING container_scanner Skipping symlink usr/lib/x86_64-linux-gnu/libabsl_bad_any_cast_impl.so.20240722 -> libabsl_bad_any_cast_impl.so.20240722.0.0: [WinError 1314] A required privilege is not held by the client: 'libabsl_bad_any_cast_impl.so.20240722.0.0' -> 'C:\\Users\\Acer\\AppData\\Local\\Temp\\scanner_fs_i4qzc315\\rootfs\\usr\\lib\\x86_64-linux-gnu\\libabsl_bad_any_cast_impl.so.20240722'
2026-08-23T18:24:57+0530 WARNING container_scanner Skipping symlink usr/lib/x86_64-linux-gnu/libabsl_bad_optional_access.so.20240722 -> libabsl_bad_optional_access.so.20240722.0.0: [WinError 1314] A required privilege is not held by the client: 'libabsl_bad_optional_access.so.20240722.0.0' -> 'C:\\Users\\Acer\\AppData\\Local\\Temp\\scanner_fs_i4qzc315\\rootfs\\usr\\lib\\x86_64-linux-gnu\\libabsl_bad_optional_access.so.20240722'
2026-08-23T18:24:57+0530 WARNING container_scanner Skipping symlink usr/lib/x86_64-linux-gnu/libabsl_bad_variant_access.so.20240722 -> libabsl_bad_variant_access.so.20240722.0.0: [WinError 1314] A required privilege is not held by the client: 'libabsl_bad_variant_access.so.20240722.0.0' -> 'C:\\Users\\Acer\\AppData\\Local\\Temp\\scanner_fs_i4qzc315\\rootfs\\usr\\lib\\x86_64-linux-gnu\\libabsl_bad_variant_access.so.20240722'
2026-08-23T18:24:57+0530 WARNING container_scanner Skipping symlink usr/lib/x86_64-linux-gnu/libabsl_base.so.20240722 -> libabsl_base.so.20240722.0.0: [WinError 1314] A required privilege is not held by the client: 'libabsl_base.so.20240722.0.0' -> 'C:\\Users\\Acer\\AppData\\Local\\Temp\\scanner_fs_i4qzc315\\rootfs\\usr\\lib\\x86_64-linux-gnu\\libabsl_base.so.20240722'
2026-08-23T18:24:57+0530 WARNING container_scanner Skipping symlink usr/lib/x86_64-linux-gnu/libabsl_city.so.20240722 -> libabsl_city.so.20240722.0.0: [WinError 1314] A required privilege is not held by the client: 'libabsl_city.so.20240722.0.0' -> 'C:\\Users\\Acer\\AppData\\Local\\Temp\\scanner_fs_i4qzc315\\rootfs\\usr\\lib\\x86_64-linux-gnu\\libabsl_city.so.20240722'
2026-08-23T18:24:57+0530 WARNING container_scanner Skipping symlink usr/lib/x86_64-linux-gnu/libabsl_civil_time.so.20240722 -> libabsl_civil_time.so.20240722.0.0: [WinError 1314] A required privilege is not held by the client: 'libabsl_civil_time.so.20240722.0.0' -> 'C:\\Users\\Acer\\AppData\\Local\\Temp\\scanner_fs_i4qzc315\\rootfs\\usr\\lib\\x86_64-linux-gnu\\libabsl_civil_time.so.20240722'
2026-08-23T18:24:57+0530 WARNING container_scanner Skipping symlink usr/lib/x86_64-linux-gnu/libabsl_cord.so.20240722 -> libabsl_cord.so.20240722.0.0: [WinError 1314] A required privilege is not held by the client: 'libabsl_cord.so.20240722.0.0' -> 'C:\\Users\\Acer\\AppData\\Local\\Temp\\scanner_fs_i4qzc315\\rootfs\\usr\\lib\\x86_64-linux-gnu\\libabsl_cord.so.20240722'
2026-08-23T18:24:57+0530 WARNING container_scanner Skipping symlink usr/lib/x86_64-linux-gnu/libabsl_cord_internal.so.20240722 -> libabsl_cord_internal.so.20240722.0.0: [WinError 1314] A required privilege is not held by the client: 'libabsl_cord_internal.so.20240722.0.0' -> 'C:\\Users\\Acer\\AppData\\Local\\Temp\\scanner_fs_i4qzc315\\rootfs\\usr\\lib\\x86_64-linux-gnu\\libabsl_cord_internal.so.20240722'
2026-08-23T18:24:57+0530 WARNING container_scanner Skipping symlink usr/lib/x86_64-linux-gnu/libabsl_cordz_functions.so.20240722 -> libabsl_cordz_functions.so.20240722.0.0: [WinError 1314] A required privilege is not held by the client: 'libabsl_cordz_functions.so.20240722.0.0' -> 'C:\\Users\\Acer\\AppData\\Local\\Temp\\scanner_fs_i4qzc315\\rootfs\\usr\\lib\\x86_64-linux-gnu\\libabsl_cordz_functions.so.20240722'
2026-08-23T18:24:57+0530 WARNING container_scanner Skipping symlink usr/lib/x86_64-linux-gnu/libabsl_cordz_handle.so.20240722 -> libabsl_cordz_handle.so.20240722.0.0: [WinError 1314] A required privilege is not held by the client: 'libabsl_cordz_handle.so.20240722.0.0' -> 'C:\\Users\\Acer\\AppData\\Local\\Temp\\scanner_fs_i4qzc315\\rootfs\\usr\\lib\\x86_64-linux-gnu\\libabsl_cordz_handle.so.20240722'
2026-08-23T18:24:57+0530 WARNING container_scanner Skipping symlink usr/lib/x86_64-linux-gnu/libabsl_cordz_info.so.20240722 -> libabsl_cordz_info.so.20240722.0.0: [WinError 1314] A required privilege is not held by the client: 'libabsl_cordz_info.so.20240722.0.0' -> 'C:\\Users\\Acer\\AppData\\Local\\Temp\\scanner_fs_i4qzc315\\rootfs\\usr\\lib\\x86_64-linux-gnu\\libabsl_cordz_info.so.20240722'
2026-08-23T18:24:57+0530 WARNING container_scanner Skipping symlink usr/lib/x86_64-linux-gnu/libabsl_cordz_sample_token.so.20240722 -> libabsl_cordz_sample_token.so.20240722.0.0: [WinError 1314] A required privilege is not held by the client: 'libabsl_cordz_sample_token.so.20240722.0.0' -> 'C:\\Users\\Acer\\AppData\\Local\\Temp\\scanner_fs_i4qzc315\\rootfs\\usr\\lib\\x86_64-linux-gnu\\libabsl_cordz_sample_token.so.20240722'
2026-08-23T18:24:57+0530 WARNING container_scanner Skipping symlink usr/lib/x86_64-linux-gnu/libabsl_crc32c.so.20240722 -> libabsl_crc32c.so.20240722.0.0: [WinError 1314] A required privilege is not held by the client: 'libabsl_crc32c.so.20240722.0.0' -> 'C:\\Users\\Acer\\AppData\\Local\\Temp\\scanner_fs_i4qzc315\\rootfs\\usr\\lib\\x86_64-linux-gnu\\libabsl_crc32c.so.20240722'
2026-08-23T18:24:57+0530 WARNING container_scanner Skipping symlink usr/lib/x86_64-linux-gnu/libabsl_crc_cord_state.so.20240722 -> libabsl_crc_cord_state.so.20240722.0.0: [WinError 1314] A required privilege is not held by the client: 'libabsl_crc_cord_state.so.20240722.0.0' -> 'C:\\Users\\Acer\\AppData\\Local\\Temp\\scanner_fs_i4qzc315\\rootfs\\usr\\lib\\x86_64-linux-gnu\\libabsl_crc_cord_state.so.20240722'
2026-08-23T18:24:57+0530 WARNING container_scanner Skipping symlink usr/lib/x86_64-linux-gnu/libabsl_crc_cpu_detect.so.20240722 -> libabsl_crc_cpu_detect.so.20240722.0.0: [WinError 1314] A required privilege is not held by the client: 'libabsl_crc_cpu_detect.so.20240722.0.0' -> 'C:\\Users\\Acer\\AppData\\Local\\Temp\\scanner_fs_i4qzc315\\rootfs\\usr\\lib\\x86_64-linux-gnu\\libabsl_crc_cpu_detect.so.20240722'
2026-08-23T18:24:57+0530 WARNING container_scanner Skipping symlink usr/lib/x86_64-linux-gnu/libabsl_crc_internal.so.20240722 -> libabsl_crc_internal.so.20240722.0.0: [WinError 1314] A required privilege is not held by the client: 'libabsl_crc_internal.so.20240722.0.0' -> 'C:\\Users\\Acer\\AppData\\Local\\Temp\\scanner_fs_i4qzc315\\rootfs\\usr\\lib\\x86_64-linux-gnu\\libabsl_crc_internal.so.20240722'
2026-08-23T18:24:57+0530 WARNING container_scanner Skipping symlink usr/lib/x86_64-linux-gnu/libabsl_debugging_internal.so.20240722 -> libabsl_debugging_internal.so.20240722.0.0: [WinError 1314] A required privilege is not held by the client: 'libabsl_debugging_internal.so.20240722.0.0' -> 'C:\\Users\\Acer\\AppData\\Local\\Temp\\scanner_fs_i4qzc315\\rootfs\\usr\\lib\\x86_64-linux-gnu\\libabsl_debugging_internal.so.20240722'
2026-08-23T18:24:57+0530 WARNING container_scanner Skipping symlink usr/lib/x86_64-linux-gnu/libabsl_decode_rust_punycode.so.20240722 -> libabsl_decode_rust_punycode.so.20240722.0.0: [WinError 1314] A required privilege is not held by the client: 'libabsl_decode_rust_punycode.so.20240722.0.0' -> 'C:\\Users\\Acer\\AppData\\Local\\Temp\\scanner_fs_i4qzc315\\rootfs\\usr\\lib\\x86_64-linux-gnu\\libabsl_decode_rust_punycode.so.20240722'
2026-08-23T18:24:57+0530 WARNING container_scanner Skipping symlink usr/lib/x86_64-linux-gnu/libabsl_demangle_internal.so.20240722 -> libabsl_demangle_internal.so.20240722.0.0: [WinError 1314] A required privilege is not held by the client: 'libabsl_demangle_internal.so.20240722.0.0' -> 'C:\\Users\\Acer\\AppData\\Local\\Temp\\scanner_fs_i4qzc315\\rootfs\\usr\\lib\\x86_64-linux-gnu\\libabsl_demangle_internal.so.20240722'
2026-08-23T18:24:57+0530 WARNING container_scanner Skipping symlink usr/lib/x86_64-linux-gnu/libabsl_demangle_rust.so.20240722 -> libabsl_demangle_rust.so.20240722.0.0: [WinError 1314] A required privilege is not held by the client: 'libabsl_demangle_rust.so.20240722.0.0' -> 'C:\\Users\\Acer\\AppData\\Local\\Temp\\scanner_fs_i4qzc315\\rootfs\\usr\\lib\\x86_64-linux-gnu\\libabsl_demangle_rust.so.20240722'
2026-08-23T18:24:57+0530 WARNING container_scanner Skipping symlink usr/lib/x86_64-linux-gnu/libabsl_die_if_null.so.20240722 -> libabsl_die_if_null.so.20240722.0.0: [WinError 1314] A required privilege is not held by the client: 'libabsl_die_if_null.so.20240722.0.0' -> 'C:\\Users\\Acer\\AppData\\Local\\Temp\\scanner_fs_i4qzc315\\rootfs\\usr\\lib\\x86_64-linux-gnu\\libabsl_die_if_null.so.20240722'
2026-08-23T18:24:57+0530 WARNING container_scanner Skipping symlink usr/lib/x86_64-linux-gnu/libabsl_examine_stack.so.20240722 -> libabsl_examine_stack.so.20240722.0.0: [WinError 1314] A required privilege is not held by the client: 'libabsl_examine_stack.so.20240722.0.0' -> 'C:\\Users\\Acer\\AppData\\Local\\Temp\\scanner_fs_i4qzc315\\rootfs\\usr\\lib\\x86_64-linux-gnu\\libabsl_examine_stack.so.20240722'
2026-08-23T18:24:57+0530 WARNING container_scanner Skipping symlink usr/lib/x86_64-linux-gnu/libabsl_exponential_biased.so.20240722 -> libabsl_exponential_biased.so.20240722.0.0: [WinError 1314] A required privilege is not held by the client: 'libabsl_exponential_biased.so.20240722.0.0' -> 'C:\\Users\\Acer\\AppData\\Local\\Temp\\scanner_fs_i4qzc315\\rootfs\\usr\\lib\\x86_64-linux-gnu\\libabsl_exponential_biased.so.20240722'
2026-08-23T18:24:57+0530 WARNING container_scanner Skipping symlink usr/lib/x86_64-linux-gnu/libabsl_failure_signal_handler.so.20240722 -> libabsl_failure_signal_handler.so.20240722.0.0: [WinError 1314] A required privilege is not held by the client: 'libabsl_failure_signal_handler.so.20240722.0.0' -> 'C:\\Users\\Acer\\AppData\\Local\\Temp\\scanner_fs_i4qzc315\\rootfs\\usr\\lib\\x86_64-linux-gnu\\libabsl_failure_signal_handler.so.20240722'
2026-08-23T18:24:57+0530 WARNING container_scanner Skipping symlink usr/lib/x86_64-linux-gnu/libabsl_flags_commandlineflag.so.20240722 -> libabsl_flags_commandlineflag.so.20240722.0.0: [WinError 1314] A required privilege is not held by the client: 'libabsl_flags_commandlineflag.so.20240722.0.0' -> 'C:\\Users\\Acer\\AppData\\Local\\Temp\\scanner_fs_i4qzc315\\rootfs\\usr\\lib\\x86_64-linux-gnu\\libabsl_flags_commandlineflag.so.20240722'
2026-08-23T18:24:57+0530 WARNING container_scanner Skipping symlink usr/lib/x86_64-linux-gnu/libabsl_flags_commandlineflag_internal.so.20240722 -> libabsl_flags_commandlineflag_internal.so.20240722.0.0: [WinError 1314] A required privilege is not held by the client: 'libabsl_flags_commandlineflag_internal.so.20240722.0.0' -> 'C:\\Users\\Acer\\AppData\\Local\\Temp\\scanner_fs_i4qzc315\\rootfs\\usr\\lib\\x86_64-linux-gnu\\libabsl_flags_commandlineflag_internal.so.20240722'
2026-08-23T18:24:57+0530 WARNING container_scanner Skipping symlink usr/lib/x86_64-linux-gnu/libabsl_flags_config.so.20240722 -> libabsl_flags_config.so.20240722.0.0: [WinError 1314] A required privilege is not held by the client: 'libabsl_flags_config.so.20240722.0.0' -> 'C:\\Users\\Acer\\AppData\\Local\\Temp\\scanner_fs_i4qzc315\\rootfs\\usr\\lib\\x86_64-linux-gnu\\libabsl_flags_config.so.20240722'
2026-08-23T18:24:57+0530 WARNING container_scanner Skipping symlink usr/lib/x86_64-linux-gnu/libabsl_flags_internal.so.20240722 -> libabsl_flags_internal.so.20240722.0.0: [WinError 1314] A required privilege is not held by the client: 'libabsl_flags_internal.so.20240722.0.0' -> 'C:\\Users\\Acer\\AppData\\Local\\Temp\\scanner_fs_i4qzc315\\rootfs\\usr\\lib\\x86_64-linux-gnu\\libabsl_flags_internal.so.20240722'
2026-08-23T18:24:57+0530 WARNING container_scanner Skipping symlink usr/lib/x86_64-linux-gnu/libabsl_flags_marshalling.so.20240722 -> libabsl_flags_marshalling.so.20240722.0.0: [WinError 1314] A required privilege is not held by the client: 'libabsl_flags_marshalling.so.20240722.0.0' -> 'C:\\Users\\Acer\\AppData\\Local\\Temp\\scanner_fs_i4qzc315\\rootfs\\usr\\lib\\x86_64-linux-gnu\\libabsl_flags_marshalling.so.20240722'
2026-08-23T18:24:57+0530 WARNING container_scanner Skipping symlink usr/lib/x86_64-linux-gnu/libabsl_flags_parse.so.20240722 -> libabsl_flags_parse.so.20240722.0.0: [WinError 1314] A required privilege is not held by the client: 'libabsl_flags_parse.so.20240722.0.0' -> 'C:\\Users\\Acer\\AppData\\Local\\Temp\\scanner_fs_i4qzc315\\rootfs\\usr\\lib\\x86_64-linux-gnu\\libabsl_flags_parse.so.20240722'
2026-08-23T18:24:57+0530 WARNING container_scanner Skipping symlink usr/lib/x86_64-linux-gnu/libabsl_flags_private_handle_accessor.so.20240722 -> libabsl_flags_private_handle_accessor.so.20240722.0.0: [WinError 1314] A required privilege is not held by the client: 'libabsl_flags_private_handle_accessor.so.20240722.0.0' -> 'C:\\Users\\Acer\\AppData\\Local\\Temp\\scanner_fs_i4qzc315\\rootfs\\usr\\lib\\x86_64-linux-gnu\\libabsl_flags_private_handle_accessor.so.20240722'
2026-08-23T18:24:57+0530 WARNING container_scanner Skipping symlink usr/lib/x86_64-linux-gnu/libabsl_flags_program_name.so.20240722 -> libabsl_flags_program_name.so.20240722.0.0: [WinError 1314] A required privilege is not held by the client: 'libabsl_flags_program_name.so.20240722.0.0' -> 'C:\\Users\\Acer\\AppData\\Local\\Temp\\scanner_fs_i4qzc315\\rootfs\\usr\\lib\\x86_64-linux-gnu\\libabsl_flags_program_name.so.20240722'
2026-08-23T18:24:57+0530 WARNING container_scanner Skipping symlink usr/lib/x86_64-linux-gnu/libabsl_flags_reflection.so.20240722 -> libabsl_flags_reflection.so.20240722.0.0: [WinError 1314] A required privilege is not held by the client: 'libabsl_flags_reflection.so.20240722.0.0' -> 'C:\\Users\\Acer\\AppData\\Local\\Temp\\scanner_fs_i4qzc315\\rootfs\\usr\\lib\\x86_64-linux-gnu\\libabsl_flags_reflection.so.20240722'
2026-08-23T18:24:57+0530 WARNING container_scanner Skipping symlink usr/lib/x86_64-linux-gnu/libabsl_flags_usage.so.20240722 -> libabsl_flags_usage.so.20240722.0.0: [WinError 1314] A required privilege is not held by the client: 'libabsl_flags_usage.so.20240722.0.0' -> 'C:\\Users\\Acer\\AppData\\Local\\Temp\\scanner_fs_i4qzc315\\rootfs\\usr\\lib\\x86_64-linux-gnu\\libabsl_flags_usage.so.20240722'
2026-08-23T18:24:57+0530 WARNING container_scanner Skipping symlink usr/lib/x86_64-linux-gnu/libabsl_flags_usage_internal.so.20240722 -> libabsl_flags_usage_internal.so.20240722.0.0: [WinError 1314] A required privilege is not held by the client: 'libabsl_flags_usage_internal.so.20240722.0.0' -> 'C:\\Users\\Acer\\AppData\\Local\\Temp\\scanner_fs_i4qzc315\\rootfs\\usr\\lib\\x86_64-linux-gnu\\libabsl_flags_usage_internal.so.20240722'
2026-08-23T18:24:57+0530 WARNING container_scanner Skipping symlink usr/lib/x86_64-linux-gnu/libabsl_graphcycles_internal.so.20240722 -> libabsl_graphcycles_internal.so.20240722.0.0: [WinError 1314] A required privilege is not held by the client: 'libabsl_graphcycles_internal.so.20240722.0.0' -> 'C:\\Users\\Acer\\AppData\\Local\\Temp\\scanner_fs_i4qzc315\\rootfs\\usr\\lib\\x86_64-linux-gnu\\libabsl_graphcycles_internal.so.20240722'
2026-08-23T18:24:57+0530 WARNING container_scanner Skipping symlink usr/lib/x86_64-linux-gnu/libabsl_hash.so.20240722 -> libabsl_hash.so.20240722.0.0: [WinError 1314] A required privilege is not held by the client: 'libabsl_hash.so.20240722.0.0' -> 'C:\\Users\\Acer\\AppData\\Local\\Temp\\scanner_fs_i4qzc315\\rootfs\\usr\\lib\\x86_64-linux-gnu\\libabsl_hash.so.20240722'
2026-08-23T18:24:57+0530 WARNING container_scanner Skipping symlink usr/lib/x86_64-linux-gnu/libabsl_hashtablez_sampler.so.20240722 -> libabsl_hashtablez_sampler.so.20240722.0.0: [WinError 1314] A required privilege is not held by the client: 'libabsl_hashtablez_sampler.so.20240722.0.0' -> 'C:\\Users\\Acer\\AppData\\Local\\Temp\\scanner_fs_i4qzc315\\rootfs\\usr\\lib\\x86_64-linux-gnu\\libabsl_hashtablez_sampler.so.20240722'
2026-08-23T18:24:57+0530 WARNING container_scanner Skipping symlink usr/lib/x86_64-linux-gnu/libabsl_int128.so.20240722 -> libabsl_int128.so.20240722.0.0: [WinError 1314] A required privilege is not held by the client: 'libabsl_int128.so.20240722.0.0' -> 'C:\\Users\\Acer\\AppData\\Local\\Temp\\scanner_fs_i4qzc315\\rootfs\\usr\\lib\\x86_64-linux-gnu\\libabsl_int128.so.20240722'
2026-08-23T18:24:57+0530 WARNING container_scanner Skipping symlink usr/lib/x86_64-linux-gnu/libabsl_kernel_timeout_internal.so.20240722 -> libabsl_kernel_timeout_internal.so.20240722.0.0: [WinError 1314] A required privilege is not held by the client: 'libabsl_kernel_timeout_internal.so.20240722.0.0' -> 'C:\\Users\\Acer\\AppData\\Local\\Temp\\scanner_fs_i4qzc315\\rootfs\\usr\\lib\\x86_64-linux-gnu\\libabsl_kernel_timeout_internal.so.20240722'
2026-08-23T18:24:57+0530 WARNING container_scanner Skipping symlink usr/lib/x86_64-linux-gnu/libabsl_leak_check.so.20240722 -> libabsl_leak_check.so.20240722.0.0: [WinError 1314] A required privilege is not held by the client: 'libabsl_leak_check.so.20240722.0.0' -> 'C:\\Users\\Acer\\AppData\\Local\\Temp\\scanner_fs_i4qzc315\\rootfs\\usr\\lib\\x86_64-linux-gnu\\libabsl_leak_check.so.20240722'
2026-08-23T18:24:57+0530 WARNING container_scanner Skipping symlink usr/lib/x86_64-linux-gnu/libabsl_log_entry.so.20240722 -> libabsl_log_entry.so.20240722.0.0: [WinError 1314] A required privilege is not held by the client: 'libabsl_log_entry.so.20240722.0.0' -> 'C:\\Users\\Acer\\AppData\\Local\\Temp\\scanner_fs_i4qzc315\\rootfs\\usr\\lib\\x86_64-linux-gnu\\libabsl_log_entry.so.20240722'
2026-08-23T18:24:57+0530 WARNING container_scanner Skipping symlink usr/lib/x86_64-linux-gnu/libabsl_log_flags.so.20240722 -> libabsl_log_flags.so.20240722.0.0: [WinError 1314] A required privilege is not held by the client: 'libabsl_log_flags.so.20240722.0.0' -> 'C:\\Users\\Acer\\AppData\\Local\\Temp\\scanner_fs_i4qzc315\\rootfs\\usr\\lib\\x86_64-linux-gnu\\libabsl_log_flags.so.20240722'
2026-08-23T18:24:57+0530 WARNING container_scanner Skipping symlink usr/lib/x86_64-linux-gnu/libabsl_log_globals.so.20240722 -> libabsl_log_globals.so.20240722.0.0: [WinError 1314] A required privilege is not held by the client: 'libabsl_log_globals.so.20240722.0.0' -> 'C:\\Users\\Acer\\AppData\\Local\\Temp\\scanner_fs_i4qzc315\\rootfs\\usr\\lib\\x86_64-linux-gnu\\libabsl_log_globals.so.20240722'
2026-08-23T18:24:57+0530 WARNING container_scanner Skipping symlink usr/lib/x86_64-linux-gnu/libabsl_log_initialize.so.20240722 -> libabsl_log_initialize.so.20240722.0.0: [WinError 1314] A required privilege is not held by the client: 'libabsl_log_initialize.so.20240722.0.0' -> 'C:\\Users\\Acer\\AppData\\Local\\Temp\\scanner_fs_i4qzc315\\rootfs\\usr\\lib\\x86_64-linux-gnu\\libabsl_log_initialize.so.20240722'
2026-08-23T18:24:57+0530 WARNING container_scanner Skipping symlink usr/lib/x86_64-linux-gnu/libabsl_log_internal_check_op.so.20240722 -> libabsl_log_internal_check_op.so.20240722.0.0: [WinError 1314] A required privilege is not held by the client: 'libabsl_log_internal_check_op.so.20240722.0.0' -> 'C:\\Users\\Acer\\AppData\\Local\\Temp\\scanner_fs_i4qzc315\\rootfs\\usr\\lib\\x86_64-linux-gnu\\libabsl_log_internal_check_op.so.20240722'
2026-08-23T18:24:57+0530 WARNING container_scanner Skipping symlink usr/lib/x86_64-linux-gnu/libabsl_log_internal_conditions.so.20240722 -> libabsl_log_internal_conditions.so.20240722.0.0: [WinError 1314] A required privilege is not held by the client: 'libabsl_log_internal_conditions.so.20240722.0.0' -> 'C:\\Users\\Acer\\AppData\\Local\\Temp\\scanner_fs_i4qzc315\\rootfs\\usr\\lib\\x86_64-linux-gnu\\libabsl_log_internal_conditions.so.20240722'
2026-08-23T18:24:57+0530 WARNING container_scanner Skipping symlink usr/lib/x86_64-linux-gnu/libabsl_log_internal_fnmatch.so.20240722 -> libabsl_log_internal_fnmatch.so.20240722.0.0: [WinError 1314] A required privilege is not held by the client: 'libabsl_log_internal_fnmatch.so.20240722.0.0' -> 'C:\\Users\\Acer\\AppData\\Local\\Temp\\scanner_fs_i4qzc315\\rootfs\\usr\\lib\\x86_64-linux-gnu\\libabsl_log_internal_fnmatch.so.20240722'
2026-08-23T18:24:57+0530 WARNING container_scanner Skipping symlink usr/lib/x86_64-linux-gnu/libabsl_log_internal_format.so.20240722 -> libabsl_log_internal_format.so.20240722.0.0: [WinError 1314] A required privilege is not held by the client: 'libabsl_log_internal_format.so.20240722.0.0' -> 'C:\\Users\\Acer\\AppData\\Local\\Temp\\scanner_fs_i4qzc315\\rootfs\\usr\\lib\\x86_64-linux-gnu\\libabsl_log_internal_format.so.20240722'
2026-08-23T18:24:57+0530 WARNING container_scanner Skipping symlink usr/lib/x86_64-linux-gnu/libabsl_log_internal_globals.so.20240722 -> libabsl_log_internal_globals.so.20240722.0.0: [WinError 1314] A required privilege is not held by the client: 'libabsl_log_internal_globals.so.20240722.0.0' -> 'C:\\Users\\Acer\\AppData\\Local\\Temp\\scanner_fs_i4qzc315\\rootfs\\usr\\lib\\x86_64-linux-gnu\\libabsl_log_internal_globals.so.20240722'
2026-08-23T18:24:57+0530 WARNING container_scanner Skipping symlink usr/lib/x86_64-linux-gnu/libabsl_log_internal_log_sink_set.so.20240722 -> libabsl_log_internal_log_sink_set.so.20240722.0.0: [WinError 1314] A required privilege is not held by the client: 'libabsl_log_internal_log_sink_set.so.20240722.0.0' -> 'C:\\Users\\Acer\\AppData\\Local\\Temp\\scanner_fs_i4qzc315\\rootfs\\usr\\lib\\x86_64-linux-gnu\\libabsl_log_internal_log_sink_set.so.20240722'
2026-08-23T18:24:57+0530 WARNING container_scanner Skipping symlink usr/lib/x86_64-linux-gnu/libabsl_log_internal_message.so.20240722 -> libabsl_log_internal_message.so.20240722.0.0: [WinError 1314] A required privilege is not held by the client: 'libabsl_log_internal_message.so.20240722.0.0' -> 'C:\\Users\\Acer\\AppData\\Local\\Temp\\scanner_fs_i4qzc315\\rootfs\\usr\\lib\\x86_64-linux-gnu\\libabsl_log_internal_message.so.20240722'
2026-08-23T18:24:57+0530 WARNING container_scanner Skipping symlink usr/lib/x86_64-linux-gnu/libabsl_log_internal_nullguard.so.20240722 -> libabsl_log_internal_nullguard.so.20240722.0.0: [WinError 1314] A required privilege is not held by the client: 'libabsl_log_internal_nullguard.so.20240722.0.0' -> 'C:\\Users\\Acer\\AppData\\Local\\Temp\\scanner_fs_i4qzc315\\rootfs\\usr\\lib\\x86_64-linux-gnu\\libabsl_log_internal_nullguard.so.20240722'
2026-08-23T18:24:57+0530 WARNING container_scanner Skipping symlink usr/lib/x86_64-linux-gnu/libabsl_log_internal_proto.so.20240722 -> libabsl_log_internal_proto.so.20240722.0.0: [WinError 1314] A required privilege is not held by the client: 'libabsl_log_internal_proto.so.20240722.0.0' -> 'C:\\Users\\Acer\\AppData\\Local\\Temp\\scanner_fs_i4qzc315\\rootfs\\usr\\lib\\x86_64-linux-gnu\\libabsl_log_internal_proto.so.20240722'
2026-08-23T18:24:57+0530 WARNING container_scanner Skipping symlink usr/lib/x86_64-linux-gnu/libabsl_log_severity.so.20240722 -> libabsl_log_severity.so.20240722.0.0: [WinError 1314] A required privilege is not held by the client: 'libabsl_log_severity.so.20240722.0.0' -> 'C:\\Users\\Acer\\AppData\\Local\\Temp\\scanner_fs_i4qzc315\\rootfs\\usr\\lib\\x86_64-linux-gnu\\libabsl_log_severity.so.20240722'
2026-08-23T18:24:57+0530 WARNING container_scanner Skipping symlink usr/lib/x86_64-linux-gnu/libabsl_log_sink.so.20240722 -> libabsl_log_sink.so.20240722.0.0: [WinError 1314] A required privilege is not held by the client: 'libabsl_log_sink.so.20240722.0.0' -> 'C:\\Users\\Acer\\AppData\\Local\\Temp\\scanner_fs_i4qzc315\\rootfs\\usr\\lib\\x86_64-linux-gnu\\libabsl_log_sink.so.20240722'
2026-08-23T18:24:57+0530 WARNING container_scanner Skipping symlink usr/lib/x86_64-linux-gnu/libabsl_low_level_hash.so.20240722 -> libabsl_low_level_hash.so.20240722.0.0: [WinError 1314] A required privilege is not held by the client: 'libabsl_low_level_hash.so.20240722.0.0' -> 'C:\\Users\\Acer\\AppData\\Local\\Temp\\scanner_fs_i4qzc315\\rootfs\\usr\\lib\\x86_64-linux-gnu\\libabsl_low_level_hash.so.20240722'
2026-08-23T18:24:57+0530 WARNING container_scanner Skipping symlink usr/lib/x86_64-linux-gnu/libabsl_malloc_internal.so.20240722 -> libabsl_malloc_internal.so.20240722.0.0: [WinError 1314] A required privilege is not held by the client: 'libabsl_malloc_internal.so.20240722.0.0' -> 'C:\\Users\\Acer\\AppData\\Local\\Temp\\scanner_fs_i4qzc315\\rootfs\\usr\\lib\\x86_64-linux-gnu\\libabsl_malloc_internal.so.20240722'
2026-08-23T18:24:57+0530 WARNING container_scanner Skipping symlink usr/lib/x86_64-linux-gnu/libabsl_periodic_sampler.so.20240722 -> libabsl_periodic_sampler.so.20240722.0.0: [WinError 1314] A required privilege is not held by the client: 'libabsl_periodic_sampler.so.20240722.0.0' -> 'C:\\Users\\Acer\\AppData\\Local\\Temp\\scanner_fs_i4qzc315\\rootfs\\usr\\lib\\x86_64-linux-gnu\\libabsl_periodic_sampler.so.20240722'
2026-08-23T18:24:57+0530 WARNING container_scanner Skipping symlink usr/lib/x86_64-linux-gnu/libabsl_poison.so.20240722 -> libabsl_poison.so.20240722.0.0: [WinError 1314] A required privilege is not held by the client: 'libabsl_poison.so.20240722.0.0' -> 'C:\\Users\\Acer\\AppData\\Local\\Temp\\scanner_fs_i4qzc315\\rootfs\\usr\\lib\\x86_64-linux-gnu\\libabsl_poison.so.20240722'
2026-08-23T18:24:57+0530 WARNING container_scanner Skipping symlink usr/lib/x86_64-linux-gnu/libabsl_random_distributions.so.20240722 -> libabsl_random_distributions.so.20240722.0.0: [WinError 1314] A required privilege is not held by the client: 'libabsl_random_distributions.so.20240722.0.0' -> 'C:\\Users\\Acer\\AppData\\Local\\Temp\\scanner_fs_i4qzc315\\rootfs\\usr\\lib\\x86_64-linux-gnu\\libabsl_random_distributions.so.20240722'
2026-08-23T18:24:57+0530 WARNING container_scanner Skipping symlink usr/lib/x86_64-linux-gnu/libabsl_random_internal_distribution_test_util.so.20240722 -> libabsl_random_internal_distribution_test_util.so.20240722.0.0: [WinError 1314] A required privilege is not held by the client: 'libabsl_random_internal_distribution_test_util.so.20240722.0.0' -> 'C:\\Users\\Acer\\AppData\\Local\\Temp\\scanner_fs_i4qzc315\\rootfs\\usr\\lib\\x86_64-linux-gnu\\libabsl_random_internal_distribution_test_util.so.20240722'
2026-08-23T18:24:57+0530 WARNING container_scanner Skipping symlink usr/lib/x86_64-linux-gnu/libabsl_random_internal_platform.so.20240722 -> libabsl_random_internal_platform.so.20240722.0.0: [WinError 1314] A required privilege is not held by the client: 'libabsl_random_internal_platform.so.20240722.0.0' -> 'C:\\Users\\Acer\\AppData\\Local\\Temp\\scanner_fs_i4qzc315\\rootfs\\usr\\lib\\x86_64-linux-gnu\\libabsl_random_internal_platform.so.20240722'
2026-08-23T18:24:57+0530 WARNING container_scanner Skipping symlink usr/lib/x86_64-linux-gnu/libabsl_random_internal_pool_urbg.so.20240722 -> libabsl_random_internal_pool_urbg.so.20240722.0.0: [WinError 1314] A required privilege is not held by the client: 'libabsl_random_internal_pool_urbg.so.20240722.0.0' -> 'C:\\Users\\Acer\\AppData\\Local\\Temp\\scanner_fs_i4qzc315\\rootfs\\usr\\lib\\x86_64-linux-gnu\\libabsl_random_internal_pool_urbg.so.20240722'
2026-08-23T18:24:57+0530 WARNING container_scanner Skipping symlink usr/lib/x86_64-linux-gnu/libabsl_random_internal_randen.so.20240722 -> libabsl_random_internal_randen.so.20240722.0.0: [WinError 1314] A required privilege is not held by the client: 'libabsl_random_internal_randen.so.20240722.0.0' -> 'C:\\Users\\Acer\\AppData\\Local\\Temp\\scanner_fs_i4qzc315\\rootfs\\usr\\lib\\x86_64-linux-gnu\\libabsl_random_internal_randen.so.20240722'
2026-08-23T18:24:57+0530 WARNING container_scanner Skipping symlink usr/lib/x86_64-linux-gnu/libabsl_random_internal_randen_hwaes.so.20240722 -> libabsl_random_internal_randen_hwaes.so.20240722.0.0: [WinError 1314] A required privilege is not held by the client: 'libabsl_random_internal_randen_hwaes.so.20240722.0.0' -> 'C:\\Users\\Acer\\AppData\\Local\\Temp\\scanner_fs_i4qzc315\\rootfs\\usr\\lib\\x86_64-linux-gnu\\libabsl_random_internal_randen_hwaes.so.20240722'
2026-08-23T18:24:57+0530 WARNING container_scanner Skipping symlink usr/lib/x86_64-linux-gnu/libabsl_random_internal_randen_hwaes_impl.so.20240722 -> libabsl_random_internal_randen_hwaes_impl.so.20240722.0.0: [WinError 1314] A required privilege is not held by the client: 'libabsl_random_internal_randen_hwaes_impl.so.20240722.0.0' -> 'C:\\Users\\Acer\\AppData\\Local\\Temp\\scanner_fs_i4qzc315\\rootfs\\usr\\lib\\x86_64-linux-gnu\\libabsl_random_internal_randen_hwaes_impl.so.20240722'
2026-08-23T18:24:57+0530 WARNING container_scanner Skipping symlink usr/lib/x86_64-linux-gnu/libabsl_random_internal_randen_slow.so.20240722 -> libabsl_random_internal_randen_slow.so.20240722.0.0: [WinError 1314] A required privilege is not held by the client: 'libabsl_random_internal_randen_slow.so.20240722.0.0' -> 'C:\\Users\\Acer\\AppData\\Local\\Temp\\scanner_fs_i4qzc315\\rootfs\\usr\\lib\\x86_64-linux-gnu\\libabsl_random_internal_randen_slow.so.20240722'
2026-08-23T18:24:57+0530 WARNING container_scanner Skipping symlink usr/lib/x86_64-linux-gnu/libabsl_random_internal_seed_material.so.20240722 -> libabsl_random_internal_seed_material.so.20240722.0.0: [WinError 1314] A required privilege is not held by the client: 'libabsl_random_internal_seed_material.so.20240722.0.0' -> 'C:\\Users\\Acer\\AppData\\Local\\Temp\\scanner_fs_i4qzc315\\rootfs\\usr\\lib\\x86_64-linux-gnu\\libabsl_random_internal_seed_material.so.20240722'
2026-08-23T18:24:57+0530 WARNING container_scanner Skipping symlink usr/lib/x86_64-linux-gnu/libabsl_random_seed_gen_exception.so.20240722 -> libabsl_random_seed_gen_exception.so.20240722.0.0: [WinError 1314] A required privilege is not held by the client: 'libabsl_random_seed_gen_exception.so.20240722.0.0' -> 'C:\\Users\\Acer\\AppData\\Local\\Temp\\scanner_fs_i4qzc315\\rootfs\\usr\\lib\\x86_64-linux-gnu\\libabsl_random_seed_gen_exception.so.20240722'
2026-08-23T18:24:57+0530 WARNING container_scanner Skipping symlink usr/lib/x86_64-linux-gnu/libabsl_random_seed_sequences.so.20240722 -> libabsl_random_seed_sequences.so.20240722.0.0: [WinError 1314] A required privilege is not held by the client: 'libabsl_random_seed_sequences.so.20240722.0.0' -> 'C:\\Users\\Acer\\AppData\\Local\\Temp\\scanner_fs_i4qzc315\\rootfs\\usr\\lib\\x86_64-linux-gnu\\libabsl_random_seed_sequences.so.20240722'
2026-08-23T18:24:57+0530 WARNING container_scanner Skipping symlink usr/lib/x86_64-linux-gnu/libabsl_raw_hash_set.so.20240722 -> libabsl_raw_hash_set.so.20240722.0.0: [WinError 1314] A required privilege is not held by the client: 'libabsl_raw_hash_set.so.20240722.0.0' -> 'C:\\Users\\Acer\\AppData\\Local\\Temp\\scanner_fs_i4qzc315\\rootfs\\usr\\lib\\x86_64-linux-gnu\\libabsl_raw_hash_set.so.20240722'
2026-08-23T18:24:57+0530 WARNING container_scanner Skipping symlink usr/lib/x86_64-linux-gnu/libabsl_raw_logging_internal.so.20240722 -> libabsl_raw_logging_internal.so.20240722.0.0: [WinError 1314] A required privilege is not held by the client: 'libabsl_raw_logging_internal.so.20240722.0.0' -> 'C:\\Users\\Acer\\AppData\\Local\\Temp\\scanner_fs_i4qzc315\\rootfs\\usr\\lib\\x86_64-linux-gnu\\libabsl_raw_logging_internal.so.20240722'
2026-08-23T18:24:57+0530 WARNING container_scanner Skipping symlink usr/lib/x86_64-linux-gnu/libabsl_scoped_set_env.so.20240722 -> libabsl_scoped_set_env.so.20240722.0.0: [WinError 1314] A required privilege is not held by the client: 'libabsl_scoped_set_env.so.20240722.0.0' -> 'C:\\Users\\Acer\\AppData\\Local\\Temp\\scanner_fs_i4qzc315\\rootfs\\usr\\lib\\x86_64-linux-gnu\\libabsl_scoped_set_env.so.20240722'
2026-08-23T18:24:57+0530 WARNING container_scanner Skipping symlink usr/lib/x86_64-linux-gnu/libabsl_spinlock_wait.so.20240722 -> libabsl_spinlock_wait.so.20240722.0.0: [WinError 1314] A required privilege is not held by the client: 'libabsl_spinlock_wait.so.20240722.0.0' -> 'C:\\Users\\Acer\\AppData\\Local\\Temp\\scanner_fs_i4qzc315\\rootfs\\usr\\lib\\x86_64-linux-gnu\\libabsl_spinlock_wait.so.20240722'
2026-08-23T18:24:57+0530 WARNING container_scanner Skipping symlink usr/lib/x86_64-linux-gnu/libabsl_stacktrace.so.20240722 -> libabsl_stacktrace.so.20240722.0.0: [WinError 1314] A required privilege is not held by the client: 'libabsl_stacktrace.so.20240722.0.0' -> 'C:\\Users\\Acer\\AppData\\Local\\Temp\\scanner_fs_i4qzc315\\rootfs\\usr\\lib\\x86_64-linux-gnu\\libabsl_stacktrace.so.20240722'
2026-08-23T18:24:57+0530 WARNING container_scanner Skipping symlink usr/lib/x86_64-linux-gnu/libabsl_status.so.20240722 -> libabsl_status.so.20240722.0.0: [WinError 1314] A required privilege is not held by the client: 'libabsl_status.so.20240722.0.0' -> 'C:\\Users\\Acer\\AppData\\Local\\Temp\\scanner_fs_i4qzc315\\rootfs\\usr\\lib\\x86_64-linux-gnu\\libabsl_status.so.20240722'
2026-08-23T18:24:57+0530 WARNING container_scanner Skipping symlink usr/lib/x86_64-linux-gnu/libabsl_statusor.so.20240722 -> libabsl_statusor.so.20240722.0.0: [WinError 1314] A required privilege is not held by the client: 'libabsl_statusor.so.20240722.0.0' -> 'C:\\Users\\Acer\\AppData\\Local\\Temp\\scanner_fs_i4qzc315\\rootfs\\usr\\lib\\x86_64-linux-gnu\\libabsl_statusor.so.20240722'
2026-08-23T18:24:57+0530 WARNING container_scanner Skipping symlink usr/lib/x86_64-linux-gnu/libabsl_str_format_internal.so.20240722 -> libabsl_str_format_internal.so.20240722.0.0: [WinError 1314] A required privilege is not held by the client: 'libabsl_str_format_internal.so.20240722.0.0' -> 'C:\\Users\\Acer\\AppData\\Local\\Temp\\scanner_fs_i4qzc315\\rootfs\\usr\\lib\\x86_64-linux-gnu\\libabsl_str_format_internal.so.20240722'
2026-08-23T18:24:57+0530 WARNING container_scanner Skipping symlink usr/lib/x86_64-linux-gnu/libabsl_strerror.so.20240722 -> libabsl_strerror.so.20240722.0.0: [WinError 1314] A required privilege is not held by the client: 'libabsl_strerror.so.20240722.0.0' -> 'C:\\Users\\Acer\\AppData\\Local\\Temp\\scanner_fs_i4qzc315\\rootfs\\usr\\lib\\x86_64-linux-gnu\\libabsl_strerror.so.20240722'
2026-08-23T18:24:57+0530 WARNING container_scanner Skipping symlink usr/lib/x86_64-linux-gnu/libabsl_string_view.so.20240722 -> libabsl_string_view.so.20240722.0.0: [WinError 1314] A required privilege is not held by the client: 'libabsl_string_view.so.20240722.0.0' -> 'C:\\Users\\Acer\\AppData\\Local\\Temp\\scanner_fs_i4qzc315\\rootfs\\usr\\lib\\x86_64-linux-gnu\\libabsl_string_view.so.20240722'
2026-08-23T18:24:57+0530 WARNING container_scanner Skipping symlink usr/lib/x86_64-linux-gnu/libabsl_strings.so.20240722 -> libabsl_strings.so.20240722.0.0: [WinError 1314] A required privilege is not held by the client: 'libabsl_strings.so.20240722.0.0' -> 'C:\\Users\\Acer\\AppData\\Local\\Temp\\scanner_fs_i4qzc315\\rootfs\\usr\\lib\\x86_64-linux-gnu\\libabsl_strings.so.20240722'
2026-08-23T18:24:57+0530 WARNING container_scanner Skipping symlink usr/lib/x86_64-linux-gnu/libabsl_strings_internal.so.20240722 -> libabsl_strings_internal.so.20240722.0.0: [WinError 1314] A required privilege is not held by the client: 'libabsl_strings_internal.so.20240722.0.0' -> 'C:\\Users\\Acer\\AppData\\Local\\Temp\\scanner_fs_i4qzc315\\rootfs\\usr\\lib\\x86_64-linux-gnu\\libabsl_strings_internal.so.20240722'
2026-08-23T18:24:57+0530 WARNING container_scanner Skipping symlink usr/lib/x86_64-linux-gnu/libabsl_symbolize.so.20240722 -> libabsl_symbolize.so.20240722.0.0: [WinError 1314] A required privilege is not held by the client: 'libabsl_symbolize.so.20240722.0.0' -> 'C:\\Users\\Acer\\AppData\\Local\\Temp\\scanner_fs_i4qzc315\\rootfs\\usr\\lib\\x86_64-linux-gnu\\libabsl_symbolize.so.20240722'
2026-08-23T18:24:57+0530 WARNING container_scanner Skipping symlink usr/lib/x86_64-linux-gnu/libabsl_synchronization.so.20240722 -> libabsl_synchronization.so.20240722.0.0: [WinError 1314] A required privilege is not held by the client: 'libabsl_synchronization.so.20240722.0.0' -> 'C:\\Users\\Acer\\AppData\\Local\\Temp\\scanner_fs_i4qzc315\\rootfs\\usr\\lib\\x86_64-linux-gnu\\libabsl_synchronization.so.20240722'
2026-08-23T18:24:57+0530 WARNING container_scanner Skipping symlink usr/lib/x86_64-linux-gnu/libabsl_throw_delegate.so.20240722 -> libabsl_throw_delegate.so.20240722.0.0: [WinError 1314] A required privilege is not held by the client: 'libabsl_throw_delegate.so.20240722.0.0' -> 'C:\\Users\\Acer\\AppData\\Local\\Temp\\scanner_fs_i4qzc315\\rootfs\\usr\\lib\\x86_64-linux-gnu\\libabsl_throw_delegate.so.20240722'
2026-08-23T18:24:57+0530 WARNING container_scanner Skipping symlink usr/lib/x86_64-linux-gnu/libabsl_time.so.20240722 -> libabsl_time.so.20240722.0.0: [WinError 1314] A required privilege is not held by the client: 'libabsl_time.so.20240722.0.0' -> 'C:\\Users\\Acer\\AppData\\Local\\Temp\\scanner_fs_i4qzc315\\rootfs\\usr\\lib\\x86_64-linux-gnu\\libabsl_time.so.20240722'
2026-08-23T18:24:57+0530 WARNING container_scanner Skipping symlink usr/lib/x86_64-linux-gnu/libabsl_time_zone.so.20240722 -> libabsl_time_zone.so.20240722.0.0: [WinError 1314] A required privilege is not held by the client: 'libabsl_time_zone.so.20240722.0.0' -> 'C:\\Users\\Acer\\AppData\\Local\\Temp\\scanner_fs_i4qzc315\\rootfs\\usr\\lib\\x86_64-linux-gnu\\libabsl_time_zone.so.20240722'
2026-08-23T18:24:57+0530 WARNING container_scanner Skipping symlink usr/lib/x86_64-linux-gnu/libabsl_utf8_for_code_point.so.20240722 -> libabsl_utf8_for_code_point.so.20240722.0.0: [WinError 1314] A required privilege is not held by the client: 'libabsl_utf8_for_code_point.so.20240722.0.0' -> 'C:\\Users\\Acer\\AppData\\Local\\Temp\\scanner_fs_i4qzc315\\rootfs\\usr\\lib\\x86_64-linux-gnu\\libabsl_utf8_for_code_point.so.20240722'
2026-08-23T18:24:57+0530 WARNING container_scanner Skipping symlink usr/lib/x86_64-linux-gnu/libabsl_vlog_config_internal.so.20240722 -> libabsl_vlog_config_internal.so.20240722.0.0: [WinError 1314] A required privilege is not held by the client: 'libabsl_vlog_config_internal.so.20240722.0.0' -> 'C:\\Users\\Acer\\AppData\\Local\\Temp\\scanner_fs_i4qzc315\\rootfs\\usr\\lib\\x86_64-linux-gnu\\libabsl_vlog_config_internal.so.20240722'
2026-08-23T18:24:57+0530 WARNING container_scanner Skipping symlink usr/lib/x86_64-linux-gnu/libaom.so.3 -> libaom.so.3.12.1: [WinError 1314] A required privilege is not held by the client: 'libaom.so.3.12.1' -> 'C:\\Users\\Acer\\AppData\\Local\\Temp\\scanner_fs_i4qzc315\\rootfs\\usr\\lib\\x86_64-linux-gnu\\libaom.so.3'
2026-08-23T18:24:57+0530 WARNING container_scanner Skipping symlink usr/lib/x86_64-linux-gnu/libavif.so.16 -> libavif.so.16.2.1: [WinError 1314] A required privilege is not held by the client: 'libavif.so.16.2.1' -> 'C:\\Users\\Acer\\AppData\\Local\\Temp\\scanner_fs_i4qzc315\\rootfs\\usr\\lib\\x86_64-linux-gnu\\libavif.so.16'
2026-08-23T18:24:57+0530 WARNING container_scanner Skipping symlink usr/lib/x86_64-linux-gnu/libbrotlicommon.so.1 -> libbrotlicommon.so.1.1.0: [WinError 1314] A required privilege is not held by the client: 'libbrotlicommon.so.1.1.0' -> 'C:\\Users\\Acer\\AppData\\Local\\Temp\\scanner_fs_i4qzc315\\rootfs\\usr\\lib\\x86_64-linux-gnu\\libbrotlicommon.so.1'
2026-08-23T18:24:57+0530 WARNING container_scanner Skipping symlink usr/lib/x86_64-linux-gnu/libbrotlidec.so.1 -> libbrotlidec.so.1.1.0: [WinError 1314] A required privilege is not held by the client: 'libbrotlidec.so.1.1.0' -> 'C:\\Users\\Acer\\AppData\\Local\\Temp\\scanner_fs_i4qzc315\\rootfs\\usr\\lib\\x86_64-linux-gnu\\libbrotlidec.so.1'
2026-08-23T18:24:57+0530 WARNING container_scanner Skipping symlink usr/lib/x86_64-linux-gnu/libbrotlienc.so.1 -> libbrotlienc.so.1.1.0: [WinError 1314] A required privilege is not held by the client: 'libbrotlienc.so.1.1.0' -> 'C:\\Users\\Acer\\AppData\\Local\\Temp\\scanner_fs_i4qzc315\\rootfs\\usr\\lib\\x86_64-linux-gnu\\libbrotlienc.so.1'
2026-08-23T18:24:57+0530 WARNING container_scanner Skipping symlink usr/lib/x86_64-linux-gnu/libcom_err.so.2 -> libcom_err.so.2.1: [WinError 1314] A required privilege is not held by the client: 'libcom_err.so.2.1' -> 'C:\\Users\\Acer\\AppData\\Local\\Temp\\scanner_fs_i4qzc315\\rootfs\\usr\\lib\\x86_64-linux-gnu\\libcom_err.so.2'
2026-08-23T18:24:57+0530 WARNING container_scanner Skipping symlink usr/lib/x86_64-linux-gnu/libcurl.so.4 -> libcurl.so.4.8.0: [WinError 1314] A required privilege is not held by the client: 'libcurl.so.4.8.0' -> 'C:\\Users\\Acer\\AppData\\Local\\Temp\\scanner_fs_i4qzc315\\rootfs\\usr\\lib\\x86_64-linux-gnu\\libcurl.so.4'
2026-08-23T18:24:57+0530 WARNING container_scanner Skipping symlink usr/lib/x86_64-linux-gnu/libdav1d.so.7 -> libdav1d.so.7.0.0: [WinError 1314] A required privilege is not held by the client: 'libdav1d.so.7.0.0' -> 'C:\\Users\\Acer\\AppData\\Local\\Temp\\scanner_fs_i4qzc315\\rootfs\\usr\\lib\\x86_64-linux-gnu\\libdav1d.so.7'
2026-08-23T18:24:58+0530 WARNING container_scanner Skipping symlink usr/lib/x86_64-linux-gnu/libde265.so.0 -> libde265.so.0.1.8: [WinError 1314] A required privilege is not held by the client: 'libde265.so.0.1.8' -> 'C:\\Users\\Acer\\AppData\\Local\\Temp\\scanner_fs_i4qzc315\\rootfs\\usr\\lib\\x86_64-linux-gnu\\libde265.so.0'
2026-08-23T18:24:58+0530 WARNING container_scanner Skipping symlink usr/lib/x86_64-linux-gnu/libedit.so.2 -> libedit.so.2.0.75: [WinError 1314] A required privilege is not held by the client: 'libedit.so.2.0.75' -> 'C:\\Users\\Acer\\AppData\\Local\\Temp\\scanner_fs_i4qzc315\\rootfs\\usr\\lib\\x86_64-linux-gnu\\libedit.so.2'
2026-08-23T18:24:58+0530 WARNING container_scanner Skipping symlink usr/lib/x86_64-linux-gnu/libexpat.so.1 -> libexpat.so.1.12.3: [WinError 1314] A required privilege is not held by the client: 'libexpat.so.1.12.3' -> 'C:\\Users\\Acer\\AppData\\Local\\Temp\\scanner_fs_i4qzc315\\rootfs\\usr\\lib\\x86_64-linux-gnu\\libexpat.so.1'
2026-08-23T18:24:58+0530 WARNING container_scanner Skipping symlink usr/lib/x86_64-linux-gnu/libexpatw.so.1 -> libexpatw.so.1.12.3: [WinError 1314] A required privilege is not held by the client: 'libexpatw.so.1.12.3' -> 'C:\\Users\\Acer\\AppData\\Local\\Temp\\scanner_fs_i4qzc315\\rootfs\\usr\\lib\\x86_64-linux-gnu\\libexpatw.so.1'
2026-08-23T18:24:58+0530 WARNING container_scanner Skipping symlink usr/lib/x86_64-linux-gnu/libexslt.so.0 -> libexslt.so.0.8.20: [WinError 1314] A required privilege is not held by the client: 'libexslt.so.0.8.20' -> 'C:\\Users\\Acer\\AppData\\Local\\Temp\\scanner_fs_i4qzc315\\rootfs\\usr\\lib\\x86_64-linux-gnu\\libexslt.so.0'
2026-08-23T18:24:58+0530 WARNING container_scanner Skipping symlink usr/lib/x86_64-linux-gnu/libffi.so.8 -> libffi.so.8.1.4: [WinError 1314] A required privilege is not held by the client: 'libffi.so.8.1.4' -> 'C:\\Users\\Acer\\AppData\\Local\\Temp\\scanner_fs_i4qzc315\\rootfs\\usr\\lib\\x86_64-linux-gnu\\libffi.so.8'
2026-08-23T18:24:58+0530 WARNING container_scanner Skipping symlink usr/lib/x86_64-linux-gnu/libfontconfig.so.1 -> libfontconfig.so.1.12.1: [WinError 1314] A required privilege is not held by the client: 'libfontconfig.so.1.12.1' -> 'C:\\Users\\Acer\\AppData\\Local\\Temp\\scanner_fs_i4qzc315\\rootfs\\usr\\lib\\x86_64-linux-gnu\\libfontconfig.so.1'
2026-08-23T18:24:58+0530 WARNING container_scanner Skipping symlink usr/lib/x86_64-linux-gnu/libfreetype.so.6 -> libfreetype.so.6.20.2: [WinError 1314] A required privilege is not held by the client: 'libfreetype.so.6.20.2' -> 'C:\\Users\\Acer\\AppData\\Local\\Temp\\scanner_fs_i4qzc315\\rootfs\\usr\\lib\\x86_64-linux-gnu\\libfreetype.so.6'
2026-08-23T18:24:58+0530 WARNING container_scanner Skipping symlink usr/lib/x86_64-linux-gnu/libgav1.so.1 -> libgav1.so.1.0.0: [WinError 1314] A required privilege is not held by the client: 'libgav1.so.1.0.0' -> 'C:\\Users\\Acer\\AppData\\Local\\Temp\\scanner_fs_i4qzc315\\rootfs\\usr\\lib\\x86_64-linux-gnu\\libgav1.so.1'
2026-08-23T18:24:58+0530 WARNING container_scanner Skipping symlink usr/lib/x86_64-linux-gnu/libgcrypt.so.20 -> libgcrypt.so.20.5.0: [WinError 1314] A required privilege is not held by the client: 'libgcrypt.so.20.5.0' -> 'C:\\Users\\Acer\\AppData\\Local\\Temp\\scanner_fs_i4qzc315\\rootfs\\usr\\lib\\x86_64-linux-gnu\\libgcrypt.so.20'
2026-08-23T18:24:58+0530 WARNING container_scanner Skipping symlink usr/lib/x86_64-linux-gnu/libgd.so.3 -> libgd.so.3.0.11: [WinError 1314] A required privilege is not held by the client: 'libgd.so.3.0.11' -> 'C:\\Users\\Acer\\AppData\\Local\\Temp\\scanner_fs_i4qzc315\\rootfs\\usr\\lib\\x86_64-linux-gnu\\libgd.so.3'
2026-08-23T18:24:58+0530 WARNING container_scanner Skipping symlink usr/lib/x86_64-linux-gnu/libgnutls.so.30 -> libgnutls.so.30.40.3: [WinError 1314] A required privilege is not held by the client: 'libgnutls.so.30.40.3' -> 'C:\\Users\\Acer\\AppData\\Local\\Temp\\scanner_fs_i4qzc315\\rootfs\\usr\\lib\\x86_64-linux-gnu\\libgnutls.so.30'
2026-08-23T18:24:58+0530 WARNING container_scanner Skipping symlink usr/lib/x86_64-linux-gnu/libgomp.so.1 -> libgomp.so.1.0.0: [WinError 1314] A required privilege is not held by the client: 'libgomp.so.1.0.0' -> 'C:\\Users\\Acer\\AppData\\Local\\Temp\\scanner_fs_i4qzc315\\rootfs\\usr\\lib\\x86_64-linux-gnu\\libgomp.so.1'
2026-08-23T18:24:58+0530 WARNING container_scanner Skipping symlink usr/lib/x86_64-linux-gnu/libgpg-error.so.0 -> libgpg-error.so.0.38.0: [WinError 1314] A required privilege is not held by the client: 'libgpg-error.so.0.38.0' -> 'C:\\Users\\Acer\\AppData\\Local\\Temp\\scanner_fs_i4qzc315\\rootfs\\usr\\lib\\x86_64-linux-gnu\\libgpg-error.so.0'
2026-08-23T18:24:58+0530 WARNING container_scanner Skipping symlink usr/lib/x86_64-linux-gnu/libgssapi_krb5.so.2 -> libgssapi_krb5.so.2.2: [WinError 1314] A required privilege is not held by the client: 'libgssapi_krb5.so.2.2' -> 'C:\\Users\\Acer\\AppData\\Local\\Temp\\scanner_fs_i4qzc315\\rootfs\\usr\\lib\\x86_64-linux-gnu\\libgssapi_krb5.so.2'
2026-08-23T18:24:58+0530 WARNING container_scanner Skipping symlink usr/lib/x86_64-linux-gnu/libheif.so.1 -> libheif.so.1.19.8: [WinError 1314] A required privilege is not held by the client: 'libheif.so.1.19.8' -> 'C:\\Users\\Acer\\AppData\\Local\\Temp\\scanner_fs_i4qzc315\\rootfs\\usr\\lib\\x86_64-linux-gnu\\libheif.so.1'
2026-08-23T18:24:58+0530 WARNING container_scanner Skipping symlink usr/lib/x86_64-linux-gnu/libidn2.so.0 -> libidn2.so.0.4.0: [WinError 1314] A required privilege is not held by the client: 'libidn2.so.0.4.0' -> 'C:\\Users\\Acer\\AppData\\Local\\Temp\\scanner_fs_i4qzc315\\rootfs\\usr\\lib\\x86_64-linux-gnu\\libidn2.so.0'
2026-08-23T18:24:58+0530 WARNING container_scanner Skipping symlink usr/lib/x86_64-linux-gnu/libjpeg.so.62 -> libjpeg.so.62.3.0: [WinError 1314] A required privilege is not held by the client: 'libjpeg.so.62.3.0' -> 'C:\\Users\\Acer\\AppData\\Local\\Temp\\scanner_fs_i4qzc315\\rootfs\\usr\\lib\\x86_64-linux-gnu\\libjpeg.so.62'
2026-08-23T18:24:58+0530 WARNING container_scanner Skipping symlink usr/lib/x86_64-linux-gnu/libk5crypto.so.3 -> libk5crypto.so.3.1: [WinError 1314] A required privilege is not held by the client: 'libk5crypto.so.3.1' -> 'C:\\Users\\Acer\\AppData\\Local\\Temp\\scanner_fs_i4qzc315\\rootfs\\usr\\lib\\x86_64-linux-gnu\\libk5crypto.so.3'
2026-08-23T18:24:58+0530 WARNING container_scanner Skipping symlink usr/lib/x86_64-linux-gnu/libkeyutils.so.1 -> libkeyutils.so.1.10: [WinError 1314] A required privilege is not held by the client: 'libkeyutils.so.1.10' -> 'C:\\Users\\Acer\\AppData\\Local\\Temp\\scanner_fs_i4qzc315\\rootfs\\usr\\lib\\x86_64-linux-gnu\\libkeyutils.so.1'
2026-08-23T18:24:58+0530 WARNING container_scanner Skipping symlink usr/lib/x86_64-linux-gnu/libkrb5.so.3 -> libkrb5.so.3.3: [WinError 1314] A required privilege is not held by the client: 'libkrb5.so.3.3' -> 'C:\\Users\\Acer\\AppData\\Local\\Temp\\scanner_fs_i4qzc315\\rootfs\\usr\\lib\\x86_64-linux-gnu\\libkrb5.so.3'
2026-08-23T18:24:58+0530 WARNING container_scanner Skipping symlink usr/lib/x86_64-linux-gnu/libkrb5support.so.0 -> libkrb5support.so.0.1: [WinError 1314] A required privilege is not held by the client: 'libkrb5support.so.0.1' -> 'C:\\Users\\Acer\\AppData\\Local\\Temp\\scanner_fs_i4qzc315\\rootfs\\usr\\lib\\x86_64-linux-gnu\\libkrb5support.so.0'
2026-08-23T18:24:58+0530 WARNING container_scanner Skipping symlink usr/lib/x86_64-linux-gnu/liblber.so.2 -> liblber.so.2.0.200: [WinError 1314] A required privilege is not held by the client: 'liblber.so.2.0.200' -> 'C:\\Users\\Acer\\AppData\\Local\\Temp\\scanner_fs_i4qzc315\\rootfs\\usr\\lib\\x86_64-linux-gnu\\liblber.so.2'
2026-08-23T18:24:58+0530 WARNING container_scanner Skipping symlink usr/lib/x86_64-linux-gnu/libldap.so.2 -> libldap.so.2.0.200: [WinError 1314] A required privilege is not held by the client: 'libldap.so.2.0.200' -> 'C:\\Users\\Acer\\AppData\\Local\\Temp\\scanner_fs_i4qzc315\\rootfs\\usr\\lib\\x86_64-linux-gnu\\libldap.so.2'
2026-08-23T18:24:58+0530 WARNING container_scanner Skipping symlink usr/lib/x86_64-linux-gnu/libnghttp2.so.14 -> libnghttp2.so.14.28.3: [WinError 1314] A required privilege is not held by the client: 'libnghttp2.so.14.28.3' -> 'C:\\Users\\Acer\\AppData\\Local\\Temp\\scanner_fs_i4qzc315\\rootfs\\usr\\lib\\x86_64-linux-gnu\\libnghttp2.so.14'
2026-08-23T18:24:58+0530 WARNING container_scanner Skipping symlink usr/lib/x86_64-linux-gnu/libnghttp3.so.9 -> libnghttp3.so.9.2.6: [WinError 1314] A required privilege is not held by the client: 'libnghttp3.so.9.2.6' -> 'C:\\Users\\Acer\\AppData\\Local\\Temp\\scanner_fs_i4qzc315\\rootfs\\usr\\lib\\x86_64-linux-gnu\\libnghttp3.so.9'
2026-08-23T18:24:58+0530 WARNING container_scanner Skipping symlink usr/lib/x86_64-linux-gnu/libp11-kit.so.0 -> libp11-kit.so.0.4.1: [WinError 1314] A required privilege is not held by the client: 'libp11-kit.so.0.4.1' -> 'C:\\Users\\Acer\\AppData\\Local\\Temp\\scanner_fs_i4qzc315\\rootfs\\usr\\lib\\x86_64-linux-gnu\\libp11-kit.so.0'
2026-08-23T18:24:58+0530 WARNING container_scanner Skipping symlink usr/lib/x86_64-linux-gnu/libpng16.so.16 -> libpng16.so.16.48.0: [WinError 1314] A required privilege is not held by the client: 'libpng16.so.16.48.0' -> 'C:\\Users\\Acer\\AppData\\Local\\Temp\\scanner_fs_i4qzc315\\rootfs\\usr\\lib\\x86_64-linux-gnu\\libpng16.so.16'
2026-08-23T18:24:58+0530 WARNING container_scanner Skipping symlink usr/lib/x86_64-linux-gnu/libpsl.so.5 -> libpsl.so.5.3.4: [WinError 1314] A required privilege is not held by the client: 'libpsl.so.5.3.4' -> 'C:\\Users\\Acer\\AppData\\Local\\Temp\\scanner_fs_i4qzc315\\rootfs\\usr\\lib\\x86_64-linux-gnu\\libpsl.so.5'
2026-08-23T18:24:58+0530 WARNING container_scanner Skipping symlink usr/lib/x86_64-linux-gnu/librav1e.so.0.7 -> librav1e.so.0.7.2: [WinError 1314] A required privilege is not held by the client: 'librav1e.so.0.7.2' -> 'C:\\Users\\Acer\\AppData\\Local\\Temp\\scanner_fs_i4qzc315\\rootfs\\usr\\lib\\x86_64-linux-gnu\\librav1e.so.0.7'
2026-08-23T18:24:58+0530 WARNING container_scanner Skipping symlink usr/lib/x86_64-linux-gnu/libsasl2.so.2 -> libsasl2.so.2.0.25: [WinError 1314] A required privilege is not held by the client: 'libsasl2.so.2.0.25' -> 'C:\\Users\\Acer\\AppData\\Local\\Temp\\scanner_fs_i4qzc315\\rootfs\\usr\\lib\\x86_64-linux-gnu\\libsasl2.so.2'
2026-08-23T18:24:58+0530 WARNING container_scanner Skipping symlink usr/lib/x86_64-linux-gnu/libsharpyuv.so.0 -> libsharpyuv.so.0.1.1: [WinError 1314] A required privilege is not held by the client: 'libsharpyuv.so.0.1.1' -> 'C:\\Users\\Acer\\AppData\\Local\\Temp\\scanner_fs_i4qzc315\\rootfs\\usr\\lib\\x86_64-linux-gnu\\libsharpyuv.so.0'
2026-08-23T18:24:58+0530 WARNING container_scanner Skipping symlink usr/lib/x86_64-linux-gnu/libssh2.so.1 -> libssh2.so.1.0.1: [WinError 1314] A required privilege is not held by the client: 'libssh2.so.1.0.1' -> 'C:\\Users\\Acer\\AppData\\Local\\Temp\\scanner_fs_i4qzc315\\rootfs\\usr\\lib\\x86_64-linux-gnu\\libssh2.so.1'
2026-08-23T18:24:58+0530 WARNING container_scanner Skipping symlink usr/lib/x86_64-linux-gnu/libtasn1.so.6 -> libtasn1.so.6.6.4: [WinError 1314] A required privilege is not held by the client: 'libtasn1.so.6.6.4' -> 'C:\\Users\\Acer\\AppData\\Local\\Temp\\scanner_fs_i4qzc315\\rootfs\\usr\\lib\\x86_64-linux-gnu\\libtasn1.so.6'
2026-08-23T18:24:58+0530 WARNING container_scanner Skipping symlink usr/lib/x86_64-linux-gnu/libtiff.so.6 -> libtiff.so.6.1.0: [WinError 1314] A required privilege is not held by the client: 'libtiff.so.6.1.0' -> 'C:\\Users\\Acer\\AppData\\Local\\Temp\\scanner_fs_i4qzc315\\rootfs\\usr\\lib\\x86_64-linux-gnu\\libtiff.so.6'
2026-08-23T18:24:58+0530 WARNING container_scanner Skipping symlink usr/lib/x86_64-linux-gnu/libunistring.so.5 -> libunistring.so.5.2.0: [WinError 1314] A required privilege is not held by the client: 'libunistring.so.5.2.0' -> 'C:\\Users\\Acer\\AppData\\Local\\Temp\\scanner_fs_i4qzc315\\rootfs\\usr\\lib\\x86_64-linux-gnu\\libunistring.so.5'
2026-08-23T18:24:58+0530 WARNING container_scanner Skipping symlink usr/lib/x86_64-linux-gnu/libwebp.so.7 -> libwebp.so.7.1.10: [WinError 1314] A required privilege is not held by the client: 'libwebp.so.7.1.10' -> 'C:\\Users\\Acer\\AppData\\Local\\Temp\\scanner_fs_i4qzc315\\rootfs\\usr\\lib\\x86_64-linux-gnu\\libwebp.so.7'
2026-08-23T18:24:58+0530 WARNING container_scanner Skipping symlink usr/lib/x86_64-linux-gnu/libxcb.so.1 -> libxcb.so.1.1.0: [WinError 1314] A required privilege is not held by the client: 'libxcb.so.1.1.0' -> 'C:\\Users\\Acer\\AppData\\Local\\Temp\\scanner_fs_i4qzc315\\rootfs\\usr\\lib\\x86_64-linux-gnu\\libxcb.so.1'
2026-08-23T18:24:58+0530 WARNING container_scanner Skipping symlink usr/lib/x86_64-linux-gnu/libxml2.so.2 -> libxml2.so.2.9.14: [WinError 1314] A required privilege is not held by the client: 'libxml2.so.2.9.14' -> 'C:\\Users\\Acer\\AppData\\Local\\Temp\\scanner_fs_i4qzc315\\rootfs\\usr\\lib\\x86_64-linux-gnu\\libxml2.so.2'
2026-08-23T18:24:58+0530 WARNING container_scanner Skipping symlink usr/lib/x86_64-linux-gnu/libxslt.so.1 -> libxslt.so.1.1.35: [WinError 1314] A required privilege is not held by the client: 'libxslt.so.1.1.35' -> 'C:\\Users\\Acer\\AppData\\Local\\Temp\\scanner_fs_i4qzc315\\rootfs\\usr\\lib\\x86_64-linux-gnu\\libxslt.so.1'
2026-08-23T18:24:58+0530 WARNING container_scanner Skipping symlink usr/lib/x86_64-linux-gnu/libyuv.so.0 -> libyuv.so.0.0.1904: [WinError 1314] A required privilege is not held by the client: 'libyuv.so.0.0.1904' -> 'C:\\Users\\Acer\\AppData\\Local\\Temp\\scanner_fs_i4qzc315\\rootfs\\usr\\lib\\x86_64-linux-gnu\\libyuv.so.0'
2026-08-23T18:24:58+0530 WARNING container_scanner Skipping symlink usr/lib/x86_64-linux-gnu/sasl2/libsasldb.so -> libsasldb.so.2.0.25: [WinError 1314] A required privilege is not held by the client: 'libsasldb.so.2.0.25' -> 'C:\\Users\\Acer\\AppData\\Local\\Temp\\scanner_fs_i4qzc315\\rootfs\\usr\\lib\\x86_64-linux-gnu\\sasl2\\libsasldb.so'
2026-08-23T18:24:58+0530 WARNING container_scanner Skipping symlink usr/lib/x86_64-linux-gnu/sasl2/libsasldb.so.2 -> libsasldb.so.2.0.25: [WinError 1314] A required privilege is not held by the client: 'libsasldb.so.2.0.25' -> 'C:\\Users\\Acer\\AppData\\Local\\Temp\\scanner_fs_i4qzc315\\rootfs\\usr\\lib\\x86_64-linux-gnu\\sasl2\\libsasldb.so.2'
2026-08-23T18:24:59+0530 WARNING container_scanner Skipping symlink usr/share/doc/libgomp1 -> gcc-14-base: [WinError 1314] A required privilege is not held by the client: 'gcc-14-base' -> 'C:\\Users\\Acer\\AppData\\Local\\Temp\\scanner_fs_i4qzc315\\rootfs\\usr\\share\\doc\\libgomp1'
2026-08-23T18:24:59+0530 WARNING container_scanner Skipping symlink usr/share/doc/libxml2/NEWS.gz -> changelog.gz: [WinError 1314] A required privilege is not held by the client: 'changelog.gz' -> 'C:\\Users\\Acer\\AppData\\Local\\Temp\\scanner_fs_i4qzc315\\rootfs\\usr\\share\\doc\\libxml2\\NEWS.gz'
2026-08-23T18:24:59+0530 WARNING container_scanner Skipping symlink usr/share/java/libintl.jar -> libintl-0.23.1.jar: [WinError 1314] A required privilege is not held by the client: 'libintl-0.23.1.jar' -> 'C:\\Users\\Acer\\AppData\\Local\\Temp\\scanner_fs_i4qzc315\\rootfs\\usr\\share\\java\\libintl.jar'
2026-08-23T18:24:59+0530 WARNING container_scanner Skipping unsafe symlink usr/share/maven-repo/org/gnu/gettext/libintl/0.23.1/libintl-0.23.1.jar -> ../../../../../../java/libintl-0.23.1.jar
2026-08-23T18:24:59+0530 WARNING container_scanner Skipping unsafe symlink usr/share/maven-repo/org/gnu/gettext/libintl/debian/libintl-debian.jar -> ../../../../../../java/libintl-0.23.1.jar
2026-08-23T18:25:00+0530 WARNING container_scanner Skipping symlink var/log/nginx/access.log -> /dev/stdout: [WinError 1314] A required privilege is not held by the client: '../../../dev/stdout' -> 'C:\\Users\\Acer\\AppData\\Local\\Temp\\scanner_fs_i4qzc315\\rootfs\\var\\log\\nginx\\access.log'
2026-08-23T18:25:00+0530 WARNING container_scanner Skipping symlink var/log/nginx/error.log -> /dev/stderr: [WinError 1314] A required privilege is not held by the client: '../../../dev/stderr' -> 'C:\\Users\\Acer\\AppData\\Local\\Temp\\scanner_fs_i4qzc315\\rootfs\\var\\log\\nginx\\error.log'
2026-08-23T18:25:00+0530 INFO container_scanner Downloading layer sha256:5508f643...
2026-08-23T18:25:01+0530 INFO container_scanner Extracting 5508f6432d3e4a769c2d9b80749ad50e86f8193d7717e54396d05d1a17b587cf.tar.gz
2026-08-23T18:25:01+0530 INFO container_scanner Downloading layer sha256:5d480233...
2026-08-23T18:25:01+0530 INFO container_scanner Extracting 5d480233f531dc4a1034a4c6ecd3a4e9075aaee812b6be93159b0db4e397b1ab.tar.gz
2026-08-23T18:25:01+0530 INFO container_scanner Downloading layer sha256:f530c3e4...
2026-08-23T18:25:01+0530 INFO container_scanner Extracting f530c3e421fca98fcd8708cc47151916056adc55548deeb5dcd04af38e4b57cf.tar.gz
2026-08-23T18:25:01+0530 INFO container_scanner Downloading layer sha256:128fcc7b...
2026-08-23T18:25:01+0530 INFO container_scanner Extracting 128fcc7b23b0790468195111c98e3300a0d57267108085d886be27b6f48f32a8.tar.gz
2026-08-23T18:25:02+0530 INFO container_scanner Downloading layer sha256:7eb55399...
2026-08-23T18:25:02+0530 INFO container_scanner Extracting 7eb55399d6dea18b22c5aa592fdb03daf75a95cbc4a229acdcfa6ca95cf54fd8.tar.gz
2026-08-23T18:25:02+0530 INFO container_scanner Registry ingestion complete; root filesystem is C:\Users\Acer\AppData\Local\Temp\scanner_fs_i4qzc315\rootfs
2026-08-23T18:25:02+0530 INFO container_scanner Starting discovery on C:\Users\Acer\AppData\Local\Temp\scanner_fs_i4qzc315\rootfs
2026-08-23T18:25:02+0530 INFO container_scanner Discovery complete; found 151 packages
2026-08-23T18:25:02+0530 INFO container_scanner Starting vulnerability matching
2026-08-23T18:25:37+0530 WARNING container_scanner Upstream lookup unavailable for hostname: NVD returned HTTP 429
2026-08-23T18:25:41+0530 WARNING container_scanner Upstream lookup unavailable for init-system-helpers: NVD returned HTTP 429
2026-08-23T18:25:46+0530 WARNING container_scanner Upstream lookup unavailable for libabsl20240722: NVD returned HTTP 429
2026-08-23T18:25:50+0530 WARNING container_scanner Upstream lookup unavailable for libacl1: NVD returned HTTP 429
2026-08-23T18:25:55+0530 WARNING container_scanner Upstream lookup unavailable for libaom3: NVD returned HTTP 429
2026-08-23T18:26:04+0530 WARNING container_scanner Upstream lookup unavailable for libattr1: NVD returned HTTP 429
2026-08-23T18:26:10+0530 WARNING container_scanner Upstream lookup unavailable for libaudit1: NVD returned HTTP 429
2026-08-23T18:26:16+0530 WARNING container_scanner Upstream lookup unavailable for libblkid1: NVD returned HTTP 429
2026-08-23T18:26:22+0530 WARNING container_scanner Upstream lookup unavailable for libbsd0: NVD returned HTTP 429
2026-08-23T18:26:28+0530 WARNING container_scanner Upstream lookup unavailable for libc-bin: NVD returned HTTP 429
2026-08-23T18:26:35+0530 WARNING container_scanner Upstream lookup unavailable for libcap-ng0: NVD returned HTTP 429
2026-08-23T18:26:41+0530 WARNING container_scanner Upstream lookup unavailable for libcrypt1: NVD returned HTTP 429
2026-08-23T18:26:46+0530 WARNING container_scanner Upstream lookup unavailable for libdav1d7: NVD returned HTTP 429
2026-08-23T18:26:53+0530 WARNING container_scanner Upstream lookup unavailable for libde265-0: NVD returned HTTP 429
2026-08-23T18:26:58+0530 WARNING container_scanner Upstream lookup unavailable for libdeflate0: NVD returned HTTP 429
2026-08-23T18:27:05+0530 WARNING container_scanner Upstream lookup unavailable for libexpat1: NVD returned HTTP 429
2026-08-23T18:27:10+0530 WARNING container_scanner Upstream lookup unavailable for libfontconfig1: NVD returned HTTP 429
2026-08-23T18:27:17+0530 WARNING container_scanner Upstream lookup unavailable for libgav1-1: NVD returned HTTP 429
2026-08-23T18:27:28+0530 WARNING container_scanner Upstream lookup unavailable for libgeoip1t64: NVD returned HTTP 429
2026-08-23T18:27:34+0530 WARNING container_scanner Upstream lookup unavailable for libgnutls30t64: NVD returned HTTP 429
2026-08-23T18:27:40+0530 WARNING container_scanner Upstream lookup unavailable for libgpg-error0: NVD returned HTTP 429
2026-08-23T18:27:46+0530 WARNING container_scanner Upstream lookup unavailable for libheif-plugin-dav1d: NVD returned HTTP 429
2026-08-23T18:27:52+0530 WARNING container_scanner Upstream lookup unavailable for libheif1: NVD returned HTTP 429
2026-08-23T18:27:59+0530 WARNING container_scanner Upstream lookup unavailable for libimagequant0: NVD returned HTTP 429
2026-08-23T18:28:04+0530 WARNING container_scanner Upstream lookup unavailable for libjpeg62-turbo: NVD returned HTTP 429
2026-08-23T18:28:10+0530 WARNING container_scanner Upstream lookup unavailable for libkeyutils1: NVD returned HTTP 429
2026-08-23T18:28:17+0530 WARNING container_scanner Upstream lookup unavailable for libkrb5support0: NVD returned HTTP 429
2026-08-23T18:28:22+0530 WARNING container_scanner Upstream lookup unavailable for libldap2: NVD returned HTTP 429
2026-08-23T18:28:29+0530 WARNING container_scanner Upstream lookup unavailable for liblz4-1: NVD returned HTTP 429
2026-08-23T18:28:34+0530 WARNING container_scanner Upstream lookup unavailable for libmd0: NVD returned HTTP 429
2026-08-23T18:28:41+0530 WARNING container_scanner Upstream lookup unavailable for libnettle8t64: NVD returned HTTP 429
2026-08-23T18:28:46+0530 WARNING container_scanner Upstream lookup unavailable for libnghttp3-9: NVD returned HTTP 429
2026-08-23T18:28:53+0530 WARNING container_scanner Upstream lookup unavailable for libpam-modules: NVD returned HTTP 429
2026-08-23T18:28:58+0530 WARNING container_scanner Upstream lookup unavailable for libpam-runtime: NVD returned HTTP 429
2026-08-23T18:29:04+0530 WARNING container_scanner Upstream lookup unavailable for libpcre2-8-0: NVD returned HTTP 429
2026-08-23T18:29:11+0530 WARNING container_scanner Upstream lookup unavailable for libpsl5t64: NVD returned HTTP 429
2026-08-23T18:29:16+0530 WARNING container_scanner Upstream lookup unavailable for librtmp1: NVD returned HTTP 429
2026-08-23T18:29:23+0530 WARNING container_scanner Upstream lookup unavailable for libsasl2-modules-db: NVD returned HTTP 429
2026-08-23T18:29:28+0530 WARNING container_scanner Upstream lookup unavailable for libselinux1: NVD returned HTTP 429
2026-08-23T18:29:35+0530 WARNING container_scanner Upstream lookup unavailable for libsemanage2: NVD returned HTTP 429
2026-08-23T18:29:40+0530 WARNING container_scanner Upstream lookup unavailable for libsharpyuv0: NVD returned HTTP 429
2026-08-23T18:29:47+0530 WARNING container_scanner Upstream lookup unavailable for libsqlite3-0: NVD returned HTTP 429
2026-08-23T18:29:52+0530 WARNING container_scanner Upstream lookup unavailable for libssl3t64: NVD returned HTTP 429
2026-08-23T18:29:59+0530 WARNING container_scanner Upstream lookup unavailable for libsvtav1enc2: NVD returned HTTP 429
2026-08-23T18:30:11+0530 WARNING container_scanner Upstream lookup unavailable for libtinfo6: NVD returned HTTP 429
2026-08-23T18:30:16+0530 WARNING container_scanner Upstream lookup unavailable for libunistring5: NVD returned HTTP 429
2026-08-23T18:30:22+0530 WARNING container_scanner Upstream lookup unavailable for libwebp7: NVD returned HTTP 429
2026-08-23T18:30:28+0530 WARNING container_scanner Upstream lookup unavailable for libx11-data: NVD returned HTTP 429
2026-08-23T18:30:34+0530 WARNING container_scanner Upstream lookup unavailable for libxcb1: NVD returned HTTP 429
2026-08-23T18:30:52+0530 WARNING container_scanner Upstream lookup unavailable for libxxhash0: NVD returned HTTP 429
2026-08-23T18:30:58+0530 WARNING container_scanner Upstream lookup unavailable for libzstd1: NVD returned HTTP 429
2026-08-23T18:31:05+0530 WARNING container_scanner Upstream lookup unavailable for login.defs: NVD returned HTTP 429
2026-08-23T18:31:10+0530 WARNING container_scanner Upstream lookup unavailable for mount: NVD returned HTTP 429
2026-08-23T18:31:17+0530 WARNING container_scanner Upstream lookup unavailable for ncurses-bin: NVD returned HTTP 429
2026-08-23T18:31:34+0530 WARNING container_scanner Upstream lookup unavailable for nginx-module-njs: NVD returned HTTP 429
2026-08-23T18:31:52+0530 WARNING container_scanner Upstream lookup unavailable for perl-base: NVD returned HTTP 429
2026-08-23T18:31:58+0530 WARNING container_scanner Upstream lookup unavailable for sysvinit-utils: NVD returned HTTP 429
2026-08-23T18:32:02+0530 INFO container_scanner Matching complete; found 109 vulnerabilities
2026-08-23T18:32:02+0530 INFO container_scanner JSON report saved to scan_results.json
2026-08-23T18:32:02+0530 INFO container_scanner Generating PDF report at scan_results.pdf
2026-08-23T18:32:04+0530 INFO container_scanner PDF report saved to scan_results.pdf
2026-08-23T18:32:06+0530 DEBUG container_scanner Removed temporary scanner directory C:\Users\Acer\AppData\Local\Temp\scanner_fs_i4qzc315
2026-08-23T18:40:25+0530 WARNING container_scanner Skipping corrupted npm lockfile C:\Users\Acer\AppData\Local\Temp\pytest-of-Acer\pytest-10\test_parse_corrupted_npm_lockf0\package-lock.json: Expecting property name enclosed in double quotes: line 1 column 2 (char 1)
2026-08-23T18:40:25+0530 INFO container_scanner Starting discovery on C:\Users\Acer\AppData\Local\Temp\pytest-of-Acer\pytest-10\test_discovery_manager_generat0\rootfs
2026-08-23T18:40:25+0530 INFO container_scanner Discovery complete; found 1 packages
2026-08-23T18:40:25+0530 INFO container_scanner Extracting layer.tar.gz
2026-08-23T18:40:25+0530 WARNING container_scanner Skipping symlink etc/alternatives/awk -> /usr/bin/mawk: [WinError 1314] A required privilege is not held by the client: '../../usr/bin/mawk' -> 'C:\\Users\\Acer\\AppData\\Local\\Temp\\pytest-of-Acer\\pytest-10\\test_extractor_handles_absolut0\\rootfs\\etc\\alternatives\\awk'
